epoch,step,test_MAE,test_R2,test_RMSE,test_loss,train_MAE,train_R2,train_RMSE,train_loss,val_MAE,val_R2,val_RMSE,val_loss
0,49,,,,,0.12386739253997803,0.05450338125228882,0.1797068566083908,0.03229455649852753,,,,
0,99,,,,,0.10849371552467346,0.5141792297363281,0.1565968543291092,0.024522576481103897,,,,
0,149,,,,,0.11764076352119446,0.1759611964225769,0.19944746792316437,0.039779290556907654,,,,
0,199,,,,,0.11233273148536682,0.41122573614120483,0.16806836426258087,0.02824697270989418,,,,
0,249,,,,,0.12103357911109924,0.40292930603027344,0.21884673833847046,0.04789389669895172,,,,
0,299,,,,,0.10304319113492966,0.30462199449539185,0.15335842967033386,0.02351881004869938,,,,
0,349,,,,,0.10588040947914124,0.5077685117721558,0.17141063511371613,0.029381606727838516,,,,
0,399,,,,,0.07944821566343307,0.7631510496139526,0.10924027115106583,0.011933436617255211,,,,
0,449,,,,,0.09607955068349838,0.46303266286849976,0.1708037257194519,0.029173914343118668,,,,
0,490,,,,,,,,,0.09065381437540054,0.5180346965789795,0.15172210335731506,0.023660603910684586
1,499,,,,,0.10748983174562454,0.3036728501319885,0.19339294731616974,0.03740083426237106,,,,
1,549,,,,,0.0933057963848114,0.40980440378189087,0.1579696238040924,0.024954402819275856,,,,
1,599,,,,,0.09953851252794266,0.4029594659805298,0.17698606848716736,0.03132406622171402,,,,
1,649,,,,,0.09593398869037628,0.4918310046195984,0.13405197858810425,0.01796993426978588,,,,
1,699,,,,,0.08283070474863052,0.5903699398040771,0.1314898580312729,0.017289582639932632,,,,
1,749,,,,,0.0849122554063797,0.6198225021362305,0.11885717511177063,0.014127028174698353,,,,
1,799,,,,,0.10443054139614105,0.38406115770339966,0.186772882938385,0.03488411009311676,,,,
1,849,,,,,0.08921980112791061,0.43152111768722534,0.154959574341774,0.02401246875524521,,,,
1,899,,,,,0.09656746685504913,0.48876887559890747,0.14577656984329224,0.021250810474157333,,,,
1,949,,,,,0.08336775004863739,0.5324410200119019,0.12414709478616714,0.015412501990795135,,,,
1,981,,,,,,,,,0.0838741883635521,0.5491337776184082,0.14662744104862213,0.022216826677322388
2,999,,,,,0.08106672763824463,0.6651508212089539,0.12546753883361816,0.01574210450053215,,,,
2,1049,,,,,0.1050795167684555,0.49568885564804077,0.19015346467494965,0.03615833818912506,,,,
2,1099,,,,,0.08561281114816666,0.5819703936576843,0.15395411849021912,0.023701872676610947,,,,
2,1149,,,,,0.08548424392938614,0.48356908559799194,0.16001085937023163,0.02560347691178322,,,,
2,1199,,,,,0.08850881457328796,0.5583480596542358,0.1467771977186203,0.02154354378581047,,,,
2,1249,,,,,0.09791025519371033,0.4923425316810608,0.194670170545578,0.037896476686000824,,,,
2,1299,,,,,0.08659176528453827,0.4661749005317688,0.1462353616952896,0.02138477936387062,,,,
2,1349,,,,,0.09280437976121902,0.4185483455657959,0.156830832362175,0.02459590882062912,,,,
2,1399,,,,,0.08146965503692627,0.6436991095542908,0.14230473339557648,0.02025063894689083,,,,
2,1449,,,,,0.08740106225013733,0.5948667526245117,0.13343726098537445,0.01780550368130207,,,,
2,1472,,,,,,,,,0.0848625898361206,0.5506483912467957,0.14626264572143555,0.022049780935049057
3,1499,,,,,0.10142466425895691,0.08302414417266846,0.16143901646137238,0.026062555611133575,,,,
3,1549,,,,,0.0895172506570816,0.4674258232116699,0.13521486520767212,0.01828305795788765,,,,
3,1599,,,,,0.0907474160194397,0.5490311980247498,0.1610124260187149,0.02592499926686287,,,,
3,1649,,,,,0.08108680695295334,0.7418289184570312,0.13010920584201813,0.016928404569625854,,,,
3,1699,,,,,0.09289006888866425,0.6110444068908691,0.1684269905090332,0.028367653489112854,,,,
3,1749,,,,,0.08506570756435394,0.6539144515991211,0.1501622498035431,0.022548701614141464,,,,
3,1799,,,,,0.07001379132270813,0.6275173425674438,0.10213603079319,0.010431768372654915,,,,
3,1849,,,,,0.08801141381263733,0.5110595226287842,0.1476319134235382,0.021795179694890976,,,,
3,1899,,,,,0.08027710765600204,0.7547557353973389,0.12691734731197357,0.016108013689517975,,,,
3,1949,,,,,0.08674527704715729,0.41595542430877686,0.18378084897994995,0.03377540037035942,,,,
3,1963,,,,,,,,,0.08314190804958344,0.5474554300308228,0.14664152264595032,0.02220821939408779
4,1999,,,,,0.08504544943571091,0.5955706834793091,0.14716166257858276,0.02165655419230461,,,,
4,2049,,,,,0.09061386436223984,0.6343748569488525,0.14320947229862213,0.02050895430147648,,,,
4,2099,,,,,0.08787717670202255,0.6197767853736877,0.15281756222248077,0.023353207856416702,,,,
4,2149,,,,,0.09296998381614685,0.4017246961593628,0.19743900001049042,0.03898216038942337,,,,
4,2199,,,,,0.09424132108688354,0.3777291774749756,0.17117798328399658,0.029301900416612625,,,,
4,2249,,,,,0.07838022708892822,0.537501871585846,0.11571190506219864,0.013389244675636292,,,,
4,2299,,,,,0.10007302463054657,0.42490482330322266,0.16632312536239624,0.027663379907608032,,,,
4,2349,,,,,0.08331748843193054,0.38663268089294434,0.11563277244567871,0.01337093859910965,,,,
4,2399,,,,,0.08477076143026352,0.35875773429870605,0.15582455694675446,0.024281291291117668,,,,
4,2449,,,,,0.07682933658361435,0.7420581579208374,0.12897981703281403,0.016635794192552567,,,,
4,2454,,,,,,,,,0.0813867375254631,0.5685573220252991,0.14329533278942108,0.021226350218057632
5,2499,,,,,0.0816287100315094,0.5034739375114441,0.1441805064678192,0.02078801766037941,,,,
5,2549,,,,,0.09267306327819824,0.2139037847518921,0.1679755449295044,0.028215782716870308,,,,
5,2599,,,,,0.07785668224096298,0.4343559145927429,0.11891483515501022,0.014140738174319267,,,,
5,2649,,,,,0.07062949240207672,0.7193089723587036,0.11118926852941513,0.012363052926957607,,,,
5,2699,,,,,0.09725217521190643,0.5245330929756165,0.19005461037158966,0.03612075746059418,,,,
5,2749,,,,,0.08189934492111206,0.612429678440094,0.15271590650081635,0.023322148248553276,,,,
5,2799,,,,,0.07756005227565765,0.6618824005126953,0.10825420916080475,0.011718973517417908,,,,
5,2849,,,,,0.08770808577537537,0.4922100305557251,0.1781211793422699,0.031727153807878494,,,,
5,2899,,,,,0.0841498151421547,0.5387385487556458,0.16012778878211975,0.025640908628702164,,,,
5,2945,,,,,,,,,0.07745818048715591,0.5800051093101501,0.141243577003479,0.02068370208144188
6,2949,,,,,0.07415908575057983,0.5702476501464844,0.1481831669807434,0.021958252415060997,,,,
6,2999,,,,,0.07285131514072418,0.7407459020614624,0.11428338289260864,0.013060690835118294,,,,
6,3049,,,,,0.07255210727453232,0.6077938079833984,0.13493555784225464,0.018207605928182602,,,,
6,3099,,,,,0.07442794740200043,0.7114886045455933,0.11646939069032669,0.013565119355916977,,,,
6,3149,,,,,0.08942519873380661,0.5655221939086914,0.15174183249473572,0.02302558533847332,,,,
6,3199,,,,,0.07943104952573776,0.752769410610199,0.126725971698761,0.016059473156929016,,,,
6,3249,,,,,0.08103179931640625,0.6617453098297119,0.14802812039852142,0.02191232517361641,,,,
6,3299,,,,,0.07787200808525085,0.719107985496521,0.13202588260173798,0.017430834472179413,,,,
6,3349,,,,,0.07963453978300095,0.5241739749908447,0.15207602083683014,0.02312711626291275,,,,
6,3399,,,,,0.0759153813123703,0.7026618719100952,0.1135387122631073,0.012891039252281189,,,,
6,3436,,,,,,,,,0.07851515710353851,0.5792221426963806,0.14173145592212677,0.0208296962082386
7,3449,,,,,0.0822262167930603,0.7270726561546326,0.1463296264410019,0.021412361413240433,,,,
7,3499,,,,,0.08169950544834137,0.6471891403198242,0.12025681138038635,0.014461699873209,,,,
7,3549,,,,,0.09247530251741409,0.5554018020629883,0.17910732328891754,0.032079435884952545,,,,
7,3599,,,,,0.08420330286026001,0.2268548607826233,0.17420774698257446,0.030348338186740875,,,,
7,3649,,,,,0.07186317443847656,0.6345701217651367,0.11561859399080276,0.013367658481001854,,,,
7,3699,,,,,0.07924759387969971,0.6596685647964478,0.12767533957958221,0.0163009911775589,,,,
7,3749,,,,,0.0893653929233551,0.492103636264801,0.15955032408237457,0.025456305593252182,,,,
7,3799,,,,,0.08334014564752579,0.5105195045471191,0.16681160032749176,0.027826109901070595,,,,
7,3849,,,,,0.09683637320995331,0.5686838626861572,0.17330610752105713,0.030035007745027542,,,,
7,3899,,,,,0.08426660299301147,0.6041192412376404,0.1501101851463318,0.02253306657075882,,,,
7,3927,,,,,,,,,0.07954639941453934,0.5869826078414917,0.14008769392967224,0.020350536331534386
8,3949,,,,,0.07562783360481262,0.6497138142585754,0.11334630846977234,0.012847386300563812,,,,
8,3999,,,,,0.07451912760734558,0.6954609751701355,0.13248100876808167,0.01755121722817421,,,,
8,4049,,,,,0.08232545107603073,0.577979326248169,0.17358243465423584,0.030130863189697266,,,,
8,4099,,,,,0.09135298430919647,0.41733086109161377,0.20086736977100372,0.04034770280122757,,,,
8,4149,,,,,0.08573299646377563,0.6032642126083374,0.16835367679595947,0.02834295853972435,,,,
8,4199,,,,,0.07692918181419373,0.7833510637283325,0.1236601173877716,0.01529182493686676,,,,
8,4249,,,,,0.08779017627239227,0.536733865737915,0.14813175797462463,0.021943015977740288,,,,
8,4299,,,,,0.07464741170406342,0.5913605690002441,0.10677453875541687,0.011400802060961723,,,,
8,4349,,,,,0.0711965411901474,0.8220128417015076,0.10010896623134613,0.010021804831922054,,,,
8,4399,,,,,0.07282879948616028,0.6955292224884033,0.1237277239561081,0.015308549627661705,,,,
8,4418,,,,,,,,,0.07333512604236603,0.5946900844573975,0.13866645097732544,0.020111218094825745
9,4449,,,,,0.09338022023439407,0.5362551212310791,0.18199416995048523,0.033121876418590546,,,,
9,4499,,,,,0.08782695233821869,0.5042350888252258,0.19644980132579803,0.03859252482652664,,,,
9,4549,,,,,0.08066993951797485,0.6379035711288452,0.1340177208185196,0.017960751429200172,,,,
9,4599,,,,,0.06942637264728546,0.7796248197555542,0.11098175495862961,0.012316950596868992,,,,
9,4649,,,,,0.07565218210220337,0.6751278638839722,0.13846218585968018,0.01917177625000477,,,,
9,4699,,,,,0.09748499095439911,0.4908350706100464,0.18759942054748535,0.035193540155887604,,,,
9,4749,,,,,0.07609879970550537,0.5069388151168823,0.15074008703231812,0.022722575813531876,,,,
9,4799,,,,,0.0717126876115799,0.5926157236099243,0.12453276664018631,0.015508409589529037,,,,
9,4849,,,,,0.08136728405952454,0.580872654914856,0.1461857110261917,0.021370261907577515,,,,
9,4899,,,,,0.08273175358772278,0.39964741468429565,0.16192099452018738,0.026218406856060028,,,,
9,4909,,,,,,,,,0.07734500616788864,0.5929856300354004,0.13906879723072052,0.020060144364833832
10,4949,,,,,0.08532239496707916,0.5629922151565552,0.15206006169319153,0.023122262209653854,,,,
10,4999,,,,,0.09035778790712357,0.23951691389083862,0.14887163043022156,0.02216276340186596,,,,
10,5049,,,,,0.07748676836490631,0.7209197282791138,0.12179090827703476,0.014833024702966213,,,,
10,5099,,,,,0.06900832056999207,0.7812931537628174,0.10060226917266846,0.01012081652879715,,,,
10,5149,,,,,0.06463370472192764,0.7075824737548828,0.09059201180934906,0.008206913247704506,,,,
10,5199,,,,,0.09188799560070038,0.48836493492126465,0.15725703537464142,0.02472977712750435,,,,
10,5249,,,,,0.08427094668149948,0.5694301128387451,0.1612117737531662,0.025989236310124397,,,,
10,5299,,,,,0.09283066540956497,0.3605179786682129,0.18129640817642212,0.032868385314941406,,,,
10,5349,,,,,0.08667071163654327,0.5592485666275024,0.15795695781707764,0.024950401857495308,,,,
10,5399,,,,,0.0698244646191597,0.668233335018158,0.15834031999111176,0.025071656331419945,,,,
10,5400,,,,,,,,,0.07398387789726257,0.6045016050338745,0.13705852627754211,0.01957663521170616
11,5449,,,,,0.06831754744052887,0.8041820526123047,0.10150359570980072,0.010302979499101639,,,,
11,5499,,,,,0.08753130584955215,0.45769500732421875,0.15584179759025574,0.0242866650223732,,,,
11,5549,,,,,0.08907552063465118,0.6016564965248108,0.17963404953479767,0.03226839378476143,,,,
11,5599,,,,,0.0816500186920166,0.5716230869293213,0.1478254348039627,0.021852359175682068,,,,
11,5649,,,,,0.08608148992061615,0.4834213852882385,0.1690143197774887,0.028565838932991028,,,,
11,5699,,,,,0.08895228803157806,0.6084939241409302,0.14978379011154175,0.022435184568166733,,,,
11,5749,,,,,0.07326047867536545,0.6936879754066467,0.1150171086192131,0.01322893612086773,,,,
11,5799,,,,,0.07361148297786713,0.6214566230773926,0.11523578315973282,0.013279285281896591,,,,
11,5849,,,,,0.086997389793396,0.4470784068107605,0.1820601224899292,0.03314588591456413,,,,
11,5891,,,,,,,,,0.07417593151330948,0.6000658869743347,0.1377623826265335,0.01981118507683277
12,5899,,,,,0.0786283016204834,0.6086612939834595,0.12575967609882355,0.01581549644470215,,,,
12,5949,,,,,0.07131556421518326,0.6594908237457275,0.11789417266845703,0.01389903575181961,,,,
12,5999,,,,,0.07580329477787018,0.5272314548492432,0.12912321090698242,0.016672804951667786,,,,
12,6049,,,,,0.07972557097673416,0.6173279881477356,0.12461108714342117,0.015527923591434956,,,,
12,6099,,,,,0.08811059594154358,0.5960138440132141,0.16296328604221344,0.026557033881545067,,,,
12,6149,,,,,0.07230685651302338,0.7748162150382996,0.12921907007694244,0.016697566956281662,,,,
12,6199,,,,,0.06320250779390335,0.8310697078704834,0.10704712569713593,0.011459087021648884,,,,
12,6249,,,,,0.0728306919336319,0.5942811965942383,0.10338718444108963,0.010688909329473972,,,,
12,6299,,,,,0.0825970247387886,0.6287829279899597,0.1700877845287323,0.028929855674505234,,,,
12,6349,,,,,0.08524742722511292,0.6020262241363525,0.15605497360229492,0.024353155866265297,,,,
12,6382,,,,,,,,,0.07746763527393341,0.5902673602104187,0.13924925029277802,0.020246053114533424
13,6399,,,,,0.07543538510799408,0.6152106523513794,0.10648785531520844,0.011339662596583366,,,,
13,6449,,,,,0.06584435701370239,0.7901734113693237,0.09700747579336166,0.009410450235009193,,,,
13,6499,,,,,0.0728217139840126,0.6743589043617249,0.15227490663528442,0.023187648504972458,,,,
13,6549,,,,,0.07580457627773285,0.6046332120895386,0.1459282785654068,0.021295061334967613,,,,
13,6599,,,,,0.09150334447622299,0.34515881538391113,0.17709705233573914,0.03136336803436279,,,,
13,6649,,,,,0.07750693708658218,0.6606554388999939,0.13854748010635376,0.019195403903722763,,,,
13,6699,,,,,0.06415992975234985,0.6886676549911499,0.12625880539417267,0.015941286459565163,,,,
13,6749,,,,,0.07723484933376312,0.6551991701126099,0.1471429318189621,0.021651044487953186,,,,
13,6799,,,,,0.08398601412773132,0.3536917567253113,0.150249645113945,0.022574957460165024,,,,
13,6849,,,,,0.07514787465333939,0.6587556004524231,0.1188417598605156,0.014123364351689816,,,,
13,6873,,,,,,,,,0.07004321366548538,0.6062487363815308,0.1367587149143219,0.01952790841460228
14,6899,,,,,0.07864068448543549,0.43924009799957275,0.13158676028251648,0.017315074801445007,,,,
14,6949,,,,,0.07387062907218933,0.5360493659973145,0.11780880391597748,0.013878914527595043,,,,
14,6999,,,,,0.09137801080942154,0.6899347901344299,0.1566692590713501,0.024545256048440933,,,,
14,7049,,,,,0.0995025709271431,0.3724954128265381,0.19751788675785065,0.03901331499218941,,,,
14,7099,,,,,0.0846472680568695,0.5333386659622192,0.16613136231899261,0.027599627152085304,,,,
14,7149,,,,,0.07191851735115051,0.5945528745651245,0.10357717424631119,0.010728230699896812,,,,
14,7199,,,,,0.0947941318154335,0.3867363929748535,0.2124922126531601,0.0451529435813427,,,,
14,7249,,,,,0.0814799815416336,0.6914952993392944,0.1231466606259346,0.015165099874138832,,,,
14,7299,,,,,0.08229082077741623,0.6499599814414978,0.14196641743183136,0.02015446498990059,,,,
14,7349,,,,,0.07522378116846085,0.5284426212310791,0.10550777614116669,0.0111318901181221,,,,
14,7364,,,,,,,,,0.07093092054128647,0.6101738214492798,0.13601838052272797,0.019284240901470184
15,7399,,,,,0.06692764908075333,0.6221143007278442,0.08786716312170029,0.007720638532191515,,,,
15,7449,,,,,0.072092205286026,0.8002486228942871,0.11794142425060272,0.013910179026424885,,,,
15,7499,,,,,0.08132772892713547,0.5085117816925049,0.17009678483009338,0.02893291786313057,,,,
15,7549,,,,,0.07999858260154724,0.47858649492263794,0.1447862833738327,0.020963069051504135,,,,
15,7599,,,,,0.0851927250623703,0.6070137023925781,0.16961848735809326,0.028770431876182556,,,,
15,7649,,,,,0.0801335945725441,0.47565001249313354,0.13047857582569122,0.017024658620357513,,,,
15,7699,,,,,0.08605724573135376,0.5809777975082397,0.13282552361488342,0.01764262095093727,,,,
15,7749,,,,,0.08594858646392822,0.5836467146873474,0.1573227047920227,0.02475043199956417,,,,
15,7799,,,,,0.07790164649486542,0.6362996697425842,0.16077366471290588,0.02584817260503769,,,,
15,7849,,,,,0.08016412705183029,0.5805387496948242,0.14770552515983582,0.021816924214363098,,,,
15,7855,,,,,,,,,0.07441461086273193,0.6156042218208313,0.13523194193840027,0.019081586971879005
16,7899,,,,,0.07406477630138397,0.6463449001312256,0.1015666052699089,0.010315775871276855,,,,
16,7949,,,,,0.0778762549161911,0.5829521417617798,0.1359640657901764,0.018486227840185165,,,,
16,7999,,,,,0.07042069733142853,0.663524329662323,0.11298828572034836,0.01276635192334652,,,,
16,8049,,,,,0.06796953082084656,0.7084417343139648,0.13597673177719116,0.018489671871066093,,,,
16,8099,,,,,0.0693240612745285,0.5759454369544983,0.10510849952697754,0.011047796346247196,,,,
16,8149,,,,,0.08055363595485687,0.4486948251724243,0.16691842675209045,0.027861759066581726,,,,
16,8199,,,,,0.07413426041603088,0.6538350582122803,0.1062028557062149,0.011279046535491943,,,,
16,8249,,,,,0.06609521061182022,0.8381900787353516,0.10738740116357803,0.011532053351402283,,,,
16,8299,,,,,0.08225846290588379,0.4198106527328491,0.15814678370952606,0.025010406970977783,,,,
16,8346,,,,,,,,,0.07355831563472748,0.6151891946792603,0.1353774517774582,0.019115203991532326
17,8349,,,,,0.07083722203969955,0.7391745448112488,0.11537007987499237,0.013310255482792854,,,,
17,8399,,,,,0.08635136485099792,0.4449341297149658,0.17287562787532806,0.02988598123192787,,,,
17,8449,,,,,0.07478462159633636,0.5892561674118042,0.12853148579597473,0.016520341858267784,,,,
17,8499,,,,,0.07567967474460602,0.7606065273284912,0.12528382241725922,0.01569603756070137,,,,
17,8549,,,,,0.06475269794464111,0.8146506547927856,0.09713810682296753,0.009435811080038548,,,,
17,8599,,,,,0.06527842581272125,0.7899021506309509,0.1066545844078064,0.011375200934708118,,,,
17,8649,,,,,0.09018027782440186,0.44288212060928345,0.19341151416301727,0.0374080128967762,,,,
17,8699,,,,,0.07123830914497375,0.7722213864326477,0.12337011098861694,0.01522018387913704,,,,
17,8749,,,,,0.09890015423297882,0.4051162600517273,0.22452843189239502,0.050413019955158234,,,,
17,8799,,,,,0.0724344328045845,0.6727135181427002,0.1601182073354721,0.02563784085214138,,,,
17,8837,,,,,,,,,0.07113995403051376,0.6198478937149048,0.13430659472942352,0.018915532156825066
18,8849,,,,,0.09959903359413147,0.5472729206085205,0.18530896306037903,0.03433941304683685,,,,
18,8899,,,,,0.0925380140542984,0.48039573431015015,0.1934419870376587,0.03741979971528053,,,,
18,8949,,,,,0.07067766785621643,0.6924406886100769,0.11761055141687393,0.013832241296768188,,,,
18,8999,,,,,0.0745629295706749,0.7720728516578674,0.1411905288696289,0.019934765994548798,,,,
18,9049,,,,,0.06629820168018341,0.7846527099609375,0.10340618342161179,0.010692838579416275,,,,
18,9099,,,,,0.07642994076013565,0.5448216795921326,0.13375818729400635,0.017891252413392067,,,,
18,9149,,,,,0.08809377253055573,0.6752620935440063,0.15105168521404266,0.02281660959124565,,,,
18,9199,,,,,0.0715930312871933,0.689805805683136,0.10544905066490173,0.011119501665234566,,,,
18,9249,,,,,0.07587689161300659,0.5882880687713623,0.11042407900094986,0.012193476781249046,,,,
18,9299,,,,,0.07856246829032898,0.43412864208221436,0.12978802621364594,0.01684493012726307,,,,
18,9328,,,,,,,,,0.07080750167369843,0.6188334822654724,0.13441327214241028,0.018897242844104767
19,9349,,,,,0.06445492804050446,0.836860179901123,0.10289283096790314,0.01058693416416645,,,,
19,9399,,,,,0.0763658881187439,0.6642636656761169,0.13754363358020782,0.018918251618742943,,,,
19,9449,,,,,0.08105316758155823,0.5321999192237854,0.177728533744812,0.03158743306994438,,,,
19,9499,,,,,0.07411660999059677,0.6844902038574219,0.1496511548757553,0.02239546738564968,,,,
19,9549,,,,,0.06970704346895218,0.7277222871780396,0.12213032692670822,0.014915816485881805,,,,
19,9599,,,,,0.07617272436618805,0.5151510238647461,0.1670791506767273,0.027915440499782562,,,,
19,9649,,,,,0.07354679703712463,0.5731481313705444,0.1478237807750702,0.02185187116265297,,,,
19,9699,,,,,0.06064484268426895,0.8226197361946106,0.09613071382045746,0.009241113439202309,,,,
19,9749,,,,,0.07656075805425644,0.6349011063575745,0.14329910278320312,0.020534630864858627,,,,
19,9799,,,,,0.07533897459506989,0.7142833471298218,0.12593549489974976,0.01585974730551243,,,,
19,9819,,,,,,,,,0.0708698257803917,0.6238473653793335,0.1336328238248825,0.01865294575691223
20,9849,,,,,0.07092471420764923,0.8154414296150208,0.112062469124794,0.01255799736827612,,,,
20,9899,,,,,0.0759158656001091,0.6074987649917603,0.15768194198608398,0.0248635932803154,,,,
20,9949,,,,,0.08193114399909973,0.5415416359901428,0.16608086228370667,0.02758285403251648,,,,
20,9999,,,,,0.06774002313613892,0.5781485438346863,0.11287905275821686,0.012741681188344955,,,,
20,10049,,,,,0.08206039667129517,0.612134575843811,0.1350298970937729,0.018233072012662888,,,,
20,10099,,,,,0.09428110718727112,0.2089524269104004,0.17915542423725128,0.03209666535258293,,,,
20,10149,,,,,0.0763937383890152,0.5813206434249878,0.1320522427558899,0.01743779331445694,,,,
20,10199,,,,,0.08998696506023407,0.40904396772384644,0.16012096405029297,0.025638721883296967,,,,
20,10249,,,,,0.07600352168083191,0.7427517175674438,0.13181401789188385,0.017374936491250992,,,,
20,10299,,,,,0.08060586452484131,0.4941391348838806,0.13404415547847748,0.017967836931347847,,,,
20,10310,,,,,,,,,0.07072874158620834,0.6260647773742676,0.13314509391784668,0.01856156438589096
21,10349,,,,,0.06851495802402496,0.7710367441177368,0.09983048588037491,0.009966126643121243,,,,
21,10399,,,,,0.06506214290857315,0.7407073974609375,0.09467502683401108,0.008963360451161861,,,,
21,10449,,,,,0.08037622272968292,0.679215669631958,0.12157998979091644,0.014781693927943707,,,,
21,10499,,,,,0.07362443208694458,0.3843304514884949,0.13123397529125214,0.01722235605120659,,,,
21,10549,,,,,0.07449151575565338,0.6296101808547974,0.13083234429359436,0.017117103561758995,,,,
21,10599,,,,,0.07575734704732895,0.6030521988868713,0.11070895195007324,0.012256472371518612,,,,
21,10649,,,,,0.0649300217628479,0.8422930240631104,0.09646741300821304,0.009305962361395359,,,,
21,10699,,,,,0.06569038331508636,0.7823022603988647,0.09904169291257858,0.009809257462620735,,,,
21,10749,,,,,0.06950324773788452,0.7169288396835327,0.09985252469778061,0.0099705271422863,,,,
21,10799,,,,,0.07262583076953888,0.5953015089035034,0.15353208780288696,0.023572104051709175,,,,
21,10801,,,,,,,,,0.06952923536300659,0.6275110244750977,0.1327338069677353,0.018478652462363243
22,10849,,,,,0.09910836815834045,0.5142834186553955,0.21744965016841888,0.04728434979915619,,,,
22,10899,,,,,0.0811609998345375,0.5019451379776001,0.16653543710708618,0.027734052389860153,,,,
22,10949,,,,,0.0805075541138649,0.6348762512207031,0.1775328814983368,0.03151792287826538,,,,
22,10999,,,,,0.06663011014461517,0.7479579448699951,0.12801246345043182,0.01638719066977501,,,,
22,11049,,,,,0.07216115295886993,0.49739110469818115,0.1336854100227356,0.017871789634227753,,,,
22,11099,,,,,0.07721477746963501,0.5924665927886963,0.15293949842453003,0.02339049056172371,,,,
22,11149,,,,,0.07079622894525528,0.6803994178771973,0.1136690080165863,0.012920644134283066,,,,
22,11199,,,,,0.07755453884601593,0.3458489775657654,0.1349838376045227,0.018220635131001472,,,,
22,11249,,,,,0.07582688331604004,0.6809196472167969,0.1454923450946808,0.021168023347854614,,,,
22,11292,,,,,,,,,0.07052303105592728,0.627936065196991,0.13286495208740234,0.01847386173903942
23,11299,,,,,0.05799087509512901,0.880234956741333,0.08556528389453888,0.007321417331695557,,,,
23,11349,,,,,0.07994866371154785,0.6745805740356445,0.15143807232379913,0.022933488711714745,,,,
23,11399,,,,,0.08835338056087494,0.5656062364578247,0.16784211993217468,0.028170976787805557,,,,
23,11449,,,,,0.06110726296901703,0.8021788597106934,0.09293859452009201,0.008637582883238792,,,,
23,11499,,,,,0.06789800524711609,0.7307227849960327,0.12979789078235626,0.01684749126434326,,,,
23,11549,,,,,0.06757543236017227,0.7696419954299927,0.11160598695278168,0.01245589554309845,,,,
23,11599,,,,,0.0714493989944458,0.7072352170944214,0.1199994832277298,0.0143998758867383,,,,
23,11649,,,,,0.07230178266763687,0.6986894607543945,0.12012957036495209,0.014431113377213478,,,,
23,11699,,,,,0.07997866719961166,0.7291626334190369,0.14720527827739716,0.02166939526796341,,,,
23,11749,,,,,0.0796271488070488,0.5758228302001953,0.15582796931266785,0.024282356724143028,,,,
23,11783,,,,,,,,,0.06811369955539703,0.6329547762870789,0.131877601146698,0.018251027911901474
24,11799,,,,,0.08225557208061218,0.4646075367927551,0.17844632267951965,0.03184308856725693,,,,
24,11849,,,,,0.07108771055936813,0.5965638756752014,0.12504513561725616,0.01563628762960434,,,,
24,11899,,,,,0.06206747889518738,0.8588178157806396,0.09271489083766937,0.00859605148434639,,,,
24,11949,,,,,0.07880271971225739,0.679892361164093,0.12630069255828857,0.015951866284012794,,,,
24,11999,,,,,0.08521299064159393,0.6544064283370972,0.15978123247623444,0.025530042126774788,,,,
24,12049,,,,,0.0773361474275589,0.7217203974723816,0.12002608925104141,0.014406262896955013,,,,
24,12099,,,,,0.08016564697027206,0.5962286591529846,0.1658150851726532,0.02749464102089405,,,,
24,12149,,,,,0.07804340124130249,0.6257843375205994,0.1467715948820114,0.0215418990701437,,,,
24,12199,,,,,0.07026210427284241,0.6712478995323181,0.10565692186355591,0.011163385584950447,,,,
24,12249,,,,,0.06734534353017807,0.7390847206115723,0.10604331642389297,0.011245185509324074,,,,
24,12274,,,,,,,,,0.06589139252901077,0.6318846940994263,0.1320793181657791,0.018295150250196457
25,12299,,,,,0.07325075566768646,0.593948483467102,0.13533809781074524,0.018316401168704033,,,,
25,12349,,,,,0.07656770944595337,0.6269059777259827,0.1374419629573822,0.018890293315052986,,,,
25,12399,,,,,0.08566554635763168,0.34567129611968994,0.18507681787014008,0.034253425896167755,,,,
25,12449,,,,,0.07613260298967361,0.6911073923110962,0.14118050038814545,0.019931934773921967,,,,
25,12499,,,,,0.07984311133623123,0.5593934655189514,0.13434547185897827,0.018048707395792007,,,,
25,12549,,,,,0.08109451830387115,0.43439263105392456,0.17572879791259766,0.030880611389875412,,,,
25,12599,,,,,0.08033294230699539,0.6101067662239075,0.17290066182613373,0.029894638806581497,,,,
25,12649,,,,,0.07567238807678223,0.5731302499771118,0.1360573023557663,0.018511591479182243,,,,
25,12699,,,,,0.0801006555557251,0.6344506740570068,0.1516895741224289,0.02300972491502762,,,,
25,12749,,,,,0.07647350430488586,0.514491856098175,0.13833433389663696,0.01913638785481453,,,,
25,12765,,,,,,,,,0.07038780301809311,0.6326950788497925,0.1321064680814743,0.018268927931785583
26,12799,,,,,0.08912491053342819,0.37984204292297363,0.21843628585338593,0.04771440848708153,,,,
26,12849,,,,,0.061245545744895935,0.8518991470336914,0.08549736440181732,0.007309799548238516,,,,
26,12899,,,,,0.07172945886850357,0.680269718170166,0.12858973443508148,0.01653531938791275,,,,
26,12949,,,,,0.06850911676883698,0.7685831785202026,0.11545601487159729,0.013330090790987015,,,,
26,12999,,,,,0.069225013256073,0.7403309941291809,0.12755908071994781,0.01627131924033165,,,,
26,13049,,,,,0.07093410193920135,0.760497510433197,0.10484545677900314,0.010992569848895073,,,,
26,13099,,,,,0.0812019556760788,0.4137316942214966,0.16340792179107666,0.026702148839831352,,,,
26,13149,,,,,0.08878936618566513,0.4286196827888489,0.19333940744400024,0.03738012537360191,,,,
26,13199,,,,,0.07261960208415985,0.787063717842102,0.11985659599304199,0.01436560321599245,,,,
26,13249,,,,,0.08232113718986511,0.5397683382034302,0.17010840773582458,0.028936872258782387,,,,
26,13256,,,,,,,,,0.06827791780233383,0.6344584822654724,0.1314055621623993,0.01816098764538765
27,13299,,,,,0.07475145906209946,0.6535784602165222,0.14238347113132477,0.020273052155971527,,,,
27,13349,,,,,0.07855206727981567,0.6071300506591797,0.1505579650402069,0.02266770228743553,,,,
27,13399,,,,,0.07128629833459854,0.6996791362762451,0.11338447779417038,0.01285604014992714,,,,
27,13449,,,,,0.07484198361635208,0.7318107485771179,0.13442721962928772,0.018070679157972336,,,,
27,13499,,,,,0.07642622292041779,0.6056457757949829,0.15861554443836212,0.025158891454339027,,,,
27,13549,,,,,0.07196833193302155,0.5685917139053345,0.14490778744220734,0.020998265594244003,,,,
27,13599,,,,,0.07552982866764069,0.7320965528488159,0.12696945667266846,0.016121244058012962,,,,
27,13649,,,,,0.08190961182117462,0.5673679113388062,0.15480078756809235,0.023963281884789467,,,,
27,13699,,,,,0.06893858313560486,0.7039502859115601,0.13747785985469818,0.01890016347169876,,,,
27,13747,,,,,,,,,0.06883888691663742,0.632844865322113,0.13190391659736633,0.01825086958706379
28,13749,,,,,0.07375867664813995,0.5885739326477051,0.12042538821697235,0.014502274803817272,,,,
28,13799,,,,,0.07978789508342743,0.5338743925094604,0.1824657917022705,0.03329376503825188,,,,
28,13849,,,,,0.07280638813972473,0.5852411985397339,0.13786913454532623,0.01900789886713028,,,,
28,13899,,,,,0.08006300032138824,0.4967072010040283,0.1603085845708847,0.025698844343423843,,,,
28,13949,,,,,0.07082276046276093,0.512988269329071,0.13868564367294312,0.01923370733857155,,,,
28,13999,,,,,0.07992736995220184,0.49490249156951904,0.16528451442718506,0.02731896936893463,,,,
28,14049,,,,,0.06574153900146484,0.7048301696777344,0.12098672986030579,0.014637788757681847,,,,
28,14099,,,,,0.0800885483622551,0.6160411238670349,0.162810817360878,0.026507364585995674,,,,
28,14149,,,,,0.07365989685058594,0.5016215443611145,0.11364271491765976,0.012914666905999184,,,,
28,14199,,,,,0.08486668020486832,0.5885164141654968,0.18425562977790833,0.03395013511180878,,,,
28,14238,,,,,,,,,0.06917723268270493,0.6352763175964355,0.13162173330783844,0.01814119704067707
29,14249,,,,,0.07957378029823303,0.363534152507782,0.1808413863182068,0.03270360827445984,,,,
29,14299,,,,,0.06932523101568222,0.5886116027832031,0.1274392157793045,0.01624075509607792,,,,
29,14349,,,,,0.07046511769294739,0.7193043231964111,0.11429423093795776,0.01306317187845707,,,,
29,14399,,,,,0.07194753736257553,0.6909219026565552,0.1214962750673294,0.014761344529688358,,,,
29,14449,,,,,0.07887215912342072,0.5388685464859009,0.16070370376110077,0.025825679302215576,,,,
29,14499,,,,,0.09094471484422684,0.6076451539993286,0.18543235957622528,0.034385159611701965,,,,
29,14549,,,,,0.07724110037088394,0.7261855006217957,0.12380888313055038,0.01532864011824131,,,,
29,14599,,,,,0.06873077899217606,0.7465658783912659,0.13086344301700592,0.017125239595770836,,,,
29,14649,,,,,0.06733715534210205,0.7321164608001709,0.1169077605009079,0.013667424209415913,,,,
29,14699,,,,,0.0710979774594307,0.7195127010345459,0.129135400056839,0.016675950959324837,,,,
29,14729,,,,,,,,,0.06716705113649368,0.6351610422134399,0.13148289918899536,0.018131226301193237
30,14749,,,,,0.07161124795675278,0.7071387767791748,0.15362843871116638,0.023601695895195007,,,,
30,14799,,,,,0.08198674023151398,0.5078258514404297,0.18020544946193695,0.03247400373220444,,,,
30,14849,,,,,0.06291916966438293,0.7875012159347534,0.10605770349502563,0.011248236522078514,,,,
30,14899,,,,,0.06616172194480896,0.650485098361969,0.09896990656852722,0.009795042686164379,,,,
30,14949,,,,,0.06444376707077026,0.7761297821998596,0.09864785522222519,0.009731398895382881,,,,
30,14999,,,,,0.06374608725309372,0.8397690057754517,0.09767274558544159,0.00953996554017067,,,,
30,15049,,,,,0.07120464742183685,0.8094632625579834,0.1153305172920227,0.013301127590239048,,,,
30,15099,,,,,0.06843525171279907,0.6097391843795776,0.11291652172803879,0.012750141322612762,,,,
30,15149,,,,,0.07011094689369202,0.7300823330879211,0.12951840460300446,0.016775017604231834,,,,
30,15199,,,,,0.06830953061580658,0.690937876701355,0.12837447226047516,0.016480006277561188,,,,
30,15220,,,,,,,,,0.06762363016605377,0.6402075886726379,0.1306915134191513,0.01788671687245369
31,15249,,,,,0.05750906839966774,0.8252875804901123,0.09775818884372711,0.00955666322261095,,,,
31,15299,,,,,0.07099320739507675,0.7309859395027161,0.12107262015342712,0.014658578671514988,,,,
31,15349,,,,,0.0760960727930069,0.7358453273773193,0.11886151880025864,0.014128061011433601,,,,
31,15399,,,,,0.07403165102005005,0.6026695370674133,0.15003672242164612,0.022511016577482224,,,,
31,15449,,,,,0.06394065171480179,0.7340226173400879,0.08907481282949448,0.007934321649372578,,,,
31,15499,,,,,0.06809954345226288,0.722633957862854,0.0968642309308052,0.009382679127156734,,,,
31,15549,,,,,0.07288681715726852,0.7733776569366455,0.10845377296209335,0.011762220412492752,,,,
31,15599,,,,,0.06604508310556412,0.5920503735542297,0.09876617789268494,0.009754758328199387,,,,
31,15649,,,,,0.0707487240433693,0.7488875389099121,0.11017648875713348,0.012138858437538147,,,,
31,15699,,,,,0.07122708857059479,0.5987600088119507,0.10018552094697952,0.010037139058113098,,,,
31,15711,,,,,,,,,0.06876204162836075,0.6349269151687622,0.13148798048496246,0.018140854313969612
32,15749,,,,,0.07708775997161865,0.6557096242904663,0.13972581923007965,0.01952330395579338,,,,
32,15799,,,,,0.06734339892864227,0.7409337162971497,0.12029410898685455,0.014470672234892845,,,,
32,15849,,,,,0.07448117434978485,0.6580696105957031,0.14311261475086212,0.02048122137784958,,,,
32,15899,,,,,0.08110134303569794,0.4602956771850586,0.16930487751960754,0.02866414189338684,,,,
32,15949,,,,,0.07547356188297272,0.7345055341720581,0.11631443351507187,0.01352904736995697,,,,
32,15999,,,,,0.07144680619239807,0.7408623099327087,0.10755521804094315,0.01156812533736229,,,,
32,16049,,,,,0.07297511398792267,0.4911574721336365,0.1356295645236969,0.018395379185676575,,,,
32,16099,,,,,0.06396843492984772,0.7735329866409302,0.10676344484090805,0.011398433707654476,,,,
32,16149,,,,,0.07417120039463043,0.5786735415458679,0.09802371263504028,0.009608648717403412,,,,
32,16199,,,,,0.06911863386631012,0.7667879462242126,0.1316325068473816,0.017327118664979935,,,,
32,16202,,,,,,,,,0.06758663058280945,0.6456013321876526,0.12950563430786133,0.017591310665011406
33,16249,,,,,0.06973645091056824,0.6496119499206543,0.13276083767414093,0.017625439912080765,,,,
33,16299,,,,,0.07598273456096649,0.7129302620887756,0.14961804449558258,0.02238555997610092,,,,
33,16349,,,,,0.07133418321609497,0.6580511331558228,0.14342044293880463,0.020569421350955963,,,,
33,16399,,,,,0.07615616917610168,0.6940592527389526,0.16786593198776245,0.028178973123431206,,,,
33,16449,,,,,0.07438209652900696,0.7628868222236633,0.13935443758964539,0.019419658929109573,,,,
33,16499,,,,,0.0708969384431839,0.7039779424667358,0.10224045068025589,0.010453109629452229,,,,
33,16549,,,,,0.061508916318416595,0.8324971199035645,0.09894941002130508,0.009790985845029354,,,,
33,16599,,,,,0.0668502151966095,0.6023062467575073,0.11318466067314148,0.012810766696929932,,,,
33,16649,,,,,0.066145159304142,0.7541053295135498,0.10172668844461441,0.010348319076001644,,,,
33,16693,,,,,,,,,0.06765525788068771,0.6426704525947571,0.12997502088546753,0.017736805602908134
34,16699,,,,,0.07448507100343704,0.6914021968841553,0.11767593026161194,0.013847623951733112,,,,
34,16749,,,,,0.0756365954875946,0.5889881253242493,0.14513668417930603,0.02106465771794319,,,,
34,16799,,,,,0.07661225646734238,0.6740891933441162,0.1546086072921753,0.023903820663690567,,,,
34,16849,,,,,0.05965229123830795,0.7640243768692017,0.11324461549520493,0.012824342586100101,,,,
34,16899,,,,,0.07136480510234833,0.7598761916160583,0.1122758612036705,0.01260586827993393,,,,
34,16949,,,,,0.06936979293823242,0.6380793452262878,0.12045623362064362,0.01450970396399498,,,,
34,16999,,,,,0.06330090761184692,0.8074303865432739,0.09644803404808044,0.009302223101258278,,,,
34,17049,,,,,0.07310137152671814,0.6438102126121521,0.15179143846035004,0.023040641099214554,,,,
34,17099,,,,,0.07629285752773285,0.5651849508285522,0.17295648157596588,0.029913945123553276,,,,
34,17149,,,,,0.0694478303194046,0.5598193407058716,0.13449211418628693,0.01808812841773033,,,,
34,17184,,,,,,,,,0.06766188889741898,0.6473943591117859,0.12933917343616486,0.01754847727715969
35,17199,,,,,0.07452276349067688,0.590848445892334,0.15832333266735077,0.025066278874874115,,,,
35,17249,,,,,0.05705682188272476,0.8305017948150635,0.0815085619688034,0.00664364593103528,,,,
35,17299,,,,,0.07647223770618439,0.6762038469314575,0.14279323816299438,0.02038990706205368,,,,
35,17349,,,,,0.07383519411087036,0.7259331941604614,0.15092945098876953,0.02277969941496849,,,,
35,17399,,,,,0.07634510099887848,0.6415888071060181,0.17240169644355774,0.029722345992922783,,,,
35,17449,,,,,0.09617475420236588,0.42598772048950195,0.21353484690189362,0.0455971285700798,,,,
35,17499,,,,,0.06782227754592896,0.6412963271141052,0.14042305946350098,0.019718635827302933,,,,
35,17549,,,,,0.0661441832780838,0.7369234561920166,0.11511202901601791,0.01325077936053276,,,,
35,17599,,,,,0.06924942135810852,0.6627410650253296,0.10425376147031784,0.01086884643882513,,,,
35,17649,,,,,0.0741729587316513,0.6608874201774597,0.1495252251625061,0.022357793524861336,,,,
35,17675,,,,,,,,,0.06555267423391342,0.6402930021286011,0.1304243803024292,0.017927756533026695
36,17699,,,,,0.07199827581644058,0.7180936336517334,0.1415889412164688,0.020047426223754883,,,,
36,17749,,,,,0.08238377422094345,0.4827951192855835,0.16934549808502197,0.02867789939045906,,,,
36,17799,,,,,0.08098194003105164,0.3910427689552307,0.1458555907011032,0.02127385511994362,,,,
36,17849,,,,,0.06405606865882874,0.673467755317688,0.0905361920595169,0.008196801878511906,,,,
36,17899,,,,,0.07283654808998108,0.6361778974533081,0.10594988614320755,0.011225379072129726,,,,
36,17949,,,,,0.07782827317714691,0.38206946849823,0.16506797075271606,0.027247436344623566,,,,
36,17999,,,,,0.05886746197938919,0.862032949924469,0.0910816565155983,0.008295867592096329,,,,
36,18049,,,,,0.07108425348997116,0.6914159059524536,0.1075756773352623,0.011572525836527348,,,,
36,18099,,,,,0.07127901166677475,0.7449053525924683,0.11353748291730881,0.012890759855508804,,,,
36,18149,,,,,0.07375209033489227,0.5382546186447144,0.1601870357990265,0.02565988525748253,,,,
36,18166,,,,,,,,,0.06591544300317764,0.643422544002533,0.12990151345729828,0.017749985679984093
37,18199,,,,,0.06296652555465698,0.6667705774307251,0.12868010997772217,0.0165585707873106,,,,
37,18249,,,,,0.09348288178443909,0.3882337212562561,0.19500571489334106,0.03802723065018654,,,,
37,18299,,,,,0.06805932521820068,0.6486263275146484,0.14543822407722473,0.021152276545763016,,,,
37,18349,,,,,0.08642564713954926,0.4077720642089844,0.1490584760904312,0.022218430414795876,,,,
37,18399,,,,,0.06604352593421936,0.6882449388504028,0.12138904631137848,0.014735301025211811,,,,
37,18449,,,,,0.06538610905408859,0.6287766695022583,0.10859614610671997,0.011793123558163643,,,,
37,18499,,,,,0.06310252100229263,0.7609548568725586,0.10765774548053741,0.01159019023180008,,,,
37,18549,,,,,0.07532598823308945,0.663536787033081,0.16837914288043976,0.028351537883281708,,,,
37,18599,,,,,0.07038001716136932,0.7818962335586548,0.11319324374198914,0.012812710367143154,,,,
37,18649,,,,,0.06701462715864182,0.6684761047363281,0.09776058793067932,0.009557132609188557,,,,
37,18657,,,,,,,,,0.06541072577238083,0.6412345170974731,0.130307137966156,0.017849471420049667
38,18699,,,,,0.09308314323425293,0.48502612113952637,0.1895255744457245,0.03591994568705559,,,,
38,18749,,,,,0.07665382325649261,0.5257229804992676,0.1617765575647354,0.02617165446281433,,,,
38,18799,,,,,0.07344422489404678,0.6561328172683716,0.15028636157512665,0.022585991770029068,,,,
38,18849,,,,,0.07291203737258911,0.6844832897186279,0.11740891635417938,0.013784853741526604,,,,
38,18899,,,,,0.07345964014530182,0.740359365940094,0.10969039797782898,0.012031983584165573,,,,
38,18949,,,,,0.06521952152252197,0.6900901794433594,0.15713781118392944,0.024692289531230927,,,,
38,18999,,,,,0.06878065317869186,0.7075389623641968,0.12226257473230362,0.014948137104511261,,,,
38,19049,,,,,0.0595024935901165,0.8883364200592041,0.09154783189296722,0.008381005376577377,,,,
38,19099,,,,,0.06776294857263565,0.8144711852073669,0.10728730261325836,0.011510565876960754,,,,
38,19148,,,,,,,,,0.06420169770717621,0.6457700729370117,0.12941621243953705,0.017620990052819252
39,19149,,,,,0.07162236422300339,0.6605865955352783,0.12162356823682785,0.014792291447520256,,,,
39,19199,,,,,0.06810961663722992,0.7281781435012817,0.1392417848110199,0.019388273358345032,,,,
39,19249,,,,,0.07396412640810013,0.672929048538208,0.12345054000616074,0.015240035019814968,,,,
39,19299,,,,,0.0565919391810894,0.850537121295929,0.08604749292135239,0.00740417093038559,,,,
39,19349,,,,,0.0668695867061615,0.7827566862106323,0.10534164309501648,0.011096862144768238,,,,
39,19399,,,,,0.06782843172550201,0.6193281412124634,0.12212689965963364,0.014914979226887226,,,,
39,19449,,,,,0.07273270934820175,0.7838467359542847,0.11359885334968567,0.012904699891805649,,,,
39,19499,,,,,0.07015165686607361,0.775989294052124,0.13196277618408203,0.01741417497396469,,,,
39,19549,,,,,0.08099240809679031,0.39503246545791626,0.15696218609809875,0.0246371291577816,,,,
39,19599,,,,,0.06337989866733551,0.7540716528892517,0.09136791527271271,0.008348096162080765,,,,
39,19639,,,,,,,,,0.06683409959077835,0.6421899795532227,0.13027101755142212,0.017774950712919235
40,19649,,,,,0.061642467975616455,0.8160805106163025,0.08943335711956024,0.007998325861990452,,,,
40,19699,,,,,0.08419680595397949,0.5647480487823486,0.1796754002571106,0.032283250242471695,,,,
40,19749,,,,,0.0722888633608818,0.6390767097473145,0.13919465243816376,0.01937515288591385,,,,
40,19799,,,,,0.07108250260353088,0.7202659845352173,0.11673007160425186,0.013625909574329853,,,,
40,19849,,,,,0.07346390187740326,0.6170943975448608,0.1606823056936264,0.025818802416324615,,,,
40,19899,,,,,0.056196294724941254,0.849940299987793,0.08403228223323822,0.007061424665153027,,,,
40,19949,,,,,0.06549686938524246,0.8205190896987915,0.10019844025373459,0.01003972813487053,,,,
40,19999,,,,,0.05993025377392769,0.7972630858421326,0.09172646701335907,0.00841374509036541,,,,
40,20049,,,,,0.07518180459737778,0.47948312759399414,0.15170319378376007,0.02301385998725891,,,,
40,20099,,,,,0.08104538917541504,0.5368809103965759,0.13978108763694763,0.019538752734661102,,,,
40,20130,,,,,,,,,0.06644302606582642,0.6537052392959595,0.12797699868679047,0.017232928425073624
41,20149,,,,,0.07213280349969864,0.8009647727012634,0.11569716036319733,0.0133858323097229,,,,
41,20199,,,,,0.07022204250097275,0.5322980880737305,0.12738721072673798,0.01622750237584114,,,,
41,20249,,,,,0.06029099225997925,0.7748187780380249,0.08737584948539734,0.007634539622813463,,,,
41,20299,,,,,0.0637732595205307,0.7097265720367432,0.10209820419549942,0.01042404305189848,,,,
41,20349,,,,,0.07132148742675781,0.7198067903518677,0.1305427849292755,0.017041416838765144,,,,
41,20399,,,,,0.07853452861309052,0.5823310613632202,0.15193241834640503,0.023083459585905075,,,,
41,20449,,,,,0.05554106831550598,0.8960219025611877,0.0843186229467392,0.007109629921615124,,,,
41,20499,,,,,0.06655853986740112,0.757839560508728,0.11617431044578552,0.013496470637619495,,,,
41,20549,,,,,0.06505727022886276,0.5720216035842896,0.09763514995574951,0.009532622992992401,,,,
41,20599,,,,,0.06822527945041656,0.6720850467681885,0.1367015838623047,0.018687324598431587,,,,
41,20621,,,,,,,,,0.06595048308372498,0.6461122035980225,0.12941960990428925,0.017629656940698624
42,20649,,,,,0.07391486316919327,0.46646708250045776,0.13388752937316895,0.017925869673490524,,,,
42,20699,,,,,0.06210339814424515,0.6940946578979492,0.14062637090682983,0.01977577432990074,,,,
42,20749,,,,,0.07799799740314484,0.6637973189353943,0.16072657704353333,0.02583303116261959,,,,
42,20799,,,,,0.07556256651878357,0.5040584802627563,0.15313702821731567,0.023450948297977448,,,,
42,20849,,,,,0.08246095478534698,0.49090874195098877,0.16769108176231384,0.02812029980123043,,,,
42,20899,,,,,0.08082213252782822,0.7098894715309143,0.15550360083580017,0.024181371554732323,,,,
42,20949,,,,,0.06590984016656876,0.660205066204071,0.11949122697114944,0.014278153888881207,,,,
42,20999,,,,,0.08626659214496613,0.5292578339576721,0.17789869010448456,0.0316479429602623,,,,
42,21049,,,,,0.068556047976017,0.6542230844497681,0.11396447569131851,0.012987902387976646,,,,
42,21099,,,,,0.06080414727330208,0.7767015099525452,0.1314498633146286,0.017279068008065224,,,,
42,21112,,,,,,,,,0.06490256637334824,0.6539970636367798,0.12803830206394196,0.017209740355610847
43,21149,,,,,0.0638355240225792,0.8206615447998047,0.09741716086864471,0.009490102529525757,,,,
43,21199,,,,,0.06065758317708969,0.7981125116348267,0.10005156695842743,0.010010316036641598,,,,
43,21249,,,,,0.07191811501979828,0.6167813539505005,0.12069582939147949,0.014567483216524124,,,,
43,21299,,,,,0.08001166582107544,0.6990491151809692,0.14994755387306213,0.022484270855784416,,,,
43,21349,,,,,0.07425270229578018,0.5768411755561829,0.1456381380558014,0.02121046558022499,,,,
43,21399,,,,,0.06506204605102539,0.6066393852233887,0.1578785628080368,0.02492564171552658,,,,
43,21449,,,,,0.06165757775306702,0.7803465723991394,0.08945757150650024,0.008002656511962414,,,,
43,21499,,,,,0.08582393079996109,0.5626969933509827,0.18416209518909454,0.033915676176548004,,,,
43,21549,,,,,0.07091256976127625,0.5615270137786865,0.14036448299884796,0.019702186807990074,,,,
43,21599,,,,,0.07330165058374405,0.7135332822799683,0.136376291513443,0.018598493188619614,,,,
43,21603,,,,,,,,,0.06630444526672363,0.6560059189796448,0.12757298350334167,0.017183242365717888
44,21649,,,,,0.06302614510059357,0.8353888988494873,0.09947183728218079,0.009894645772874355,,,,
44,21699,,,,,0.08908118307590485,0.5498579144477844,0.17908795177936554,0.03207249194383621,,,,
44,21749,,,,,0.0607646182179451,0.8425073623657227,0.09663985669612885,0.009339261800050735,,,,
44,21799,,,,,0.07326093316078186,0.6380752325057983,0.14399011433124542,0.020733151584863663,,,,
44,21849,,,,,0.06919166445732117,0.7146832942962646,0.1333424299955368,0.017780203372240067,,,,
44,21899,,,,,0.06657814979553223,0.7117982506752014,0.1133718341588974,0.012853173539042473,,,,
44,21949,,,,,0.07762707769870758,0.5599192380905151,0.16299206018447876,0.026566412299871445,,,,
44,21999,,,,,0.08020395785570145,0.6293807029724121,0.14822623133659363,0.021971017122268677,,,,
44,22049,,,,,0.06080712005496025,0.7328915596008301,0.1066879853606224,0.011382325552403927,,,,
44,22094,,,,,,,,,0.06905757635831833,0.6476706862449646,0.12929067015647888,0.01752118021249771
45,22099,,,,,0.07211657613515854,0.696675181388855,0.11387591063976288,0.012967722490429878,,,,
45,22149,,,,,0.06930341571569443,0.6158931255340576,0.14428701996803284,0.020818745717406273,,,,
45,22199,,,,,0.0706138014793396,0.6337276101112366,0.15297414362430573,0.023401089012622833,,,,
45,22249,,,,,0.07793368399143219,0.3983813524246216,0.15018349885940552,0.02255508303642273,,,,
45,22299,,,,,0.08340419828891754,0.524770975112915,0.17408525943756104,0.030305679887533188,,,,
45,22349,,,,,0.07651359587907791,0.5564770698547363,0.1515859067440033,0.0229782871901989,,,,
45,22399,,,,,0.07247703522443771,0.772558867931366,0.1414399892091751,0.020005270838737488,,,,
45,22449,,,,,0.06285063922405243,0.6369756460189819,0.10889309644699097,0.011857707053422928,,,,
45,22499,,,,,0.08520206809043884,0.5055657625198364,0.17952778935432434,0.032230228185653687,,,,
45,22549,,,,,0.08097027242183685,0.5295153856277466,0.18764397501945496,0.0352102592587471,,,,
45,22585,,,,,,,,,0.06597038358449936,0.6475565433502197,0.12922780215740204,0.01754181832075119
46,22599,,,,,0.07648787647485733,0.5293024182319641,0.17954544723033905,0.03223656862974167,,,,
46,22649,,,,,0.06972337514162064,0.5199310779571533,0.12469328194856644,0.015548414550721645,,,,
46,22699,,,,,0.07439035177230835,0.6219944953918457,0.15855179727077484,0.025138672441244125,,,,
46,22749,,,,,0.07138918340206146,0.5525550842285156,0.14606541395187378,0.02133510634303093,,,,
46,22799,,,,,0.06959890574216843,0.7562995553016663,0.1128949373960495,0.012745266780257225,,,,
46,22849,,,,,0.05936948582530022,0.857766330242157,0.08887116611003876,0.00789808388799429,,,,
46,22899,,,,,0.07096149772405624,0.7068305015563965,0.12524184584617615,0.015685521066188812,,,,
46,22949,,,,,0.06476208567619324,0.7951101064682007,0.10822492837905884,0.01171263586729765,,,,
46,22999,,,,,0.08676020801067352,0.4780575633049011,0.20690937340259552,0.04281148687005043,,,,
46,23049,,,,,0.06293487548828125,0.7973352074623108,0.09827312082052231,0.009657606482505798,,,,
46,23076,,,,,,,,,0.06568897515535355,0.6522687077522278,0.12813661992549896,0.01729443669319153
47,23099,,,,,0.07567986845970154,0.5140213966369629,0.14402569830417633,0.02074340358376503,,,,
47,23149,,,,,0.07769013196229935,0.503265380859375,0.12800805270671844,0.016386061906814575,,,,
47,23199,,,,,0.07464268803596497,0.44979041814804077,0.1442657858133316,0.020812615752220154,,,,
47,23249,,,,,0.0738220289349556,0.5235515832901001,0.15070027112960815,0.022710571065545082,,,,
47,23299,,,,,0.07559117674827576,0.6555767059326172,0.12629055976867676,0.015949305146932602,,,,
47,23349,,,,,0.06491389870643616,0.6798902750015259,0.11911614239215851,0.014188654720783234,,,,
47,23399,,,,,0.06426478177309036,0.8208414316177368,0.09773661196231842,0.009552445262670517,,,,
47,23449,,,,,0.0740002766251564,0.6202890872955322,0.1523573100566864,0.023212749511003494,,,,
47,23499,,,,,0.060141436755657196,0.8288875222206116,0.08854644000530243,0.007840472273528576,,,,
47,23549,,,,,0.06346768140792847,0.83184814453125,0.10674078017473221,0.0113935936242342,,,,
47,23567,,,,,,,,,0.06527109444141388,0.6588016748428345,0.12716583907604218,0.017038829624652863
48,23599,,,,,0.07459519058465958,0.705147385597229,0.16115351021289825,0.025970451533794403,,,,
48,23649,,,,,0.07265453040599823,0.6024830341339111,0.14626213908195496,0.021392611786723137,,,,
48,23699,,,,,0.061147674918174744,0.8190668821334839,0.09436260908842087,0.008904301561415195,,,,
48,23749,,,,,0.07651419192552567,0.6200352907180786,0.17538723349571228,0.030760683119297028,,,,
48,23799,,,,,0.0720926895737648,0.6622260212898254,0.15512439608573914,0.024063577875494957,,,,
48,23849,,,,,0.06317415833473206,0.642866849899292,0.09414435178041458,0.008863159455358982,,,,
48,23899,,,,,0.06279874593019485,0.7996820211410522,0.0895131304860115,0.008012601174414158,,,,
48,23949,,,,,0.06557097285985947,0.7806628942489624,0.0932527482509613,0.008696075528860092,,,,
48,23999,,,,,0.06194809079170227,0.8424204587936401,0.10350959002971649,0.010714235715568066,,,,
48,24049,,,,,0.0815795436501503,0.44653815031051636,0.15586119890213013,0.024292711168527603,,,,
48,24058,,,,,,,,,0.06278600543737411,0.6533032059669495,0.12812940776348114,0.01731759123504162
49,24099,,,,,0.07187296450138092,0.6303853988647461,0.13983774185180664,0.019554592669010162,,,,
49,24149,,,,,0.0629333034157753,0.6756049394607544,0.1187661662697792,0.014105401933193207,,,,
49,24199,,,,,0.07561066746711731,0.5254049301147461,0.17851275205612183,0.03186680004000664,,,,
49,24249,,,,,0.07109741866588593,0.75376957654953,0.13667528331279755,0.018680131062865257,,,,
49,24299,,,,,0.0724683329463005,0.8084073066711426,0.13499851524829865,0.018224600702524185,,,,
49,24349,,,,,0.08148153126239777,0.562383770942688,0.16380628943443298,0.026832502335309982,,,,
49,24399,,,,,0.07070638239383698,0.7090832591056824,0.13093963265419006,0.0171451885253191,,,,
49,24449,,,,,0.07821910083293915,0.46859556436538696,0.18631698191165924,0.03471401706337929,,,,
49,24499,,,,,0.06384654343128204,0.7594695687294006,0.10447831451892853,0.010915718972682953,,,,
49,24549,,,,,0.1014113500714302,-1.6626296043395996,0.1363692730665207,0.018596580252051353,,,,
49,24549,,,,,,,,,0.06487347185611725,0.6552122831344604,0.12766073644161224,0.017205674201250076
50,24599,,,,,0.06498666852712631,0.7710412740707397,0.1135709285736084,0.012898355722427368,,,,
50,24649,,,,,0.0700744017958641,0.744684636592865,0.10035049915313721,0.010070222429931164,,,,
50,24699,,,,,0.06698952615261078,0.7102235555648804,0.10824155807495117,0.011716235429048538,,,,
50,24749,,,,,0.07154007256031036,0.43429064750671387,0.16867907345294952,0.02845263108611107,,,,
50,24799,,,,,0.07226766645908356,0.7564924955368042,0.12467590719461441,0.01554408110678196,,,,
50,24849,,,,,0.06815687566995621,0.584967315196991,0.1545310914516449,0.02387985959649086,,,,
50,24899,,,,,0.06494152545928955,0.8216004371643066,0.1048671156167984,0.010997111909091473,,,,
50,24949,,,,,0.07343707978725433,0.513532280921936,0.13730618357658386,0.01885298639535904,,,,
50,24999,,,,,0.0633765235543251,0.7745776176452637,0.09375138580799103,0.008789322338998318,,,,
50,25040,,,,,,,,,0.06475378572940826,0.6548121571540833,0.12773950397968292,0.01717938855290413
51,25049,,,,,0.06595831364393234,0.8103632926940918,0.1058817058801651,0.011210935190320015,,,,
51,25099,,,,,0.0657537654042244,0.6451348066329956,0.09780186414718628,0.009565204381942749,,,,
51,25149,,,,,0.07284605503082275,0.6326435804367065,0.14613719284534454,0.02135607972741127,,,,
51,25199,,,,,0.07416433840990067,0.6229541897773743,0.14343863725662231,0.020574644207954407,,,,
51,25249,,,,,0.07314431667327881,0.5124678611755371,0.13746201992034912,0.01889580860733986,,,,
51,25299,,,,,0.08376440405845642,0.48490315675735474,0.1946156620979309,0.037875257432460785,,,,
51,25349,,,,,0.06765051186084747,0.7220056056976318,0.12195451557636261,0.014872903935611248,,,,
51,25399,,,,,0.07579895108938217,0.6092758774757385,0.1650932878255844,0.027255795896053314,,,,
51,25449,,,,,0.06914196163415909,0.7390638589859009,0.13066430389881134,0.017073161900043488,,,,
51,25499,,,,,0.06865036487579346,0.7370493412017822,0.12974996864795685,0.016835054382681847,,,,
51,25531,,,,,,,,,0.06347690522670746,0.6499425172805786,0.12859396636486053,0.017417745664715767
52,25549,,,,,0.06831354647874832,0.5474936366081238,0.14264225959777832,0.020346812903881073,,,,
52,25599,,,,,0.06673046201467514,0.660114586353302,0.15636663138866425,0.024450521916151047,,,,
52,25649,,,,,0.07268618792295456,0.4951958656311035,0.13291344046592712,0.017665982246398926,,,,
52,25699,,,,,0.07308468222618103,0.4632163643836975,0.16594953835010529,0.027539251372218132,,,,
52,25749,,,,,0.07144418358802795,0.6966359615325928,0.12190183252096176,0.014860056340694427,,,,
52,25799,,,,,0.05670201778411865,0.850078821182251,0.08565907925367355,0.007337478455156088,,,,
52,25849,,,,,0.06581607460975647,0.6505340337753296,0.13233882188796997,0.017513565719127655,,,,
52,25899,,,,,0.053592387586832047,0.7689164280891418,0.07845427095890045,0.006155073177069426,,,,
52,25949,,,,,0.07678167521953583,0.6594100594520569,0.14823898673057556,0.021974798291921616,,,,
52,25999,,,,,0.06047336012125015,0.7981608510017395,0.09254917502403259,0.008565349504351616,,,,
52,26022,,,,,,,,,0.06329211592674255,0.6566301584243774,0.12731267511844635,0.017108997330069542
53,26049,,,,,0.08773425221443176,0.5471752285957336,0.15591122210025787,0.024308307096362114,,,,
53,26099,,,,,0.06686333566904068,0.7502260208129883,0.10031802207231522,0.01006370596587658,,,,
53,26149,,,,,0.07559438049793243,0.5884894728660583,0.1382765918970108,0.019120417535305023,,,,
53,26199,,,,,0.07921518385410309,0.564068078994751,0.1902570128440857,0.036197729408741,,,,
53,26249,,,,,0.06304888427257538,0.6107809543609619,0.09382563084363937,0.008803249336779118,,,,
53,26299,,,,,0.07041875272989273,0.5939577221870422,0.14450086653232574,0.020880501717329025,,,,
53,26349,,,,,0.06320567429065704,0.8317303657531738,0.09580773115158081,0.009179121814668179,,,,
53,26399,,,,,0.07079662382602692,0.7083624601364136,0.1227211132645607,0.01506047137081623,,,,
53,26449,,,,,0.07110733538866043,0.6208822727203369,0.13342317938804626,0.017801743000745773,,,,
53,26499,,,,,0.06620681285858154,0.7910068035125732,0.1081618219614029,0.011698979884386063,,,,
53,26513,,,,,,,,,0.06294145435094833,0.6536974310874939,0.12795217335224152,0.017226634547114372
54,26549,,,,,0.08109521865844727,0.528098464012146,0.1901462823152542,0.03615560755133629,,,,
54,26599,,,,,0.0748337060213089,0.5840269327163696,0.1732940375804901,0.03003082238137722,,,,
54,26649,,,,,0.062798410654068,0.8413805961608887,0.11794310063123703,0.013910574838519096,,,,
54,26699,,,,,0.06515425443649292,0.7425296902656555,0.10241120308637619,0.01048805471509695,,,,
54,26749,,,,,0.060023270547389984,0.7811416387557983,0.10442099720239639,0.010903744027018547,,,,
54,26799,,,,,0.06449167430400848,0.6340451240539551,0.11023720353841782,0.012152241542935371,,,,
54,26849,,,,,0.06896249949932098,0.4917454123497009,0.14655183255672455,0.021477440372109413,,,,
54,26899,,,,,0.06476228684186935,0.7146866321563721,0.11404497176408768,0.013006255030632019,,,,
54,26949,,,,,0.06845185905694962,0.635668158531189,0.11160553991794586,0.01245579682290554,,,,
54,26999,,,,,0.06804274022579193,0.6974656581878662,0.13599008321762085,0.018493302166461945,,,,
54,27004,,,,,,,,,0.062535360455513,0.6518780589103699,0.12819994986057281,0.01733122207224369
55,27049,,,,,0.061453938484191895,0.7552691698074341,0.10681944340467453,0.011410393752157688,,,,
55,27099,,,,,0.07970763742923737,0.4948499798774719,0.182329460978508,0.03324403241276741,,,,
55,27149,,,,,0.06360794603824615,0.7646567225456238,0.1362450271844864,0.01856270805001259,,,,
55,27199,,,,,0.060805559158325195,0.77895587682724,0.09707453846931458,0.00942346639931202,,,,
55,27249,,,,,0.07001188397407532,0.4976695775985718,0.1318976879119873,0.017396999523043633,,,,
55,27299,,,,,0.0653928816318512,0.6432740688323975,0.12031161040067673,0.014474882744252682,,,,
55,27349,,,,,0.07221151888370514,0.6128076314926147,0.15926113724708557,0.025364110246300697,,,,
55,27399,,,,,0.06085255742073059,0.7072162628173828,0.08647804707288742,0.00747845321893692,,,,
55,27449,,,,,0.06829103827476501,0.6837034225463867,0.14276482164859772,0.02038179337978363,,,,
55,27495,,,,,,,,,0.06391323357820511,0.656968891620636,0.1271134912967682,0.0170737374573946
56,27499,,,,,0.06170019507408142,0.6864395141601562,0.12340367585420609,0.015228467993438244,,,,
56,27549,,,,,0.05218023061752319,0.8604492545127869,0.07898426800966263,0.006238515023142099,,,,
56,27599,,,,,0.08455921709537506,0.5790020227432251,0.20321880280971527,0.04129788279533386,,,,
56,27649,,,,,0.06440821290016174,0.72111976146698,0.1071593388915062,0.011483123525977135,,,,
56,27699,,,,,0.0788850337266922,0.7416368722915649,0.14834555983543396,0.022006405517458916,,,,
56,27749,,,,,0.08193841576576233,0.7332390546798706,0.14687158167362213,0.021571259945631027,,,,
56,27799,,,,,0.07261288166046143,0.7163587808609009,0.12669265270233154,0.016051027923822403,,,,
56,27849,,,,,0.06533955037593842,0.7019234299659729,0.12551844120025635,0.015754878520965576,,,,
56,27899,,,,,0.06916400045156479,0.6950222849845886,0.14908340573310852,0.022225862368941307,,,,
56,27949,,,,,0.06881503015756607,0.738947331905365,0.11090534925460815,0.012299995869398117,,,,
56,27986,,,,,,,,,0.06371920555830002,0.6570317149162292,0.12717153131961823,0.01703675091266632
57,27999,,,,,0.07276267558336258,0.6087021827697754,0.13275907933712006,0.017624972388148308,,,,
57,28049,,,,,0.06458315253257751,0.7545580267906189,0.1170705109834671,0.013705505058169365,,,,
57,28099,,,,,0.06302385032176971,0.7393418550491333,0.10261142253875732,0.010529103688895702,,,,
57,28149,,,,,0.0773983746767044,0.5796886682510376,0.17686906456947327,0.03128266707062721,,,,
57,28199,,,,,0.06611564010381699,0.7241601943969727,0.10285012423992157,0.010578148066997528,,,,
57,28249,,,,,0.07024587690830231,0.7154884338378906,0.12724271416664124,0.01619070954620838,,,,
57,28299,,,,,0.06223398447036743,0.7727870941162109,0.10639583319425583,0.011320074088871479,,,,
57,28349,,,,,0.07717552781105042,0.6684132814407349,0.14859314262866974,0.022079922258853912,,,,
57,28399,,,,,0.07555785775184631,0.7117213606834412,0.1418636590242386,0.02012529969215393,,,,
57,28449,,,,,0.06750200688838959,0.7736924290657043,0.1333547830581665,0.017783498391509056,,,,
57,28477,,,,,,,,,0.06631901115179062,0.6607784628868103,0.12644316256046295,0.016820557415485382
58,28499,,,,,0.08302831649780273,0.6225229501724243,0.17542892694473267,0.03077531047165394,,,,
58,28549,,,,,0.07839269936084747,0.41059690713882446,0.18019776046276093,0.03247123211622238,,,,
58,28599,,,,,0.07518000155687332,0.5427893400192261,0.1454239934682846,0.021148135885596275,,,,
58,28649,,,,,0.0630815327167511,0.7405503988265991,0.11847610771656036,0.014036587439477444,,,,
58,28699,,,,,0.05705197900533676,0.6922783851623535,0.08634500950574875,0.007455460261553526,,,,
58,28749,,,,,0.08108927309513092,0.4351728558540344,0.16182425618171692,0.026187092065811157,,,,
58,28799,,,,,0.06065640226006508,0.7384364604949951,0.10623783618211746,0.011286478489637375,,,,
58,28849,,,,,0.06939148902893066,0.5996124148368835,0.1135064885020256,0.012883723713457584,,,,
58,28899,,,,,0.05732350796461105,0.8837339282035828,0.0796843096613884,0.006349588744342327,,,,
58,28949,,,,,0.06660250574350357,0.7519456744194031,0.11868860572576523,0.01408698596060276,,,,
58,28968,,,,,,,,,0.06473884731531143,0.6547490358352661,0.12742893397808075,0.017104150727391243
59,28999,,,,,0.0796317309141159,0.6466623544692993,0.15630196034908295,0.024430301040410995,,,,
59,29049,,,,,0.056863874197006226,0.8418160080909729,0.08723833411931992,0.007610526401549578,,,,
59,29099,,,,,0.07711723446846008,0.596183717250824,0.1750417947769165,0.030639631673693657,,,,
59,29149,,,,,0.06008778512477875,0.7219197750091553,0.0916239470243454,0.008394948206841946,,,,
59,29199,,,,,0.06658215075731277,0.6378045082092285,0.15079180896282196,0.022738169878721237,,,,
59,29249,,,,,0.05868122726678848,0.7888792753219604,0.09600096940994263,0.009216186590492725,,,,
59,29299,,,,,0.06946015357971191,0.6255565285682678,0.11499662697315216,0.01322422455996275,,,,
59,29349,,,,,0.08359426259994507,0.24066698551177979,0.1456967294216156,0.021227538585662842,,,,
59,29399,,,,,0.07118798792362213,0.6231054067611694,0.1477963924407959,0.021843772381544113,,,,
59,29449,,,,,0.06707307696342468,0.6832588911056519,0.0958661213517189,0.009190312586724758,,,,
59,29459,,,,,,,,,0.0652930736541748,0.6585081815719604,0.12696263194084167,0.016952568665146828
60,29499,,,,,0.060824938118457794,0.8468763828277588,0.09770651161670685,0.009546563029289246,,,,
60,29549,,,,,0.07651424407958984,0.6678904891014099,0.14398717880249023,0.020732305943965912,,,,
60,29599,,,,,0.08017527312040329,0.41115570068359375,0.17385078966617584,0.03022409789264202,,,,
60,29649,,,,,0.06342428922653198,0.7371965646743774,0.1018836721777916,0.010380282066762447,,,,
60,29699,,,,,0.07450956106185913,0.5593065023422241,0.13330155611038208,0.017769305035471916,,,,
60,29749,,,,,0.06702500581741333,0.6909701824188232,0.12537561357021332,0.015719043090939522,,,,
60,29799,,,,,0.0629672110080719,0.82127845287323,0.09744688123464584,0.00949589442461729,,,,
60,29849,,,,,0.07279786467552185,0.4569711685180664,0.10431764274835587,0.010882170870900154,,,,
60,29899,,,,,0.07623991370201111,0.559897243976593,0.15772861242294312,0.02487831562757492,,,,
60,29949,,,,,0.07280963659286499,0.6857312917709351,0.12715137004852295,0.016167469322681427,,,,
60,29950,,,,,,,,,0.0638105645775795,0.6579576134681702,0.12689092755317688,0.016975393518805504
61,29999,,,,,0.0641326904296875,0.8477499485015869,0.10045676678419113,0.010091561824083328,,,,
61,30049,,,,,0.06714987009763718,0.6355330348014832,0.13578173518180847,0.018436679616570473,,,,
61,30099,,,,,0.0717415139079094,0.6454317569732666,0.15181216597557068,0.023046933114528656,,,,
61,30149,,,,,0.06659677624702454,0.7191223502159119,0.09695108979940414,0.009399513714015484,,,,
61,30199,,,,,0.06016123667359352,0.7698782682418823,0.11112546175718307,0.012348867952823639,,,,
61,30249,,,,,0.07644236087799072,0.6569757461547852,0.1320519596338272,0.01743771880865097,,,,
61,30299,,,,,0.06393636018037796,0.840613603591919,0.10928849875926971,0.01194397546350956,,,,
61,30349,,,,,0.06364016234874725,0.8350503444671631,0.09435572475194931,0.008903002366423607,,,,
61,30399,,,,,0.07936446368694305,0.5355267524719238,0.18903706967830658,0.03573501110076904,,,,
61,30441,,,,,,,,,0.061770807951688766,0.662364661693573,0.1261557638645172,0.016854630783200264
62,30449,,,,,0.06596212834119797,0.8492451906204224,0.09574707597494125,0.009167502634227276,,,,
62,30499,,,,,0.0588860958814621,0.840935230255127,0.090870201587677,0.008257393725216389,,,,
62,30549,,,,,0.0710463672876358,0.6052144765853882,0.12102877348661423,0.01464796345680952,,,,
62,30599,,,,,0.08925372362136841,0.46312057971954346,0.1770920306444168,0.03136158734560013,,,,
62,30649,,,,,0.06713346391916275,0.8032519221305847,0.10854975134134293,0.011783048510551453,,,,
62,30699,,,,,0.06921213865280151,0.7610061168670654,0.10916972160339355,0.011918028816580772,,,,
62,30749,,,,,0.07332578301429749,0.6568855047225952,0.14922578632831573,0.02226833626627922,,,,
62,30799,,,,,0.07289768755435944,0.6938601732254028,0.12341844290494919,0.015232112258672714,,,,
62,30849,,,,,0.07514701038599014,0.7147102355957031,0.12189768999814987,0.014859046787023544,,,,
62,30899,,,,,0.07263326644897461,0.5428622961044312,0.1368379145860672,0.01872461475431919,,,,
62,30932,,,,,,,,,0.06263350695371628,0.663290798664093,0.12589837610721588,0.01675407774746418
63,30949,,,,,0.06716519594192505,0.7551597952842712,0.11413693428039551,0.013027239590883255,,,,
63,30999,,,,,0.06543421745300293,0.7505600452423096,0.11367060989141464,0.012921007350087166,,,,
63,31049,,,,,0.05303914099931717,0.8582221269607544,0.07866810262203217,0.006188670173287392,,,,
63,31099,,,,,0.061958953738212585,0.7985685467720032,0.10127541422843933,0.010256709530949593,,,,
63,31149,,,,,0.05804096907377243,0.8540339469909668,0.08043434470891953,0.006469683721661568,,,,
63,31199,,,,,0.07059761881828308,0.7098365426063538,0.15535780787467957,0.024136047810316086,,,,
63,31249,,,,,0.06743914633989334,0.6673998236656189,0.1406821757555008,0.01979147270321846,,,,
63,31299,,,,,0.06546500325202942,0.7573071718215942,0.09259209036827087,0.008573295548558235,,,,
63,31349,,,,,0.07685815542936325,0.5581967830657959,0.14862962067127228,0.022090762853622437,,,,
63,31399,,,,,0.0702788382768631,0.5941025018692017,0.15932531654834747,0.025384556502103806,,,,
63,31423,,,,,,,,,0.06326404213905334,0.6596585512161255,0.12654638290405273,0.016888180747628212
64,31449,,,,,0.06698361039161682,0.6502783894538879,0.1281723976135254,0.016428163275122643,,,,
64,31499,,,,,0.07925756275653839,0.2891485095024109,0.16205629706382751,0.02626224234700203,,,,
64,31549,,,,,0.0659940242767334,0.6653058528900146,0.1438053846359253,0.020679989829659462,,,,
64,31599,,,,,0.059722188860177994,0.7746305465698242,0.09997904300689697,0.009995808824896812,,,,
64,31649,,,,,0.06722505390644073,0.6632734537124634,0.11378829926252365,0.012947777286171913,,,,
64,31699,,,,,0.0712384358048439,0.6090124845504761,0.12268560379743576,0.015051757916808128,,,,
64,31749,,,,,0.07089008390903473,0.6787586212158203,0.10383525490760803,0.010781759396195412,,,,
64,31799,,,,,0.07164011895656586,0.6318843364715576,0.14571508765220642,0.021232886239886284,,,,
64,31849,,,,,0.059761177748441696,0.7425903081893921,0.1001962423324585,0.010039286687970161,,,,
64,31899,,,,,0.06162359565496445,0.8099186420440674,0.09590379148721695,0.00919753685593605,,,,
64,31914,,,,,,,,,0.06261708587408066,0.6588091850280762,0.1267281174659729,0.016937118023633957
65,31949,,,,,0.05972904711961746,0.7762942314147949,0.08875337988138199,0.007877162657678127,,,,
65,31999,,,,,0.06167662888765335,0.7832043766975403,0.09393779933452606,0.008824310265481472,,,,
65,32049,,,,,0.06989949196577072,0.7183636426925659,0.10989004373550415,0.012075820937752724,,,,
65,32099,,,,,0.0938122570514679,0.2390013337135315,0.20170506834983826,0.040684934705495834,,,,
65,32149,,,,,0.0739310085773468,0.7044997811317444,0.13076454401016235,0.017099367454648018,,,,
65,32199,,,,,0.0750642940402031,0.6291030645370483,0.19409756362438202,0.037673864513635635,,,,
65,32249,,,,,0.059459686279296875,0.8603468537330627,0.08497527241706848,0.0072207972407341,,,,
65,32299,,,,,0.06691883504390717,0.7407424449920654,0.11602707952260971,0.013462282717227936,,,,
65,32349,,,,,0.05169112980365753,0.8784227967262268,0.0727170780301094,0.005287772975862026,,,,
65,32399,,,,,0.0653717964887619,0.7036353349685669,0.12302704155445099,0.015135652385652065,,,,
65,32405,,,,,,,,,0.062948077917099,0.6560642719268799,0.1269969344139099,0.017078714445233345
66,32449,,,,,0.065741628408432,0.6726685166358948,0.1163221150636673,0.013530833646655083,,,,
66,32499,,,,,0.06104928255081177,0.8282743692398071,0.09954757988452911,0.009909720160067081,,,,
66,32549,,,,,0.07738369703292847,0.6767818331718445,0.12604494392871857,0.01588732935488224,,,,
66,32599,,,,,0.06674499064683914,0.7055994868278503,0.09914898127317429,0.009830520488321781,,,,
66,32649,,,,,0.06406603753566742,0.5415098071098328,0.127175435423851,0.01617359183728695,,,,
66,32699,,,,,0.06889130920171738,0.6538124680519104,0.11109708249568939,0.012342561967670918,,,,
66,32749,,,,,0.06831420958042145,0.7397371530532837,0.12273839861154556,0.015064714476466179,,,,
66,32799,,,,,0.06929066777229309,0.6501628160476685,0.14112333953380585,0.01991579867899418,,,,
66,32849,,,,,0.07484839856624603,0.6309241652488708,0.15387898683547974,0.023678744211792946,,,,
66,32896,,,,,,,,,0.061878982931375504,0.6611506938934326,0.12635017931461334,0.016863634809851646
67,32899,,,,,0.06279575824737549,0.7754606604576111,0.1014542207121849,0.010292958468198776,,,,
67,32949,,,,,0.06685999780893326,0.7806020379066467,0.12317319214344025,0.015171635895967484,,,,
67,32999,,,,,0.07708662748336792,0.4655221104621887,0.1275167614221573,0.016260525211691856,,,,
67,33049,,,,,0.07098636031150818,0.7219250202178955,0.13797904551029205,0.019038215279579163,,,,
67,33099,,,,,0.056512173265218735,0.899537205696106,0.07789450883865356,0.0060675544664263725,,,,
67,33149,,,,,0.06930563598871231,0.6826979517936707,0.11813134700059891,0.013955015689134598,,,,
67,33199,,,,,0.08141221851110458,0.594436764717102,0.18508115410804749,0.03425503149628639,,,,
67,33249,,,,,0.06257598102092743,0.6119107007980347,0.15713366866111755,0.024690987542271614,,,,
67,33299,,,,,0.06386753171682358,0.7637923955917358,0.1041327640414238,0.010843632742762566,,,,
67,33349,,,,,0.056100331246852875,0.8182021379470825,0.08523990958929062,0.007265842519700527,,,,
67,33387,,,,,,,,,0.06337754428386688,0.6678353548049927,0.12538844347000122,0.016550909727811813
68,33399,,,,,0.07307383418083191,0.6268599033355713,0.12982119619846344,0.016853541135787964,,,,
68,33449,,,,,0.06637152284383774,0.7589584589004517,0.12799005210399628,0.016381453722715378,,,,
68,33499,,,,,0.05978875234723091,0.8368260860443115,0.09300536662340164,0.008649998344480991,,,,
68,33549,,,,,0.06382466852664948,0.7503343820571899,0.1186690479516983,0.014082342386245728,,,,
68,33599,,,,,0.06770357489585876,0.6219043731689453,0.15677323937416077,0.024577850475907326,,,,
68,33649,,,,,0.08214626461267471,0.5741631984710693,0.1699536293745041,0.02888423576951027,,,,
68,33699,,,,,0.06741899251937866,0.6802654266357422,0.11744650453329086,0.01379368081688881,,,,
68,33749,,,,,0.06389272212982178,0.6369433403015137,0.11276218295097351,0.012715309858322144,,,,
68,33799,,,,,0.07407229393720627,0.6829153895378113,0.1591385453939438,0.025325076654553413,,,,
68,33849,,,,,0.06758669763803482,0.6582943201065063,0.09364140778779984,0.008768713101744652,,,,
68,33878,,,,,,,,,0.06262686848640442,0.6668940782546997,0.1253867745399475,0.016575844958424568
69,33899,,,,,0.06357280910015106,0.6184492707252502,0.11439214646816254,0.013085562735795975,,,,
69,33949,,,,,0.08053804934024811,0.39665597677230835,0.14535969495773315,0.021129440516233444,,,,
69,33999,,,,,0.054974205791950226,0.8062924742698669,0.10335473716259003,0.010682201012969017,,,,
69,34049,,,,,0.0669708400964737,0.7536252737045288,0.13423536717891693,0.01801913231611252,,,,
69,34099,,,,,0.06996624916791916,0.5719752311706543,0.14524659514427185,0.021096574142575264,,,,
69,34149,,,,,0.06854148954153061,0.5264002680778503,0.1255214661359787,0.015755636617541313,,,,
69,34199,,,,,0.06763795018196106,0.6946243643760681,0.13781657814979553,0.01899341121315956,,,,
69,34249,,,,,0.06297950446605682,0.7004588842391968,0.10007406771183014,0.010014818981289864,,,,
69,34299,,,,,0.0625622570514679,0.7897477746009827,0.09857385605573654,0.009716805070638657,,,,
69,34349,,,,,0.06535295397043228,0.713005542755127,0.08806177973747253,0.007754877209663391,,,,
69,34369,,,,,,,,,0.06284831464290619,0.6488808393478394,0.12871190905570984,0.017459850758314133
70,34399,,,,,0.06501879543066025,0.7887635827064514,0.10355053842067719,0.010722714476287365,,,,
70,34449,,,,,0.07331539690494537,0.6493732929229736,0.1696997433900833,0.028798002749681473,,,,
70,34499,,,,,0.06507981568574905,0.6931005716323853,0.10029179602861404,0.010058443993330002,,,,
70,34549,,,,,0.06003239005804062,0.8139270544052124,0.1013304814696312,0.010267866775393486,,,,
70,34599,,,,,0.06874652951955795,0.5439919233322144,0.14163120090961456,0.02005939744412899,,,,
70,34649,,,,,0.06391429901123047,0.7385953068733215,0.11069924384355545,0.012254321947693825,,,,
70,34699,,,,,0.05704967677593231,0.8535448312759399,0.08382236212491989,0.007026189006865025,,,,
70,34749,,,,,0.06982043385505676,0.6885279417037964,0.12426301091909409,0.015441296622157097,,,,
70,34799,,,,,0.06393715739250183,0.750153124332428,0.1073843464255333,0.011531397700309753,,,,
70,34849,,,,,0.06665758043527603,0.6907732486724854,0.14524942636489868,0.021097395569086075,,,,
70,34860,,,,,,,,,0.0631856694817543,0.6624200940132141,0.12597399950027466,0.01676448993384838
71,34899,,,,,0.06175275892019272,0.7967435121536255,0.11781982332468033,0.013881511054933071,,,,
71,34949,,,,,0.06823645532131195,0.7816182374954224,0.1092226430773735,0.011929585598409176,,,,
71,34999,,,,,0.07238827645778656,0.8402876257896423,0.11105939745903015,0.012334190309047699,,,,
71,35049,,,,,0.07113055139780045,0.708425760269165,0.1233614981174469,0.015218058601021767,,,,
71,35099,,,,,0.06569135189056396,0.6284352540969849,0.14126765727996826,0.019956551492214203,,,,
71,35149,,,,,0.07276822626590729,0.6765435934066772,0.13995465636253357,0.019587306305766106,,,,
71,35199,,,,,0.07429031282663345,0.4376600980758667,0.15795071423053741,0.024948427453637123,,,,
71,35249,,,,,0.0678839385509491,0.6494104266166687,0.12497160583734512,0.01561790145933628,,,,
71,35299,,,,,0.06682465970516205,0.7043250799179077,0.11577928811311722,0.0134048443287611,,,,
71,35349,,,,,0.0773899033665657,0.6656848192214966,0.13280422985553741,0.017636964097619057,,,,
71,35351,,,,,,,,,0.06403305381536484,0.6648712754249573,0.12564703822135925,0.016637876629829407
72,35399,,,,,0.06416521966457367,0.7876074910163879,0.10038150101900101,0.010076446458697319,,,,
72,35449,,,,,0.06427627056837082,0.7783661484718323,0.11179721355438232,0.012498617172241211,,,,
72,35499,,,,,0.06548812240362167,0.5860692262649536,0.16724535822868347,0.02797101065516472,,,,
72,35549,,,,,0.0633755773305893,0.8117281198501587,0.09760431200265884,0.009526601061224937,,,,
72,35599,,,,,0.07956233620643616,0.6119452714920044,0.18519851565361023,0.03429849073290825,,,,
72,35649,,,,,0.07364532351493835,0.5953097343444824,0.15326833724975586,0.023491183295845985,,,,
72,35699,,,,,0.06397395581007004,0.7752007842063904,0.10444742441177368,0.010909263975918293,,,,
72,35749,,,,,0.08303286135196686,0.4661637544631958,0.1952252835035324,0.03811291232705116,,,,
72,35799,,,,,0.06392204761505127,0.7057350873947144,0.12992967665195465,0.01688172109425068,,,,
72,35842,,,,,,,,,0.06356622278690338,0.6503243446350098,0.12805242836475372,0.017345981672406197
73,35849,,,,,0.08180263638496399,0.5082862377166748,0.17683528363704681,0.03127071633934975,,,,
73,35899,,,,,0.067945197224617,0.6623004078865051,0.14878234267234802,0.022136183455586433,,,,
73,35949,,,,,0.06039399653673172,0.7363739609718323,0.12219087034463882,0.014930609613656998,,,,
73,35999,,,,,0.05571215599775314,0.8405357003211975,0.08394402265548706,0.007046598941087723,,,,
73,36049,,,,,0.06028088554739952,0.7893384695053101,0.09078747779130936,0.008242365904152393,,,,
73,36099,,,,,0.06283147633075714,0.8283495903015137,0.09052993357181549,0.008195669390261173,,,,
73,36149,,,,,0.07122385501861572,0.5397279262542725,0.15181535482406616,0.023047901690006256,,,,
73,36199,,,,,0.06097643822431564,0.8094630837440491,0.10684020072221756,0.011414827778935432,,,,
73,36249,,,,,0.06304603815078735,0.8113635182380676,0.10219653695821762,0.01044413261115551,,,,
73,36299,,,,,0.07601270824670792,0.6665802597999573,0.16179290413856506,0.026176946237683296,,,,
73,36333,,,,,,,,,0.06370246410369873,0.6627728939056396,0.12598346173763275,0.01672269217669964
74,36349,,,,,0.061747848987579346,0.8276136517524719,0.09619604051113129,0.00925367884337902,,,,
74,36399,,,,,0.06481212377548218,0.5895830392837524,0.12355322390794754,0.01526539959013462,,,,
74,36449,,,,,0.06516173481941223,0.7167235612869263,0.10422953218221664,0.010863794945180416,,,,
74,36499,,,,,0.06883448362350464,0.6997666358947754,0.12551477551460266,0.015753958374261856,,,,
74,36549,,,,,0.06272406876087189,0.734589695930481,0.09717994183301926,0.00944394152611494,,,,
74,36599,,,,,0.059163711965084076,0.8633495569229126,0.0895773321390152,0.008024098351597786,,,,
74,36649,,,,,0.06587417423725128,0.7660187482833862,0.11742698401212692,0.013789096847176552,,,,
74,36699,,,,,0.06635256111621857,0.5190351605415344,0.12889908254146576,0.016614973545074463,,,,
74,36749,,,,,0.07665453851222992,0.5233731269836426,0.20118750631809235,0.04047641158103943,,,,
74,36799,,,,,0.07491989433765411,0.4721825122833252,0.16681009531021118,0.027825606986880302,,,,
74,36824,,,,,,,,,0.0626487210392952,0.6646497845649719,0.12553031742572784,0.016644205898046494
75,36849,,,,,0.07621504366397858,0.5737878084182739,0.1345054805278778,0.018091725185513496,,,,
75,36899,,,,,0.06585223972797394,0.7897555232048035,0.12324492633342743,0.01518931146711111,,,,
75,36949,,,,,0.06793954223394394,0.6256903409957886,0.14414115250110626,0.020776670426130295,,,,
75,36999,,,,,0.06737801432609558,0.6648083925247192,0.13184376060962677,0.017382778227329254,,,,
75,37049,,,,,0.06428839266300201,0.7771448493003845,0.09088388085365295,0.008259879425168037,,,,
75,37099,,,,,0.06176941841840744,0.7682834267616272,0.09202337265014648,0.00846830103546381,,,,
75,37149,,,,,0.05610588937997818,0.8884676694869995,0.08923089504241943,0.007962152361869812,,,,
75,37199,,,,,0.054622404277324677,0.7758448123931885,0.08457688987255096,0.007153249811381102,,,,
75,37249,,,,,0.0578470379114151,0.762840211391449,0.10632659494876862,0.011305345222353935,,,,
75,37299,,,,,0.07405637204647064,0.6535449624061584,0.13425114750862122,0.018023371696472168,,,,
75,37315,,,,,,,,,0.062204379588365555,0.6613503694534302,0.1261579692363739,0.016813209280371666
76,37349,,,,,0.0710470899939537,0.7209391593933105,0.13639700412750244,0.018604140728712082,,,,
76,37399,,,,,0.06924784183502197,0.7892470359802246,0.1273835301399231,0.01622656360268593,,,,
76,37449,,,,,0.06570073962211609,0.5786712169647217,0.09610256552696228,0.009235702455043793,,,,
76,37499,,,,,0.06541427969932556,0.7268010377883911,0.12172551453113556,0.014817100018262863,,,,
76,37549,,,,,0.06337575614452362,0.6390640735626221,0.12572097778320312,0.015805765986442566,,,,
76,37599,,,,,0.062038518488407135,0.7430192232131958,0.10506255179643631,0.011038140393793583,,,,
76,37649,,,,,0.061980195343494415,0.6583915948867798,0.11964941024780273,0.014315981417894363,,,,
76,37699,,,,,0.07773321121931076,0.6121768355369568,0.15253838896751404,0.02326796017587185,,,,
76,37749,,,,,0.06546828895807266,0.7852281928062439,0.11049264669418335,0.012208625674247742,,,,
76,37799,,,,,0.06469973921775818,0.8056029081344604,0.1075344979763031,0.01156366802752018,,,,
76,37806,,,,,,,,,0.06262761354446411,0.6714724898338318,0.12447231262922287,0.01635819673538208
77,37849,,,,,0.06683836132287979,0.6723235845565796,0.1196223646402359,0.01430950965732336,,,,
77,37899,,,,,0.06439920514822006,0.7642940878868103,0.09223464131355286,0.008507228456437588,,,,
77,37949,,,,,0.07734532654285431,0.5547908544540405,0.15076886117458344,0.022731248289346695,,,,
77,37999,,,,,0.058520421385765076,0.848389744758606,0.08942170441150665,0.007996240630745888,,,,
77,38049,,,,,0.06521783769130707,0.8003380298614502,0.12829189002513885,0.01645880937576294,,,,
77,38099,,,,,0.05744101107120514,0.8360711336135864,0.0971081480383873,0.009429993107914925,,,,
77,38149,,,,,0.06447193771600723,0.6926339864730835,0.1170869916677475,0.013709364458918571,,,,
77,38199,,,,,0.0695229321718216,0.7819662094116211,0.12829722464084625,0.016460176557302475,,,,
77,38249,,,,,0.07203172147274017,0.7116637229919434,0.12197913229465485,0.014878908172249794,,,,
77,38297,,,,,,,,,0.06251320242881775,0.6695883870124817,0.12465904653072357,0.016416899859905243
78,38299,,,,,0.07159388065338135,0.5968499183654785,0.15232868492603302,0.023204028606414795,,,,
78,38349,,,,,0.08114196360111237,0.5879637598991394,0.1826605349779129,0.03336486965417862,,,,
78,38399,,,,,0.06137722730636597,0.7781325578689575,0.10518679767847061,0.011064263060688972,,,,
78,38449,,,,,0.06723038107156754,0.6216190457344055,0.1454331874847412,0.02115081250667572,,,,
78,38499,,,,,0.05865776538848877,0.7039059400558472,0.10659223794937134,0.011361905373632908,,,,
78,38549,,,,,0.06443533301353455,0.7802004218101501,0.13749369978904724,0.018904516473412514,,,,
78,38599,,,,,0.07860496640205383,0.6364302635192871,0.15445874631404877,0.02385750226676464,,,,
78,38649,,,,,0.07225707173347473,0.6590156555175781,0.12729798257350922,0.016204776242375374,,,,
78,38699,,,,,0.05518501624464989,0.8577227592468262,0.07919372618198395,0.006271646823734045,,,,
78,38749,,,,,0.06653173267841339,0.6691542863845825,0.1368795782327652,0.018736019730567932,,,,
78,38788,,,,,,,,,0.062325965613126755,0.6670610308647156,0.12524805963039398,0.01654178462922573
79,38799,,,,,0.07228578627109528,0.6101731061935425,0.1286746710538864,0.016557171940803528,,,,
79,38849,,,,,0.07233276963233948,0.600214958190918,0.1596803069114685,0.0254977997392416,,,,
79,38899,,,,,0.07257455587387085,0.4378197193145752,0.13192397356033325,0.01740393601357937,,,,
79,38949,,,,,0.06655870378017426,0.7674831748008728,0.11475841701030731,0.013169493526220322,,,,
79,38999,,,,,0.06486427783966064,0.7112712860107422,0.12724703550338745,0.016191808506846428,,,,
79,39049,,,,,0.06543456017971039,0.7099127769470215,0.1255006492137909,0.01575041376054287,,,,
79,39099,,,,,0.06689256429672241,0.8252323269844055,0.1077720895409584,0.011614823713898659,,,,
79,39149,,,,,0.06344837695360184,0.8009555339813232,0.11282702535390854,0.012729937210679054,,,,
79,39199,,,,,0.05970652401447296,0.7627938389778137,0.09863394498825073,0.009728655219078064,,,,
79,39249,,,,,0.0628424882888794,0.7130687236785889,0.11018148809671402,0.012139961123466492,,,,
79,39279,,,,,,,,,0.06275472044944763,0.665934145450592,0.12552523612976074,0.01661067269742489
80,39299,,,,,0.06847677379846573,0.7274855375289917,0.13425694406032562,0.018024925142526627,,,,
80,39349,,,,,0.06449724733829498,0.7871469855308533,0.10363326221704483,0.010739852674305439,,,,
80,39399,,,,,0.06874202191829681,0.5753071308135986,0.15751060843467712,0.024809593334794044,,,,
80,39449,,,,,0.06864695250988007,0.6842738389968872,0.11957946419715881,0.014299248345196247,,,,
80,39499,,,,,0.07139955461025238,0.7451472282409668,0.11723468452692032,0.013743971474468708,,,,
80,39549,,,,,0.06889273226261139,0.6868504285812378,0.13772189617156982,0.018967319279909134,,,,
80,39599,,,,,0.06793773919343948,0.6471816301345825,0.11365727335214615,0.012917974963784218,,,,
80,39649,,,,,0.06821976602077484,0.4907078742980957,0.16339004039764404,0.026696305721998215,,,,
80,39699,,,,,0.060986071825027466,0.7867497205734253,0.10096363723278046,0.0101936561986804,,,,
80,39749,,,,,0.06158614531159401,0.7335193753242493,0.10682008415460587,0.011410529725253582,,,,
80,39770,,,,,,,,,0.06150291860103607,0.6702611446380615,0.12463515251874924,0.016401883214712143
81,39799,,,,,0.05491829663515091,0.8212551474571228,0.08359453827142715,0.006988046690821648,,,,
81,39849,,,,,0.06910357624292374,0.6821324825286865,0.12020601332187653,0.014449485577642918,,,,
81,39899,,,,,0.08040395379066467,0.47732460498809814,0.18450763821601868,0.034043069928884506,,,,
81,39949,,,,,0.06180373951792717,0.7121445536613464,0.09845326095819473,0.009693045169115067,,,,
81,39999,,,,,0.06553685665130615,0.5913882255554199,0.1106012836098671,0.012232644483447075,,,,
81,40049,,,,,0.05827312543988228,0.8598613739013672,0.0838986188173294,0.007038978859782219,,,,
81,40099,,,,,0.06453995406627655,0.7633047103881836,0.11968068778514862,0.014323466457426548,,,,
81,40149,,,,,0.07145759463310242,0.6352056264877319,0.14866282045841217,0.02210063301026821,,,,
81,40199,,,,,0.067008838057518,0.6992169618606567,0.12814867496490479,0.016422083601355553,,,,
81,40249,,,,,0.07341763377189636,0.5516239404678345,0.15440654754638672,0.023841382935643196,,,,
81,40261,,,,,,,,,0.061441682279109955,0.6635265350341797,0.1256210058927536,0.01671583577990532
82,40299,,,,,0.08828842639923096,0.5458080768585205,0.20249219238758087,0.041003089398145676,,,,
82,40349,,,,,0.06713567674160004,0.7559311985969543,0.09669627994298935,0.009350170381367207,,,,
82,40399,,,,,0.0680544525384903,0.661582887172699,0.15917882323265076,0.02533789724111557,,,,
82,40449,,,,,0.07202930748462677,0.7071176171302795,0.14100176095962524,0.01988149806857109,,,,
82,40499,,,,,0.060459766536951065,0.706173300743103,0.113291896879673,0.012835053727030754,,,,
82,40549,,,,,0.07034758478403091,0.6887815594673157,0.13413895666599274,0.01799325831234455,,,,
82,40599,,,,,0.06606338918209076,0.8341333270072937,0.09863517433404922,0.009728897362947464,,,,
82,40649,,,,,0.058077581226825714,0.7735698223114014,0.08571043610572815,0.0073462785221636295,,,,
82,40699,,,,,0.06795217096805573,0.7740193009376526,0.12044823169708252,0.0145077770575881,,,,
82,40749,,,,,0.07029341161251068,0.6697162389755249,0.12286431342363358,0.015095639042556286,,,,
82,40752,,,,,,,,,0.06327017396688461,0.6684193015098572,0.12495267391204834,0.016501858830451965
83,40799,,,,,0.056351438164711,0.7982347011566162,0.08410504460334778,0.0070736585184931755,,,,
83,40849,,,,,0.06169886887073517,0.826381266117096,0.09684289246797562,0.009378545917570591,,,,
83,40899,,,,,0.0645572766661644,0.8639597296714783,0.10361574590206146,0.010736223310232162,,,,
83,40949,,,,,0.07147984206676483,0.676777720451355,0.13558779656887054,0.0183840524405241,,,,
83,40999,,,,,0.07387277483940125,0.6955000758171082,0.13386398553848267,0.017919566482305527,,,,
83,41049,,,,,0.0706433653831482,0.7554616332054138,0.12408497929573059,0.015397082082927227,,,,
83,41099,,,,,0.061259496957063675,0.7098374366760254,0.12221235036849976,0.01493585854768753,,,,
83,41149,,,,,0.05903615429997444,0.8467006683349609,0.0903836339712143,0.008169201202690601,,,,
83,41199,,,,,0.07228991389274597,0.5482054948806763,0.14052782952785492,0.01974807120859623,,,,
83,41243,,,,,,,,,0.06191425770521164,0.6666953563690186,0.1250748187303543,0.016557760536670685
84,41249,,,,,0.07215186953544617,0.587742269039154,0.14071707427501678,0.019801296293735504,,,,
84,41299,,,,,0.05900422856211662,0.763922929763794,0.10208165645599365,0.010420665144920349,,,,
84,41349,,,,,0.07204797863960266,0.5718871355056763,0.15924662351608276,0.025359489023685455,,,,
84,41399,,,,,0.06747810542583466,0.7698138952255249,0.12325932085514069,0.015192859806120396,,,,
84,41449,,,,,0.06488343328237534,0.6823326349258423,0.10261686891317368,0.010530222207307816,,,,
84,41499,,,,,0.07288745790719986,0.6711046695709229,0.13211652636528015,0.01745477505028248,,,,
84,41549,,,,,0.06881846487522125,0.5556777715682983,0.1564180701971054,0.024466611444950104,,,,
84,41599,,,,,0.0774654969573021,0.7137583494186401,0.15457837283611298,0.023894473910331726,,,,
84,41649,,,,,0.06772768497467041,0.5692002773284912,0.1439363956451416,0.020717686042189598,,,,
84,41699,,,,,0.05492665618658066,0.8881976008415222,0.07854420691728592,0.006169192958623171,,,,
84,41734,,,,,,,,,0.0616590715944767,0.6703895330429077,0.12454782426357269,0.016367876902222633
85,41749,,,,,0.06700673699378967,0.7723425030708313,0.12222983688116074,0.014940133318305016,,,,
85,41799,,,,,0.0724092423915863,0.5197970271110535,0.15268005430698395,0.023311199620366096,,,,
85,41849,,,,,0.06617704033851624,0.8057693243026733,0.1165451779961586,0.013582779094576836,,,,
85,41899,,,,,0.056707508862018585,0.831780731678009,0.07974918931722641,0.006359932944178581,,,,
85,41949,,,,,0.06417714059352875,0.5688333511352539,0.12625136971473694,0.01593940705060959,,,,
85,41999,,,,,0.06182284280657768,0.7942832112312317,0.09273066371679306,0.008598975837230682,,,,
85,42049,,,,,0.06772714853286743,0.6554281711578369,0.11823491752147675,0.01397949643433094,,,,
85,42099,,,,,0.06584854423999786,0.7592634558677673,0.10457134246826172,0.010935164988040924,,,,
85,42149,,,,,0.05318133533000946,0.7915963530540466,0.08495359867811203,0.007217114325612783,,,,
85,42199,,,,,0.07863985002040863,0.5801138877868652,0.171316459774971,0.029349330812692642,,,,
85,42225,,,,,,,,,0.06285695731639862,0.669116735458374,0.12472422420978546,0.016411220654845238
86,42249,,,,,0.05249517038464546,0.8606947660446167,0.07604670524597168,0.0057831015437841415,,,,
86,42299,,,,,0.059632688760757446,0.8378922343254089,0.0905434712767601,0.008198119699954987,,,,
86,42349,,,,,0.07030577957630157,0.5451700687408447,0.17497918009757996,0.030617715790867805,,,,
86,42399,,,,,0.06353352963924408,0.6755502820014954,0.12915697693824768,0.016681525856256485,,,,
86,42449,,,,,0.06303739547729492,0.7725157737731934,0.12223131954669952,0.014940495602786541,,,,
86,42499,,,,,0.07287080585956573,0.593666136264801,0.1395077407360077,0.019462410360574722,,,,
86,42549,,,,,0.06575632095336914,0.7234071493148804,0.13492615520954132,0.0182050671428442,,,,
86,42599,,,,,0.06755045801401138,0.6843381524085999,0.152218297123909,0.023170409724116325,,,,
86,42649,,,,,0.06231551244854927,0.8301356434822083,0.11566868424415588,0.01337924413383007,,,,
86,42699,,,,,0.07589006423950195,0.3456893563270569,0.1486198753118515,0.022087866440415382,,,,
86,42716,,,,,,,,,0.06073727458715439,0.6657695174217224,0.12543116509914398,0.016602791845798492
87,42749,,,,,0.05862104520201683,0.7658925652503967,0.0930585265159607,0.008659888990223408,,,,
87,42799,,,,,0.06339190900325775,0.7515664100646973,0.1072523221373558,0.011503061279654503,,,,
87,42849,,,,,0.06532883644104004,0.7416959404945374,0.12086028605699539,0.014607208780944347,,,,
87,42899,,,,,0.07593867927789688,0.49693572521209717,0.1809377819299698,0.03273848071694374,,,,
87,42949,,,,,0.06883760541677475,0.5827405452728271,0.12677745521068573,0.016072522848844528,,,,
87,42999,,,,,0.06336416304111481,0.6365909576416016,0.14548365771770477,0.02116549387574196,,,,
87,43049,,,,,0.06185425817966461,0.6108478307723999,0.09682834893465042,0.00937572866678238,,,,
87,43099,,,,,0.06191830709576607,0.6675156354904175,0.12984894216060638,0.01686074584722519,,,,
87,43149,,,,,0.060409389436244965,0.7989224791526794,0.08787862956523895,0.0077226534485816956,,,,
87,43199,,,,,0.07102697342634201,0.41842710971832275,0.15399770438671112,0.023715294897556305,,,,
87,43207,,,,,,,,,0.06136868894100189,0.6725947856903076,0.12413367629051208,0.016286153346300125
88,43249,,,,,0.0654601901769638,0.7149073481559753,0.12581440806388855,0.015829265117645264,,,,
88,43299,,,,,0.05918656289577484,0.7993087768554688,0.08705440908670425,0.007578470278531313,,,,
88,43349,,,,,0.07362715899944305,0.6217926740646362,0.12325894087553024,0.01519276574254036,,,,
88,43399,,,,,0.06711313873529434,0.754692554473877,0.11490576714277267,0.013203335925936699,,,,
88,43449,,,,,0.07072603702545166,0.6584168076515198,0.13330869376659393,0.01777120679616928,,,,
88,43499,,,,,0.0588964968919754,0.839372992515564,0.10852174460887909,0.011776969768106937,,,,
88,43549,,,,,0.05889404937624931,0.8550514578819275,0.0990634635090828,0.00981357041746378,,,,
88,43599,,,,,0.05832339823246002,0.7375465035438538,0.0953238308429718,0.009086632169783115,,,,
88,43649,,,,,0.058148257434368134,0.750053882598877,0.09237506985664368,0.008533153682947159,,,,
88,43698,,,,,,,,,0.06087596341967583,0.6680176258087158,0.1250249743461609,0.0165017731487751
89,43699,,,,,0.05222710222005844,0.8767730593681335,0.0727541595697403,0.005293168127536774,,,,
89,43749,,,,,0.06781379878520966,0.7052452564239502,0.13754379749298096,0.018918298184871674,,,,
89,43799,,,,,0.06792855262756348,0.6562113165855408,0.12105635553598404,0.014654641039669514,,,,
89,43849,,,,,0.06647013127803802,0.7772876620292664,0.1277788281440735,0.016327427700161934,,,,
89,43899,,,,,0.06502041220664978,0.7769737839698792,0.10521537810564041,0.01107027567923069,,,,
89,43949,,,,,0.07005924731492996,0.6429542303085327,0.17600837349891663,0.030978946015238762,,,,
89,43999,,,,,0.07540170848369598,0.5228874683380127,0.1595858633518219,0.025467649102211,,,,
89,44049,,,,,0.06970110535621643,0.7513161301612854,0.1212056428194046,0.014690807089209557,,,,
89,44099,,,,,0.06465624272823334,0.7133471965789795,0.09610334783792496,0.00923585332930088,,,,
89,44149,,,,,0.07644086331129074,0.3670429587364197,0.16992689669132233,0.02887514792382717,,,,
89,44189,,,,,,,,,0.06142456829547882,0.6713962554931641,0.12422271072864532,0.016325777396559715
90,44199,,,,,0.05264876037836075,0.7887690663337708,0.07711906731128693,0.005947350990027189,,,,
90,44249,,,,,0.07040511071681976,0.5754268169403076,0.15614689886569977,0.0243818536400795,,,,
90,44299,,,,,0.06023765355348587,0.7348135709762573,0.1130010262131691,0.01276923157274723,,,,
90,44349,,,,,0.05887405574321747,0.7571511268615723,0.10195142030715942,0.01039409264922142,,,,
90,44399,,,,,0.07252588868141174,0.5923470258712769,0.14400987327098846,0.020738843828439713,,,,
90,44449,,,,,0.08053624629974365,0.39170974493026733,0.16484133899211884,0.027172666043043137,,,,
90,44499,,,,,0.06148802489042282,0.7605257034301758,0.10817303508520126,0.011701405048370361,,,,
90,44549,,,,,0.07794728875160217,0.5649309158325195,0.15730881690979004,0.024746062234044075,,,,
90,44599,,,,,0.060665883123874664,0.8039261102676392,0.09299592673778534,0.008648241870105267,,,,
90,44649,,,,,0.07284633815288544,0.621106743812561,0.1416204273700714,0.02005634643137455,,,,
90,44680,,,,,,,,,0.06284768134355545,0.672276496887207,0.12433072924613953,0.016285771504044533
91,44699,,,,,0.06687786430120468,0.654478907585144,0.10382556170225143,0.010779747739434242,,,,
91,44749,,,,,0.05911881476640701,0.8069906234741211,0.09965059161186218,0.009930239990353584,,,,
91,44799,,,,,0.06456393003463745,0.7484228610992432,0.10159941762685776,0.010322442278265953,,,,
91,44849,,,,,0.08639542758464813,0.4153129458427429,0.19846391677856445,0.03938792645931244,,,,
91,44899,,,,,0.06950190663337708,0.6159602403640747,0.12839746475219727,0.01648590713739395,,,,
91,44949,,,,,0.06231321766972542,0.7687112092971802,0.12353351712226868,0.015260530635714531,,,,
91,44999,,,,,0.06001637876033783,0.7603955864906311,0.10317565500736237,0.010645216330885887,,,,
91,45049,,,,,0.06644317507743835,0.6501456499099731,0.11653680354356766,0.013580826111137867,,,,
91,45099,,,,,0.0693977028131485,0.7696170210838318,0.12104441970586777,0.014651751145720482,,,,
91,45149,,,,,0.056520454585552216,0.8500028252601624,0.08807462453842163,0.007757139857858419,,,,
91,45171,,,,,,,,,0.06116413697600365,0.666290283203125,0.1249864399433136,0.016535943374037743
92,45199,,,,,0.060271624475717545,0.7163081169128418,0.11239781975746155,0.01263327058404684,,,,
92,45249,,,,,0.06618454307317734,0.6469722986221313,0.11831892281770706,0.013999367132782936,,,,
92,45299,,,,,0.05838960409164429,0.8466528058052063,0.08903998136520386,0.007928118109703064,,,,
92,45349,,,,,0.06734879314899445,0.45224326848983765,0.14368987083435059,0.020646780729293823,,,,
92,45399,,,,,0.05482207238674164,0.8422375917434692,0.09363428503274918,0.008767379447817802,,,,
92,45449,,,,,0.05335331708192825,0.8793507814407349,0.07402756065130234,0.005480079911649227,,,,
92,45499,,,,,0.07776547223329544,0.5455833673477173,0.1444282978773117,0.020859532058238983,,,,
92,45549,,,,,0.051102034747600555,0.8996486663818359,0.07571547478437424,0.005732833407819271,,,,
92,45599,,,,,0.06445276737213135,0.7734490633010864,0.1229415088891983,0.015114614740014076,,,,
92,45649,,,,,0.0697406679391861,0.7156771421432495,0.12489534169435501,0.015598846599459648,,,,
92,45662,,,,,,,,,0.06190141290426254,0.6662877798080444,0.1252921223640442,0.016592126339673996
93,45699,,,,,0.07197554409503937,0.5593057870864868,0.14333897829055786,0.020546063780784607,,,,
93,45749,,,,,0.06709231436252594,0.6558898091316223,0.12335845828056335,0.015217308886349201,,,,
93,45799,,,,,0.06900297850370407,0.6151409149169922,0.14554855227470398,0.02118438109755516,,,,
93,45849,,,,,0.06842668354511261,0.6447272896766663,0.12796413898468018,0.016374820843338966,,,,
93,45899,,,,,0.06444849073886871,0.7190450429916382,0.12532083690166473,0.01570531167089939,,,,
93,45949,,,,,0.062038592994213104,0.7072714567184448,0.11217056214809418,0.012582235038280487,,,,
93,45999,,,,,0.06529372930526733,0.7704424262046814,0.11270180344581604,0.012701696716248989,,,,
93,46049,,,,,0.05463218688964844,0.8737710118293762,0.08104196935892105,0.006567800883203745,,,,
93,46099,,,,,0.0712212324142456,0.5894219875335693,0.14538905024528503,0.02113797515630722,,,,
93,46149,,,,,0.0532442182302475,0.7979209423065186,0.08485892415046692,0.007201037369668484,,,,
93,46153,,,,,,,,,0.061015184968709946,0.6690138578414917,0.12487305700778961,0.01649531163275242
94,46199,,,,,0.06924445927143097,0.6777204871177673,0.13459940254688263,0.01811699941754341,,,,
94,46249,,,,,0.0654602199792862,0.8018336296081543,0.1145174577832222,0.013114248402416706,,,,
94,46299,,,,,0.06813374906778336,0.5485820770263672,0.1482212245464325,0.02196953259408474,,,,
94,46349,,,,,0.0606633685529232,0.7026888132095337,0.09077604115009308,0.008240289986133575,,,,
94,46399,,,,,0.06925060600042343,0.6220545172691345,0.15059000253677368,0.02267734706401825,,,,
94,46449,,,,,0.06099707633256912,0.7582176327705383,0.11648818850517273,0.013569497503340244,,,,
94,46499,,,,,0.05757370591163635,0.7440404891967773,0.08052539080381393,0.006484338082373142,,,,
94,46549,,,,,0.06263668835163116,0.7994982600212097,0.09967883676290512,0.00993587076663971,,,,
94,46599,,,,,0.07150052487850189,0.5871744155883789,0.15330831706523895,0.023503441363573074,,,,
94,46644,,,,,,,,,0.0605999156832695,0.6692920327186584,0.12459246069192886,0.016414588317275047
95,46649,,,,,0.06962814927101135,0.5628345012664795,0.15697257220745087,0.024640390649437904,,,,
95,46699,,,,,0.07477354258298874,0.6020457744598389,0.1367768496274948,0.01870790496468544,,,,
95,46749,,,,,0.06617797911167145,0.6224453449249268,0.1229342371225357,0.015112827531993389,,,,
95,46799,,,,,0.06744306534528732,0.5793018341064453,0.08770319819450378,0.007691850420087576,,,,
95,46849,,,,,0.07672123610973358,0.42768049240112305,0.17813800275325775,0.03173314779996872,,,,
95,46899,,,,,0.06571565568447113,0.6444133520126343,0.12635628879070282,0.015965910628437996,,,,
95,46949,,,,,0.05912236496806145,0.8114033937454224,0.08876638114452362,0.007879470475018024,,,,
95,46999,,,,,0.06192632392048836,0.8243457078933716,0.09916394203901291,0.009833486750721931,,,,
95,47049,,,,,0.06503129005432129,0.6165916919708252,0.11574084311723709,0.013395942747592926,,,,
95,47099,,,,,0.060343533754348755,0.7408783435821533,0.11946312338113785,0.014271438121795654,,,,
95,47135,,,,,,,,,0.0624358095228672,0.6646369695663452,0.12526720762252808,0.01657484471797943
96,47149,,,,,0.06554452329874039,0.7263578176498413,0.10047028958797455,0.010094279423356056,,,,
96,47199,,,,,0.0694141834974289,0.7014607191085815,0.13351160287857056,0.017825346440076828,,,,
96,47249,,,,,0.058006636798381805,0.7041922807693481,0.08609779924154282,0.007412831299006939,,,,
96,47299,,,,,0.0576496459543705,0.793746829032898,0.11467985063791275,0.013151468709111214,,,,
96,47349,,,,,0.06226550042629242,0.7097588181495667,0.1180158481001854,0.013927740976214409,,,,
96,47399,,,,,0.06585310399532318,0.6376564502716064,0.12881313264369965,0.01659282296895981,,,,
96,47449,,,,,0.069233737885952,0.6753779649734497,0.13611721992492676,0.01852789707481861,,,,
96,47499,,,,,0.0724642425775528,0.5204315781593323,0.1720404177904129,0.029597904533147812,,,,
96,47549,,,,,0.05786668509244919,0.7572008371353149,0.1270877718925476,0.01615130342543125,,,,
96,47599,,,,,0.06437250971794128,0.7615728378295898,0.12894342839717865,0.016626408323645592,,,,
96,47626,,,,,,,,,0.06166655197739601,0.6655859351158142,0.12533628940582275,0.01658669300377369
97,47649,,,,,0.06709598749876022,0.7017151117324829,0.13328729569911957,0.017765503376722336,,,,
97,47699,,,,,0.07684387266635895,0.6017193794250488,0.17565545439720154,0.030854836106300354,,,,
97,47749,,,,,0.06128542125225067,0.7696781754493713,0.08456672728061676,0.007151531055569649,,,,
97,47799,,,,,0.06045497953891754,0.8045608997344971,0.10774701833724976,0.01160942018032074,,,,
97,47849,,,,,0.06501804292201996,0.43451815843582153,0.13594837486743927,0.018481960520148277,,,,
97,47899,,,,,0.06297934055328369,0.7094805240631104,0.11673994362354279,0.013628214597702026,,,,
97,47949,,,,,0.06558359414339066,0.6887800693511963,0.12726664543151855,0.016196798533201218,,,,
97,47999,,,,,0.05860033258795738,0.8571726083755493,0.0831494852900505,0.006913837045431137,,,,
97,48049,,,,,0.07679381966590881,0.45068156719207764,0.1536051630973816,0.02359454706311226,,,,
97,48099,,,,,0.06729996204376221,0.6340519189834595,0.15715479850769043,0.02469762973487377,,,,
97,48117,,,,,,,,,0.06264407932758331,0.6670176386833191,0.12499193102121353,0.016482697799801826
98,48149,,,,,0.07657402753829956,0.6844596862792969,0.14702706038951874,0.02161695435643196,,,,
98,48199,,,,,0.07191973924636841,0.7500413656234741,0.11146807670593262,0.012425132095813751,,,,
98,48249,,,,,0.07182998210191727,0.584884524345398,0.12096261233091354,0.014631953090429306,,,,
98,48299,,,,,0.06291564553976059,0.7250813841819763,0.12111388891935349,0.014668574556708336,,,,
98,48349,,,,,0.05931762605905533,0.875201404094696,0.08159853518009186,0.006658321246504784,,,,
98,48399,,,,,0.0706348568201065,0.7227802276611328,0.1307990401983261,0.017108388245105743,,,,
98,48449,,,,,0.07192230224609375,0.680720329284668,0.15266545116901398,0.023306740447878838,,,,
98,48499,,,,,0.06224307045340538,0.7862476706504822,0.1117948591709137,0.012498090974986553,,,,
98,48549,,,,,0.05734100937843323,0.8529602289199829,0.09059026092290878,0.008206594735383987,,,,
98,48599,,,,,0.06535064429044724,0.8092585802078247,0.11338035762310028,0.012855105102062225,,,,
98,48608,,,,,,,,,0.06269670277833939,0.6675868630409241,0.12471252679824829,0.016439810395240784
99,48649,,,,,0.06748831272125244,0.6590029001235962,0.10981691628694534,0.012059755623340607,,,,
99,48699,,,,,0.07027605175971985,0.6161367893218994,0.1677500158548355,0.02814006805419922,,,,
99,48749,,,,,0.05948520824313164,0.7505815625190735,0.11532993614673615,0.013300993479788303,,,,
99,48799,,,,,0.06082773208618164,0.7325648069381714,0.1154249832034111,0.013322927057743073,,,,
99,48849,,,,,0.08136619627475739,0.48054689168930054,0.19527070224285126,0.03813064843416214,,,,
99,48899,,,,,0.07209041714668274,0.6210284233093262,0.1511925309896469,0.022859180346131325,,,,
99,48949,,,,,0.0556652769446373,0.8446211814880371,0.08346907049417496,0.006967085413634777,,,,
99,48999,,,,,0.06926710158586502,0.683647871017456,0.12382812052965164,0.015333402901887894,,,,
99,49049,,,,,0.05588618665933609,0.7970973253250122,0.0794309750199318,0.006309280171990395,,,,
99,49099,,,,,0.06695163995027542,0.5210348963737488,0.09162645787000656,0.00839540921151638,,,,
99,49099,,,,,,,,,0.06117502227425575,0.67055344581604,0.12454670667648315,0.016371674835681915
100,49149,,,,,0.05622806400060654,0.775724470615387,0.1047726646065712,0.010977311059832573,,,,
100,49199,,,,,0.06979598104953766,0.6284255981445312,0.1569966822862625,0.02464795857667923,,,,
100,49249,,,,,0.06418337672948837,0.5851975083351135,0.1287752240896225,0.01658305898308754,,,,
100,49299,,,,,0.056054599583148956,0.8021396398544312,0.07703284174203873,0.00593405868858099,,,,
100,49349,,,,,0.07480917125940323,0.5976740717887878,0.15174159407615662,0.0230255126953125,,,,
100,49399,,,,,0.05423405021429062,0.8743466138839722,0.07689852267503738,0.005913382861763239,,,,
100,49449,,,,,0.060777872800827026,0.8404495716094971,0.0918743759393692,0.008440901525318623,,,,
100,49499,,,,,0.06861378252506256,0.544639527797699,0.13940545916557312,0.0194338820874691,,,,
100,49549,,,,,0.06630624830722809,0.728481650352478,0.1294655054807663,0.01676131598651409,,,,
100,49590,,,,,,,,,0.06072753295302391,0.6704119443893433,0.1240498274564743,0.016301268711686134
101,49599,,,,,0.0675591230392456,0.7008006572723389,0.1237812414765358,0.015321795828640461,,,,
101,49649,,,,,0.06245458126068115,0.7434645891189575,0.10755764693021774,0.011568646878004074,,,,
101,49699,,,,,0.07851232588291168,0.5620452165603638,0.18418271839618683,0.03392327204346657,,,,
101,49749,,,,,0.06836611032485962,0.7057900428771973,0.12036601454019547,0.014487977139651775,,,,
101,49799,,,,,0.056223541498184204,0.8369355201721191,0.0778067484498024,0.006053890101611614,,,,
101,49849,,,,,0.052142590284347534,0.8573101758956909,0.08051532506942749,0.006482717581093311,,,,
101,49899,,,,,0.07512561231851578,0.684040904045105,0.16516728699207306,0.027280233800411224,,,,
101,49949,,,,,0.06285417824983597,0.6258113384246826,0.0923297181725502,0.008524777367711067,,,,
101,49999,,,,,0.06616253405809402,0.6418965458869934,0.13743333518505096,0.018887920305132866,,,,
101,50049,,,,,0.06615084409713745,0.5558859705924988,0.13421200215816498,0.018012860789895058,,,,
101,50081,,,,,,,,,0.06066647544503212,0.6657235622406006,0.12477938085794449,0.016472840681672096
102,50099,,,,,0.05985046550631523,0.7696940898895264,0.1008695736527443,0.010174671187996864,,,,
102,50149,,,,,0.0658368319272995,0.7656177878379822,0.11345977336168289,0.012873120605945587,,,,
102,50199,,,,,0.06149029731750488,0.6481035947799683,0.11726045608520508,0.013750014826655388,,,,
102,50249,,,,,0.07696736603975296,0.5450974702835083,0.19317589700222015,0.03731692582368851,,,,
102,50299,,,,,0.0738016664981842,0.5096660852432251,0.1779264360666275,0.03165781870484352,,,,
102,50349,,,,,0.05839839205145836,0.8229526877403259,0.09497914463281631,0.009021038189530373,,,,
102,50399,,,,,0.06630702316761017,0.790759801864624,0.13364966213703156,0.01786223240196705,,,,
102,50449,,,,,0.060512296855449677,0.7379690408706665,0.13198623061180115,0.017420364543795586,,,,
102,50499,,,,,0.06087353453040123,0.7677178978919983,0.11600254476070404,0.013456590473651886,,,,
102,50549,,,,,0.0677117109298706,0.6238981485366821,0.13785438239574432,0.01900383085012436,,,,
102,50572,,,,,,,,,0.06066642329096794,0.6731374263763428,0.12400773167610168,0.016232838854193687
103,50599,,,,,0.06355665624141693,0.6993284225463867,0.11649777740240097,0.013571732677519321,,,,
103,50649,,,,,0.06548886746168137,0.8126810789108276,0.10176368057727814,0.010355846025049686,,,,
103,50699,,,,,0.06679300963878632,0.5751752853393555,0.15146639943122864,0.0229420717805624,,,,
103,50749,,,,,0.06716824322938919,0.7060846090316772,0.127641960978508,0.016292469576001167,,,,
103,50799,,,,,0.07800032198429108,0.6271755695343018,0.1630321443080902,0.0265794824808836,,,,
103,50849,,,,,0.05712001398205757,0.7757386565208435,0.09652318805456161,0.00931672565639019,,,,
103,50899,,,,,0.06272794306278229,0.7773075103759766,0.10889255255460739,0.011857587844133377,,,,
103,50949,,,,,0.04978318512439728,0.8821050524711609,0.08095341175794601,0.006553455255925655,,,,
103,50999,,,,,0.06482405215501785,0.783722996711731,0.12013033032417297,0.014431295916438103,,,,
103,51049,,,,,0.0637429803609848,0.6447526216506958,0.11495135724544525,0.013213814236223698,,,,
103,51063,,,,,,,,,0.05963539332151413,0.6690474152565002,0.12457998096942902,0.01643274910748005
104,51099,,,,,0.0771089643239975,0.5858332514762878,0.16965989768505096,0.028784479945898056,,,,
104,51149,,,,,0.06713735312223434,0.6095800399780273,0.11973404884338379,0.014336243271827698,,,,
104,51199,,,,,0.06791311502456665,0.7104769945144653,0.12128710001707077,0.014710560441017151,,,,
104,51249,,,,,0.06418431550264359,0.6929644346237183,0.12867076694965363,0.016556167975068092,,,,
104,51299,,,,,0.06379123777151108,0.8102756142616272,0.10355797410011292,0.010724253952503204,,,,
104,51349,,,,,0.05433421581983566,0.9034265279769897,0.07720629870891571,0.005960812326520681,,,,
104,51399,,,,,0.06988032907247543,0.5986930131912231,0.14471717178821564,0.020943058654665947,,,,
104,51449,,,,,0.05451507866382599,0.893290638923645,0.08314786851406097,0.006913567893207073,,,,
104,51499,,,,,0.07040354609489441,0.7344802021980286,0.14046427607536316,0.019730214029550552,,,,
104,51549,,,,,0.07212301343679428,0.7389119267463684,0.12099983543157578,0.014640960842370987,,,,
104,51554,,,,,,,,,0.06078839302062988,0.6700828671455383,0.12425608187913895,0.016319632530212402
105,51599,,,,,0.06338068097829819,0.7957965135574341,0.10772205144166946,0.01160404086112976,,,,
105,51649,,,,,0.05726371705532074,0.7486037611961365,0.0963987335562706,0.009292716160416603,,,,
105,51699,,,,,0.058509960770606995,0.776976466178894,0.08427967876195908,0.007103064097464085,,,,
105,51749,,,,,0.06262648105621338,0.7407635450363159,0.12953299283981323,0.016778796911239624,,,,
105,51799,,,,,0.06210259720683098,0.7395744323730469,0.11075873672962189,0.012267498299479485,,,,
105,51849,,,,,0.06847486644983292,0.758958637714386,0.12674398720264435,0.016064036637544632,,,,
105,51899,,,,,0.06944110989570618,0.7265653610229492,0.1329789161682129,0.01768339052796364,,,,
105,51949,,,,,0.06170717626810074,0.6397150158882141,0.14520764350891113,0.021085258573293686,,,,
105,51999,,,,,0.07210544496774673,0.6548691987991333,0.17434822022914886,0.03039729967713356,,,,
105,52045,,,,,,,,,0.060566261410713196,0.6691571474075317,0.12465951591730118,0.016434404999017715
106,52049,,,,,0.06154562532901764,0.8032718300819397,0.11830109357833862,0.013995148241519928,,,,
106,52099,,,,,0.06553003937005997,0.6204449534416199,0.1251554638147354,0.015663890168070793,,,,
106,52149,,,,,0.05618514120578766,0.7826184630393982,0.09755969047546387,0.009517893195152283,,,,
106,52199,,,,,0.06079608201980591,0.7572376132011414,0.1274755597114563,0.016250018030405045,,,,
106,52249,,,,,0.0718972384929657,0.6487760543823242,0.13303242623806,0.01769762486219406,,,,
106,52299,,,,,0.06455110758543015,0.7234938740730286,0.11358083039522171,0.012900604866445065,,,,
106,52349,,,,,0.0696704089641571,0.6617988348007202,0.15350453555583954,0.02356364205479622,,,,
106,52399,,,,,0.056377775967121124,0.8719373941421509,0.08158298581838608,0.0066557833924889565,,,,
106,52449,,,,,0.0531938411295414,0.8588890433311462,0.09106357395648956,0.008292574435472488,,,,
106,52499,,,,,0.06223892420530319,0.7587699294090271,0.10546022653579712,0.011121859773993492,,,,
106,52536,,,,,,,,,0.061374057084321976,0.6698642373085022,0.12444937229156494,0.016366062685847282
107,52549,,,,,0.06552541255950928,0.7166265249252319,0.12567098438739777,0.015793194994330406,,,,
107,52599,,,,,0.061002083122730255,0.7633258104324341,0.11814796924591064,0.013958942145109177,,,,
107,52649,,,,,0.06337094306945801,0.7059509754180908,0.10997068136930466,0.012093551456928253,,,,
107,52699,,,,,0.05811174586415291,0.8348058462142944,0.08906342089176178,0.00793229229748249,,,,
107,52749,,,,,0.06525032967329025,0.7698577046394348,0.11039914935827255,0.012187972664833069,,,,
107,52799,,,,,0.060239799320697784,0.8147915601730347,0.09276644140481949,0.008605612441897392,,,,
107,52849,,,,,0.052391111850738525,0.8722058534622192,0.08199310302734375,0.006722868420183659,,,,
107,52899,,,,,0.05772746354341507,0.7238824963569641,0.08932985365390778,0.007979823276400566,,,,
107,52949,,,,,0.04866451770067215,0.8872324228286743,0.06997696310281754,0.004896774888038635,,,,
107,52999,,,,,0.0585302896797657,0.8500766754150391,0.10255233198404312,0.010516980662941933,,,,
107,53027,,,,,,,,,0.06070895493030548,0.668599009513855,0.1245623305439949,0.016389725729823112
108,53049,,,,,0.062343090772628784,0.7135857343673706,0.09506496787071228,0.009037347510457039,,,,
108,53099,,,,,0.053010523319244385,0.8712120652198792,0.08433438092470169,0.007112287916243076,,,,
108,53149,,,,,0.07015377283096313,0.6303257942199707,0.12354619801044464,0.015263663604855537,,,,
108,53199,,,,,0.06285203248262405,0.7848536968231201,0.08959201723337173,0.008026729337871075,,,,
108,53249,,,,,0.06827598810195923,0.5809999704360962,0.14188794791698456,0.020132187753915787,,,,
108,53299,,,,,0.0561668761074543,0.8617532849311829,0.08452970534563065,0.0071452707052230835,,,,
108,53349,,,,,0.0667235255241394,0.6702069044113159,0.13095952570438385,0.01715039648115635,,,,
108,53399,,,,,0.06853380054235458,0.6741454601287842,0.13227087259292603,0.01749558560550213,,,,
108,53449,,,,,0.06062673032283783,0.7613808512687683,0.1281893104314804,0.016432499513030052,,,,
108,53499,,,,,0.06535916030406952,0.7257328033447266,0.11859666556119919,0.014065168797969818,,,,
108,53518,,,,,,,,,0.06115921586751938,0.6723513603210449,0.12398894876241684,0.016237502917647362
109,53549,,,,,0.06272372603416443,0.7233639359474182,0.10369546711444855,0.010752750560641289,,,,
109,53599,,,,,0.0613398514688015,0.7961326837539673,0.10132541507482529,0.01026684045791626,,,,
109,53649,,,,,0.07004127651453018,0.5001521110534668,0.1472366899251938,0.02167864330112934,,,,
109,53699,,,,,0.0688774362206459,0.6966478824615479,0.1391749233007431,0.019369659945368767,,,,
109,53749,,,,,0.07572133839130402,0.5092732906341553,0.19061703979969025,0.03633485734462738,,,,
109,53799,,,,,0.06013193726539612,0.7707388401031494,0.09636079519987106,0.009285403415560722,,,,
109,53849,,,,,0.0675477460026741,0.6876416206359863,0.13644224405288696,0.018616484478116035,,,,
109,53899,,,,,0.07907842844724655,0.6273090839385986,0.17265914380550385,0.029811179265379906,,,,
109,53949,,,,,0.0621170774102211,0.7587386965751648,0.10241760313510895,0.010489365085959435,,,,
109,53999,,,,,0.05594372749328613,0.8423306941986084,0.0811009556055069,0.006577364634722471,,,,
109,54009,,,,,,,,,0.06041963770985603,0.6765117049217224,0.12325671315193176,0.01607648655772209
110,54049,,,,,0.0576147735118866,0.7620775699615479,0.11294835805892944,0.012757331132888794,,,,
110,54099,,,,,0.05928966403007507,0.733660101890564,0.09852652251720428,0.009707475081086159,,,,
110,54149,,,,,0.06126806139945984,0.7886408567428589,0.09048913419246674,0.008188283070921898,,,,
110,54199,,,,,0.0762636587023735,0.5339739322662354,0.15067487955093384,0.022702917456626892,,,,
110,54249,,,,,0.057799115777015686,0.8168225288391113,0.08397985249757767,0.007052615284919739,,,,
110,54299,,,,,0.06544337421655655,0.8093230128288269,0.12289238721132278,0.015102539211511612,,,,
110,54349,,,,,0.060843974351882935,0.7994500994682312,0.11516303569078445,0.013262524269521236,,,,
110,54399,,,,,0.06405594199895859,0.662526547908783,0.1329779177904129,0.017683126032352448,,,,
110,54449,,,,,0.06267371028661728,0.7228838205337524,0.11431210488080978,0.013067257590591908,,,,
110,54499,,,,,0.059843551367521286,0.757104754447937,0.11366765201091766,0.012920334935188293,,,,
110,54500,,,,,,,,,0.06137050315737724,0.6696577072143555,0.12426432222127914,0.016326867043972015
111,54549,,,,,0.06231849268078804,0.6972030401229858,0.11215437203645706,0.012578602880239487,,,,
111,54599,,,,,0.06367842853069305,0.7603710293769836,0.11209357529878616,0.012564970180392265,,,,
111,54649,,,,,0.05548526346683502,0.8209710717201233,0.09147696197032928,0.008368033915758133,,,,
111,54699,,,,,0.06503836810588837,0.7274278998374939,0.15083463490009308,0.022751089185476303,,,,
111,54749,,,,,0.05845759063959122,0.8096440434455872,0.10724541544914246,0.011501578614115715,,,,
111,54799,,,,,0.0594993531703949,0.6781558394432068,0.10518352687358856,0.011063573881983757,,,,
111,54849,,,,,0.06496192514896393,0.7609132528305054,0.11133739352226257,0.012396015226840973,,,,
111,54899,,,,,0.06597738713026047,0.7324526906013489,0.10884764790534973,0.011847810819745064,,,,
111,54949,,,,,0.07376860082149506,0.3662046790122986,0.1633131206035614,0.02667117491364479,,,,
111,54991,,,,,,,,,0.05981484800577164,0.6672095656394958,0.12478561699390411,0.01648651622235775
112,54999,,,,,0.06557939946651459,0.6569507122039795,0.130497008562088,0.017029467970132828,,,,
112,55049,,,,,0.059718452394008636,0.8223022818565369,0.08481152355670929,0.0071929944679141045,,,,
112,55099,,,,,0.06291928142309189,0.7692379355430603,0.1250842809677124,0.015646077692508698,,,,
112,55149,,,,,0.05741901695728302,0.7266976833343506,0.1169397383928299,0.013674902729690075,,,,
112,55199,,,,,0.058147743344306946,0.7906697392463684,0.09173543006181717,0.00841538980603218,,,,
112,55249,,,,,0.05842891335487366,0.8318959474563599,0.0922207310795784,0.008504662662744522,,,,
112,55299,,,,,0.058366939425468445,0.7359040975570679,0.10701295733451843,0.011451772414147854,,,,
112,55349,,,,,0.06338047236204147,0.7530992031097412,0.10310449451208115,0.010630536824464798,,,,
112,55399,,,,,0.07294785231351852,0.5728030204772949,0.1389930248260498,0.019319061189889908,,,,
112,55449,,,,,0.055119313299655914,0.857511043548584,0.0895356684923172,0.008016636595129967,,,,
112,55482,,,,,,,,,0.0607704222202301,0.6713777184486389,0.12416273355484009,0.01628391444683075
113,55499,,,,,0.06000624597072601,0.8394795656204224,0.0985785573720932,0.009717731736600399,,,,
113,55549,,,,,0.06289485841989517,0.6631090044975281,0.13497817516326904,0.018219105899333954,,,,
113,55599,,,,,0.06635115295648575,0.5384830236434937,0.13692022860050201,0.018747150897979736,,,,
113,55649,,,,,0.06930086016654968,0.7093502283096313,0.13191525638103485,0.01740163378417492,,,,
113,55699,,,,,0.05604975298047066,0.8112850189208984,0.09437038749456406,0.008905770257115364,,,,
113,55749,,,,,0.06635595858097076,0.5229790210723877,0.14603540301322937,0.02132633700966835,,,,
113,55799,,,,,0.0637701004743576,0.651538610458374,0.11161183565855026,0.012457202188670635,,,,
113,55849,,,,,0.07060293853282928,0.7281438708305359,0.1420917510986328,0.02019006386399269,,,,
113,55899,,,,,0.05851205438375473,0.7769200801849365,0.09885817766189575,0.00977293960750103,,,,
113,55949,,,,,0.07058918476104736,0.5939016342163086,0.14526091516017914,0.021100733429193497,,,,
113,55973,,,,,,,,,0.06059740483760834,0.6634101867675781,0.12534761428833008,0.01660187914967537
114,55999,,,,,0.05748637020587921,0.7455388903617859,0.10363459587097168,0.0107401292771101,,,,
114,56049,,,,,0.05959814786911011,0.7538046836853027,0.09959018975496292,0.009918205440044403,,,,
114,56099,,,,,0.06173566356301308,0.771080732345581,0.09275313466787338,0.008603144437074661,,,,
114,56149,,,,,0.06482724845409393,0.6809973120689392,0.11457040160894394,0.013126377016305923,,,,
114,56199,,,,,0.061682816594839096,0.7974304556846619,0.09338518232107162,0.008720792829990387,,,,
114,56249,,,,,0.06645575910806656,0.8188627362251282,0.11549501866102219,0.013339098542928696,,,,
114,56299,,,,,0.0670274943113327,0.6377615928649902,0.14405907690525055,0.02075301669538021,,,,
114,56349,,,,,0.06340418010950089,0.6634145379066467,0.10822178423404694,0.011711955070495605,,,,
114,56399,,,,,0.056224264204502106,0.8531484603881836,0.09338585287332535,0.008720917627215385,,,,
114,56449,,,,,0.08344407379627228,0.4650545120239258,0.20722948014736176,0.042944055050611496,,,,
114,56464,,,,,,,,,0.061564043164253235,0.6710326671600342,0.12416692078113556,0.016266992315649986
115,56499,,,,,0.06254692375659943,0.7933017015457153,0.11615097522735596,0.013491049408912659,,,,
115,56549,,,,,0.05862822011113167,0.8623024821281433,0.09346238523721695,0.008735217154026031,,,,
115,56599,,,,,0.061248719692230225,0.7273217439651489,0.09317667782306671,0.008681893348693848,,,,
115,56649,,,,,0.05943553149700165,0.8544230461120605,0.10420650243759155,0.010858995839953423,,,,
115,56699,,,,,0.05324169248342514,0.8570113182067871,0.07905098050832748,0.006249058060348034,,,,
115,56749,,,,,0.07172699272632599,0.39118432998657227,0.12616436183452606,0.015917446464300156,,,,
115,56799,,,,,0.07791407406330109,0.4178311228752136,0.17314743995666504,0.029980037361383438,,,,
115,56849,,,,,0.06959526240825653,0.6716989874839783,0.1397068202495575,0.019517993554472923,,,,
115,56899,,,,,0.0611434280872345,0.8061712980270386,0.10512825101613998,0.011051949113607407,,,,
115,56949,,,,,0.06306691467761993,0.7436251640319824,0.10075069218873978,0.01015070267021656,,,,
115,56955,,,,,,,,,0.061596084386110306,0.6739295125007629,0.12367130070924759,0.016173865646123886
116,56999,,,,,0.06821218132972717,0.7347848415374756,0.12740004062652588,0.016230769455432892,,,,
116,57049,,,,,0.06458282470703125,0.7259521484375,0.13516190648078918,0.01826874166727066,,,,
116,57099,,,,,0.0558464340865612,0.8287081122398376,0.08695557713508606,0.007561272941529751,,,,
116,57149,,,,,0.05907294526696205,0.7512291073799133,0.1125594973564148,0.01266963966190815,,,,
116,57199,,,,,0.06973622739315033,0.7713238596916199,0.12755762040615082,0.016270944848656654,,,,
116,57249,,,,,0.06609303504228592,0.5528810024261475,0.15838134288787842,0.02508465200662613,,,,
116,57299,,,,,0.0615854486823082,0.8334360718727112,0.1093270480632782,0.01195240393280983,,,,
116,57349,,,,,0.06803193688392639,0.7890288829803467,0.1259898841381073,0.01587345264852047,,,,
116,57399,,,,,0.05762629956007004,0.7311906814575195,0.0914258360862732,0.008358683437108994,,,,
116,57446,,,,,,,,,0.06038133427500725,0.6724005937576294,0.12395434081554413,0.01625954359769821
117,57449,,,,,0.059323277324438095,0.8310904502868652,0.10638068616390228,0.011316850781440735,,,,
117,57499,,,,,0.05687557905912399,0.8509620428085327,0.0827714279294014,0.006851108744740486,,,,
117,57549,,,,,0.06186848133802414,0.8489247560501099,0.09528747200965881,0.009079702198505402,,,,
117,57599,,,,,0.06055974215269089,0.6736100316047668,0.10623559355735779,0.011286001652479172,,,,
117,57649,,,,,0.07501143217086792,0.5303014516830444,0.16054056584835052,0.025773273780941963,,,,
117,57699,,,,,0.061721641570329666,0.7885042428970337,0.10490737855434418,0.01100555807352066,,,,
117,57749,,,,,0.06611127406358719,0.5426511764526367,0.15513570606708527,0.024067087098956108,,,,
117,57799,,,,,0.05955766513943672,0.7412566542625427,0.10319709032773972,0.010649639181792736,,,,
117,57849,,,,,0.07268516719341278,0.6211717128753662,0.1559792459011078,0.024329524487257004,,,,
117,57899,,,,,0.05906684696674347,0.8095539808273315,0.09496822208166122,0.00901896320283413,,,,
117,57937,,,,,,,,,0.05998225510120392,0.6714592576026917,0.12415720522403717,0.01629064418375492
118,57949,,,,,0.08118073642253876,0.582672655582428,0.183211550116539,0.03356647118926048,,,,
118,57999,,,,,0.06855156272649765,0.6751208901405334,0.1424427181482315,0.02028992772102356,,,,
118,58049,,,,,0.05513335019350052,0.8710899353027344,0.09234057366847992,0.00852678157389164,,,,
118,58099,,,,,0.06419309973716736,0.6448961496353149,0.11761151254177094,0.013832468539476395,,,,
118,58149,,,,,0.07569461315870285,0.4521480202674866,0.14006243646144867,0.019617486745119095,,,,
118,58199,,,,,0.07233069837093353,0.6228747367858887,0.14478148519992828,0.02096167765557766,,,,
118,58249,,,,,0.06628817319869995,0.5979059338569641,0.13363726437091827,0.017858916893601418,,,,
118,58299,,,,,0.058189332485198975,0.6448773145675659,0.08851904422044754,0.007835621014237404,,,,
118,58349,,,,,0.057626619935035706,0.7891443371772766,0.09706239402294159,0.009421108290553093,,,,
118,58399,,,,,0.05845389887690544,0.8417909145355225,0.10043409466743469,0.010087007656693459,,,,
118,58428,,,,,,,,,0.06041302904486656,0.6771489977836609,0.12311677634716034,0.016021719202399254
119,58449,,,,,0.05927887558937073,0.8267359137535095,0.09684767574071884,0.009379472583532333,,,,
119,58499,,,,,0.06213665381073952,0.7224026918411255,0.12922260165214539,0.016698481515049934,,,,
119,58549,,,,,0.06359072029590607,0.6776072978973389,0.15263043344020844,0.0232960507273674,,,,
119,58599,,,,,0.06149417906999588,0.65010666847229,0.1519460380077362,0.023087596520781517,,,,
119,58649,,,,,0.0513264462351799,0.8922803997993469,0.07715125381946564,0.005952315870672464,,,,
119,58699,,,,,0.07012730836868286,0.6883763074874878,0.13586202263832092,0.018458489328622818,,,,
119,58749,,,,,0.05641985684633255,0.8480663299560547,0.07976259291172028,0.006362071260809898,,,,
119,58799,,,,,0.062422432005405426,0.70524001121521,0.12476854771375656,0.015567190945148468,,,,
119,58849,,,,,0.05856738239526749,0.7642800211906433,0.08908058702945709,0.007935350760817528,,,,
119,58899,,,,,0.06574219465255737,0.5499807596206665,0.15965048968791962,0.02548827975988388,,,,
119,58919,,,,,,,,,0.0601966455578804,0.670005738735199,0.12428726255893707,0.016322487965226173
120,58949,,,,,0.07087055593729019,0.7082103490829468,0.13706761598587036,0.018787533044815063,,,,
120,58999,,,,,0.06488427519798279,0.7219109535217285,0.1255459040403366,0.01576177403330803,,,,
120,59049,,,,,0.061387330293655396,0.7676563262939453,0.09140653908252716,0.00835515558719635,,,,
120,59099,,,,,0.05858391150832176,0.8327698707580566,0.09297037124633789,0.008643489331007004,,,,
120,59149,,,,,0.054334625601768494,0.8320784568786621,0.08302827179431915,0.006893693935126066,,,,
120,59199,,,,,0.05419228971004486,0.7924028038978577,0.1003652885556221,0.010073190554976463,,,,
120,59249,,,,,0.05223141238093376,0.8818780779838562,0.07563310861587524,0.005720367189496756,,,,
120,59299,,,,,0.0621030330657959,0.7992034554481506,0.10515677183866501,0.01105794683098793,,,,
120,59349,,,,,0.06143677979707718,0.8849924206733704,0.10374511033296585,0.010763047263026237,,,,
120,59399,,,,,0.07432779669761658,0.6680259704589844,0.17344912886619568,0.030084602534770966,,,,
120,59410,,,,,,,,,0.06038093566894531,0.6721490025520325,0.12399011850357056,0.016253214329481125
121,59449,,,,,0.062233030796051025,0.7896758913993835,0.0952908918261528,0.009080354124307632,,,,
121,59499,,,,,0.07678021490573883,0.561819851398468,0.17963701486587524,0.03226945921778679,,,,
121,59549,,,,,0.06567148864269257,0.6249525547027588,0.10639870911836624,0.011320685967803001,,,,
121,59599,,,,,0.06249336153268814,0.6759661436080933,0.15294447541236877,0.02339201420545578,,,,
121,59649,,,,,0.07050561159849167,0.5739561319351196,0.16217362880706787,0.026300285011529922,,,,
121,59699,,,,,0.06534280627965927,0.6514697670936584,0.12060786038637161,0.014546256512403488,,,,
121,59749,,,,,0.06930799037218094,0.5317697525024414,0.12196515500545502,0.014875499531626701,,,,
121,59799,,,,,0.06610820442438126,0.7360491752624512,0.12947681546211243,0.016764245927333832,,,,
121,59849,,,,,0.06540998816490173,0.4947260618209839,0.13315442204475403,0.017730098217725754,,,,
121,59899,,,,,0.06840898096561432,0.7094899415969849,0.1340734213590622,0.017975684255361557,,,,
121,59901,,,,,,,,,0.0608605295419693,0.6719176173210144,0.12408450990915298,0.01626746356487274
122,59949,,,,,0.06390326470136642,0.694582998752594,0.1430126279592514,0.02045261114835739,,,,
122,59999,,,,,0.07458720356225967,0.5183535814285278,0.17110753059387207,0.02927778847515583,,,,
122,60049,,,,,0.05648639425635338,0.8345453143119812,0.07879702746868134,0.0062089720740914345,,,,
122,60099,,,,,0.061006784439086914,0.7369767427444458,0.10059906542301178,0.010120172053575516,,,,
122,60149,,,,,0.055545322597026825,0.7458072304725647,0.0975707545876503,0.009520052000880241,,,,
122,60199,,,,,0.07624784111976624,0.5914783477783203,0.1920841485261917,0.036896318197250366,,,,
122,60249,,,,,0.058867424726486206,0.814624547958374,0.0994507446885109,0.009890450164675713,,,,
122,60299,,,,,0.05596578121185303,0.8402568697929382,0.10858990252017975,0.011791766621172428,,,,
122,60349,,,,,0.07635016739368439,0.3622773289680481,0.1512705385684967,0.022882776334881783,,,,
122,60392,,,,,,,,,0.05951214209198952,0.6698289513587952,0.12417242676019669,0.01632113754749298
123,60399,,,,,0.061737190932035446,0.7975946664810181,0.12041714787483215,0.014500290155410767,,,,
123,60449,,,,,0.05548425391316414,0.8060286045074463,0.0988561362028122,0.009772536344826221,,,,
123,60499,,,,,0.056387439370155334,0.749319314956665,0.08911345154047012,0.00794120691716671,,,,
123,60549,,,,,0.05326499417424202,0.83943772315979,0.10381656885147095,0.010777879506349564,,,,
123,60599,,,,,0.07392074167728424,0.6274229288101196,0.16644558310508728,0.027704134583473206,,,,
123,60649,,,,,0.06351917237043381,0.6064649820327759,0.15321098268032074,0.023473605513572693,,,,
123,60699,,,,,0.057738203555345535,0.8559826612472534,0.09525129944086075,0.009072809480130672,,,,
123,60749,,,,,0.06312455981969833,0.7699486613273621,0.10371705889701843,0.01075722835958004,,,,
123,60799,,,,,0.05951271206140518,0.7316702604293823,0.09415417909622192,0.008865009993314743,,,,
123,60849,,,,,0.063779816031456,0.7849747538566589,0.10737339407205582,0.011529045179486275,,,,
123,60883,,,,,,,,,0.05999091640114784,0.6655871272087097,0.12474367767572403,0.016486942768096924
124,60899,,,,,0.06053714454174042,0.7163970470428467,0.12275084853172302,0.015067771077156067,,,,
124,60949,,,,,0.062497831881046295,0.7653204202651978,0.09741446375846863,0.009489578194916248,,,,
124,60999,,,,,0.05338451266288757,0.9177146553993225,0.07962463051080704,0.006340081803500652,,,,
124,61049,,,,,0.07210634648799896,0.7747536301612854,0.13165929913520813,0.017334170639514923,,,,
124,61099,,,,,0.05028720572590828,0.875665545463562,0.07860780507326126,0.0061791869811713696,,,,
124,61149,,,,,0.05933322012424469,0.833423376083374,0.09946365654468536,0.009893018752336502,,,,
124,61199,,,,,0.06925101578235626,0.6870437264442444,0.1501953899860382,0.022558653727173805,,,,
124,61249,,,,,0.05642317235469818,0.8450402021408081,0.08926116675138474,0.007967555895447731,,,,
124,61299,,,,,0.05374852940440178,0.8258359432220459,0.09135407209396362,0.008345566689968109,,,,
124,61349,,,,,0.05036136507987976,0.8964347839355469,0.0711718201637268,0.005065428093075752,,,,
124,61374,,,,,,,,,0.059564005583524704,0.6705033183097839,0.12439123541116714,0.016329584643244743
125,61399,,,,,0.06267452239990234,0.7078549861907959,0.1247764602303505,0.015569164417684078,,,,
125,61449,,,,,0.06303826719522476,0.7034229040145874,0.11194255948066711,0.012531137093901634,,,,
125,61499,,,,,0.06821088492870331,0.6719032526016235,0.12944161891937256,0.016755132004618645,,,,
125,61549,,,,,0.07113146036863327,0.5734139084815979,0.18836285173892975,0.0354805663228035,,,,
125,61599,,,,,0.0629102885723114,0.7891752123832703,0.10428623855113983,0.010875619016587734,,,,
125,61649,,,,,0.06146235018968582,0.7396925091743469,0.15029297769069672,0.022587981075048447,,,,
125,61699,,,,,0.053849246352910995,0.8794823288917542,0.08210383355617523,0.006741038989275694,,,,
125,61749,,,,,0.06759203970432281,0.705137312412262,0.13435935974121094,0.018052438274025917,,,,
125,61799,,,,,0.07780271768569946,0.646159291267395,0.1461559534072876,0.021361563354730606,,,,
125,61849,,,,,0.07863514870405197,0.34243613481521606,0.1799449473619461,0.03238018602132797,,,,
125,61865,,,,,,,,,0.05925903841853142,0.6736075282096863,0.12366333603858948,0.016178902238607407
126,61899,,,,,0.05675385147333145,0.8702682852745056,0.0885760486125946,0.007845716550946236,,,,
126,61949,,,,,0.06258663535118103,0.6331860423088074,0.1306459754705429,0.017068369314074516,,,,
126,61999,,,,,0.06254009902477264,0.6063777208328247,0.12937873601913452,0.016738858073949814,,,,
126,62049,,,,,0.05909217894077301,0.8425875306129456,0.08844953775405884,0.007823320105671883,,,,
126,62099,,,,,0.05940409004688263,0.8012838363647461,0.11119513213634491,0.012364357709884644,,,,
126,62149,,,,,0.059844039380550385,0.7616958618164062,0.1209682822227478,0.014633324928581715,,,,
126,62199,,,,,0.05748830735683441,0.7950301766395569,0.08194713294506073,0.00671533215790987,,,,
126,62249,,,,,0.0692269429564476,0.5361763834953308,0.12480831891298294,0.01557711698114872,,,,
126,62299,,,,,0.07101701200008392,0.635753870010376,0.1357211023569107,0.01842021942138672,,,,
126,62349,,,,,0.06274010241031647,0.7734752297401428,0.11121635884046555,0.012369077652692795,,,,
126,62356,,,,,,,,,0.05948144197463989,0.6716018319129944,0.12384044378995895,0.016233596950769424
127,62399,,,,,0.0624593123793602,0.6223434209823608,0.12453849613666534,0.015509836375713348,,,,
127,62449,,,,,0.0672105923295021,0.6546844244003296,0.13406887650489807,0.01797446236014366,,,,
127,62499,,,,,0.05246195197105408,0.7898919582366943,0.09027282893657684,0.008149184286594391,,,,
127,62549,,,,,0.05981326848268509,0.8131757974624634,0.09165050089359283,0.008399814367294312,,,,
127,62599,,,,,0.05504773184657097,0.808519721031189,0.09817282110452652,0.009637902490794659,,,,
127,62649,,,,,0.060616713017225266,0.7015973329544067,0.09826067090034485,0.009655158966779709,,,,
127,62699,,,,,0.06699936836957932,0.6818437576293945,0.15194669365882874,0.023087795823812485,,,,
127,62749,,,,,0.06805162131786346,0.6863362789154053,0.15339604020118713,0.023530347272753716,,,,
127,62799,,,,,0.05986730754375458,0.8162626028060913,0.11381299793720245,0.012953398749232292,,,,
127,62847,,,,,,,,,0.059047501534223557,0.6695325970649719,0.12419185042381287,0.016365930438041687
128,62849,,,,,0.07342987507581711,0.5762906074523926,0.1309422254562378,0.01714586466550827,,,,
128,62899,,,,,0.06166263669729233,0.7986338138580322,0.09792426228523254,0.009589161723852158,,,,
128,62949,,,,,0.0632057636976242,0.6842767000198364,0.13804039359092712,0.01905514858663082,,,,
128,62999,,,,,0.06449979543685913,0.7076947689056396,0.11709430813789368,0.01371107716113329,,,,
128,63049,,,,,0.07526154816150665,0.5632445812225342,0.17872555553913116,0.03194282576441765,,,,
128,63099,,,,,0.060026317834854126,0.7483221292495728,0.10972410440444946,0.01203937828540802,,,,
128,63149,,,,,0.05635904148221016,0.7995181083679199,0.1071687713265419,0.011485145427286625,,,,
128,63199,,,,,0.05897548049688339,0.7905089855194092,0.10577402263879776,0.011188143864274025,,,,
128,63249,,,,,0.05342739075422287,0.8542928695678711,0.07599294185638428,0.0057749273255467415,,,,
128,63299,,,,,0.059820398688316345,0.6959524154663086,0.08761407434940338,0.007676226086914539,,,,
128,63338,,,,,,,,,0.05961316451430321,0.6670879125595093,0.12486198544502258,0.01648159883916378
129,63349,,,,,0.06687478721141815,0.6715426445007324,0.12397830933332443,0.015370621345937252,,,,
129,63399,,,,,0.06969974935054779,0.5758590698242188,0.16030795872211456,0.025698643177747726,,,,
129,63449,,,,,0.07014855742454529,0.6375223398208618,0.1374139040708542,0.01888258196413517,,,,
129,63499,,,,,0.05754496902227402,0.8144091367721558,0.08654922991991043,0.0074907694943249226,,,,
129,63549,,,,,0.06675094366073608,0.6624964475631714,0.13741764426231384,0.018883608281612396,,,,
129,63599,,,,,0.058049511164426804,0.62087482213974,0.1135009378194809,0.01288246363401413,,,,
129,63649,,,,,0.05158785730600357,0.896527886390686,0.07728247344493866,0.005972580518573523,,,,
129,63699,,,,,0.06418204307556152,0.7534399032592773,0.11524111777544022,0.013280514627695084,,,,
129,63749,,,,,0.06100302189588547,0.8225506544113159,0.09084940701723099,0.008253614418208599,,,,
129,63799,,,,,0.07852284610271454,0.39556264877319336,0.18828259408473969,0.03545033559203148,,,,
129,63829,,,,,,,,,0.05957961827516556,0.6669825911521912,0.1244843527674675,0.016420789062976837
130,63849,,,,,0.05573880299925804,0.7347297668457031,0.09250685572624207,0.008557518012821674,,,,
130,63899,,,,,0.05867879465222359,0.734942615032196,0.0927678644657135,0.008605876937508583,,,,
130,63949,,,,,0.06639335304498672,0.7350711822509766,0.11380121856927872,0.0129507165402174,,,,
130,63999,,,,,0.06298218667507172,0.8097424507141113,0.09995854645967484,0.009991711005568504,,,,
130,64049,,,,,0.06842472404241562,0.7254992723464966,0.1554679423570633,0.02417028322815895,,,,
130,64099,,,,,0.05941963940858841,0.8160065412521362,0.10199415683746338,0.010402807965874672,,,,
130,64149,,,,,0.057526037096977234,0.8883320689201355,0.07939554005861282,0.006303652189671993,,,,
130,64199,,,,,0.06331942975521088,0.5852881073951721,0.1260603368282318,0.01589120924472809,,,,
130,64249,,,,,0.055312950164079666,0.8255027532577515,0.0965813398361206,0.009327955543994904,,,,
130,64299,,,,,0.0684964656829834,0.6960945129394531,0.12864050269126892,0.016548380255699158,,,,
130,64320,,,,,,,,,0.06077208369970322,0.6700270175933838,0.12403896450996399,0.016279013827443123
131,64349,,,,,0.056718237698078156,0.8337637186050415,0.09997446089982986,0.00999489240348339,,,,
131,64399,,,,,0.06442338228225708,0.6149348020553589,0.1375109702348709,0.018909266218543053,,,,
131,64449,,,,,0.05855734273791313,0.7779849767684937,0.09576244652271271,0.00917044561356306,,,,
131,64499,,,,,0.06040390953421593,0.7882511615753174,0.09636274725198746,0.009285779669880867,,,,
131,64549,,,,,0.07519214600324631,0.40208280086517334,0.19020603597164154,0.036178335547447205,,,,
131,64599,,,,,0.05882704257965088,0.8273382186889648,0.08701246976852417,0.0075711701065301895,,,,
131,64649,,,,,0.06929750740528107,0.7183305621147156,0.15324296057224274,0.023483403027057648,,,,
131,64699,,,,,0.05376119166612625,0.7823601961135864,0.09442564100027084,0.008916201069951057,,,,
131,64749,,,,,0.0682394802570343,0.6487716436386108,0.14625075459480286,0.02138928510248661,,,,
131,64799,,,,,0.06522980332374573,0.6977043151855469,0.1359095275402069,0.018471399322152138,,,,
131,64811,,,,,,,,,0.05924071744084358,0.6709929704666138,0.1239377111196518,0.016258344054222107
132,64849,,,,,0.06220962479710579,0.7745457291603088,0.10258802771568298,0.01052430272102356,,,,
132,64899,,,,,0.05734793096780777,0.7573955059051514,0.11512511223554611,0.013253791257739067,,,,
132,64949,,,,,0.07458272576332092,0.49012452363967896,0.16839413344860077,0.028356581926345825,,,,
132,64999,,,,,0.06106605380773544,0.7610143423080444,0.10315240919589996,0.010640420019626617,,,,
132,65049,,,,,0.060958392918109894,0.8119217157363892,0.09569466859102249,0.009157469496130943,,,,
132,65099,,,,,0.06853385269641876,0.7053992748260498,0.13092878460884094,0.017142347991466522,,,,
132,65149,,,,,0.07428470253944397,0.284511923789978,0.16168007254600525,0.026140445843338966,,,,
132,65199,,,,,0.07086207717657089,0.6254451274871826,0.14686843752861023,0.02157033607363701,,,,
132,65249,,,,,0.05421110615134239,0.8439891338348389,0.08407843112945557,0.007069183047860861,,,,
132,65299,,,,,0.055129583925008774,0.8397775888442993,0.07716423273086548,0.005954319145530462,,,,
132,65302,,,,,,,,,0.05933554098010063,0.6746941804885864,0.1234530359506607,0.016133269295096397
133,65349,,,,,0.055466823279857635,0.8943875432014465,0.08165916800498962,0.0066682202741503716,,,,
133,65399,,,,,0.07738626003265381,0.5118476152420044,0.172318696975708,0.029693733900785446,,,,
133,65449,,,,,0.05521119013428688,0.6969742178916931,0.09747197479009628,0.009500785730779171,,,,
133,65499,,,,,0.057551201432943344,0.738092839717865,0.10672810673713684,0.011390888132154942,,,,
133,65549,,,,,0.05462240055203438,0.8308824300765991,0.07866628468036652,0.006188384257256985,,,,
133,65599,,,,,0.061632778495550156,0.7820619344711304,0.0912986472249031,0.008335443213582039,,,,
133,65649,,,,,0.06545152515172958,0.6780926585197449,0.14154601097106934,0.0200352743268013,,,,
133,65699,,,,,0.05871053785085678,0.7259562611579895,0.11877227574586868,0.014106852933764458,,,,
133,65749,,,,,0.058168958872556686,0.842749834060669,0.09411107748746872,0.008856895379722118,,,,
133,65793,,,,,,,,,0.060813575983047485,0.675957441329956,0.12338432669639587,0.01611005701124668
134,65799,,,,,0.06483561545610428,0.7468982338905334,0.12432093173265457,0.015455693937838078,,,,
134,65849,,,,,0.06271067261695862,0.6370660066604614,0.13941258192062378,0.01943586952984333,,,,
134,65899,,,,,0.0615038201212883,0.6648076772689819,0.10502265393733978,0.011029757559299469,,,,
134,65949,,,,,0.06976383924484253,0.6904856562614441,0.14135576784610748,0.019981451332569122,,,,
134,65999,,,,,0.0707826316356659,0.718273401260376,0.12994244694709778,0.01688503846526146,,,,
134,66049,,,,,0.06603369116783142,0.5974080562591553,0.13635875284671783,0.01859370805323124,,,,
134,66099,,,,,0.06030101701617241,0.6904163360595703,0.11575935035943985,0.013400226831436157,,,,
134,66149,,,,,0.0737292543053627,0.4814503788948059,0.17022393643856049,0.028976190835237503,,,,
134,66199,,,,,0.06433092057704926,0.7651281952857971,0.13244874775409698,0.017542671412229538,,,,
134,66249,,,,,0.05347646027803421,0.8003212809562683,0.08411011844873428,0.007074511609971523,,,,
134,66284,,,,,,,,,0.059259574860334396,0.6733288168907166,0.12365169823169708,0.016173813492059708
135,66299,,,,,0.06112262234091759,0.8095643520355225,0.09367886185646057,0.008775729686021805,,,,
135,66349,,,,,0.04916013777256012,0.8959951400756836,0.08224467188119888,0.006764186546206474,,,,
135,66399,,,,,0.05598151683807373,0.8256947994232178,0.08671493083238602,0.007519479840993881,,,,
135,66449,,,,,0.05823250859975815,0.7675290703773499,0.12082353234291077,0.014598325826227665,,,,
135,66499,,,,,0.06958912312984467,0.6685198545455933,0.1408444046974182,0.019837144762277603,,,,
135,66549,,,,,0.05848265439271927,0.7954273819923401,0.107317715883255,0.01151709258556366,,,,
135,66599,,,,,0.08044659346342087,0.5544295310974121,0.15882325172424316,0.025224825367331505,,,,
135,66649,,,,,0.06591081619262695,0.6628775596618652,0.12937688827514648,0.016738377511501312,,,,
135,66699,,,,,0.06383635848760605,0.7369850873947144,0.11591265350580215,0.013435742817819118,,,,
135,66749,,,,,0.06683909893035889,0.6308969259262085,0.15631656348705292,0.02443486824631691,,,,
135,66775,,,,,,,,,0.06045052036643028,0.6742132306098938,0.12344825267791748,0.016128262504935265
136,66799,,,,,0.06034286692738533,0.793707013130188,0.08177755028009415,0.0066875675693154335,,,,
136,66849,,,,,0.0750061571598053,0.46940356492996216,0.15039226412773132,0.02261783368885517,,,,
136,66899,,,,,0.05188725143671036,0.8835170865058899,0.08169960230588913,0.006674824748188257,,,,
136,66949,,,,,0.06463571637868881,0.6379462480545044,0.117303267121315,0.013760056346654892,,,,
136,66999,,,,,0.06781025230884552,0.6945984959602356,0.1149006113409996,0.013202150352299213,,,,
136,67049,,,,,0.05834376811981201,0.7653235197067261,0.1113286092877388,0.012394058518111706,,,,
136,67099,,,,,0.048367224633693695,0.9220132827758789,0.06954710185527802,0.00483679911121726,,,,
136,67149,,,,,0.05889401212334633,0.7967297434806824,0.09541540592908859,0.009104100055992603,,,,
136,67199,,,,,0.0627739354968071,0.6856709718704224,0.11334610730409622,0.012847339734435081,,,,
136,67249,,,,,0.05849212408065796,0.7981569766998291,0.08469562977552414,0.00717335008084774,,,,
136,67266,,,,,,,,,0.06030255928635597,0.6737274527549744,0.12352363020181656,0.016148265451192856
137,67299,,,,,0.06500408053398132,0.7493550777435303,0.10594473779201508,0.011224287562072277,,,,
137,67349,,,,,0.06239766627550125,0.7000869512557983,0.1335160732269287,0.017826542258262634,,,,
137,67399,,,,,0.06451162695884705,0.8592524528503418,0.10187168419361115,0.010377840138971806,,,,
137,67449,,,,,0.0619632825255394,0.7745532393455505,0.11175268143415451,0.012488661333918571,,,,
137,67499,,,,,0.06494953483343124,0.736174464225769,0.11843393743038177,0.014026597142219543,,,,
137,67549,,,,,0.05801653116941452,0.8479152321815491,0.10364991426467896,0.010743305087089539,,,,
137,67599,,,,,0.07709445059299469,0.539543628692627,0.16136544942855835,0.02603880874812603,,,,
137,67649,,,,,0.06304769217967987,0.7130205035209656,0.09797954559326172,0.009599992074072361,,,,
137,67699,,,,,0.06798316538333893,0.6982196569442749,0.11531567573547363,0.013297704979777336,,,,
137,67749,,,,,0.0672193318605423,0.5850274562835693,0.09620055556297302,0.009254546836018562,,,,
137,67757,,,,,,,,,0.060459259897470474,0.6725085973739624,0.12351569533348083,0.01615179516375065
138,67799,,,,,0.05791957676410675,0.7665817141532898,0.08906848728656769,0.007933195680379868,,,,
138,67849,,,,,0.05587821081280708,0.751374363899231,0.08853204548358917,0.007837923243641853,,,,
138,67899,,,,,0.06275789439678192,0.7779275178909302,0.12669126689434052,0.0160506758838892,,,,
138,67949,,,,,0.054457008838653564,0.83148193359375,0.08476847410202026,0.007185694761574268,,,,
138,67999,,,,,0.08184786885976791,0.50388503074646,0.1945405900478363,0.03784603998064995,,,,
138,68049,,,,,0.06452818959951401,0.8524030447006226,0.1039256826043129,0.010800547897815704,,,,
138,68099,,,,,0.06052767112851143,0.6986013650894165,0.1138719767332077,0.012966826558113098,,,,
138,68149,,,,,0.060339465737342834,0.7697290778160095,0.10465411841869354,0.010952484793961048,,,,
138,68199,,,,,0.06755765527486801,0.5209618806838989,0.14408762753009796,0.020761243999004364,,,,
138,68248,,,,,,,,,0.059848956763744354,0.6721070408821106,0.1237616017460823,0.01618712581694126
139,68249,0.06098385155200958,0.6633361577987671,0.12773679196834564,0.01699494570493698,,,,,,,,
