epoch,step,test_MAE,test_R2,test_RMSE,test_loss,train_MAE,train_R2,train_RMSE,train_loss,val_MAE,val_R2,val_RMSE,val_loss
0,49,,,,,0.7531409859657288,0.48236072063446045,1.031736969947815,1.064481258392334,,,,
0,99,,,,,0.8318277597427368,0.4662105441093445,1.1386168003082275,1.2964482307434082,,,,
0,149,,,,,0.7024074196815491,0.5619384050369263,1.0027551651000977,1.0055179595947266,,,,
0,199,,,,,0.8176261186599731,0.2768518328666687,1.2324777841567993,1.5190016031265259,,,,
0,249,,,,,0.6958817839622498,0.5797533392906189,0.9730663299560547,0.9468580484390259,,,,
0,299,,,,,0.7592357993125916,0.4962330460548401,1.1203652620315552,1.255218267440796,,,,
0,349,,,,,0.727466344833374,0.525615930557251,1.0430402755737305,1.0879329442977905,,,,
0,399,,,,,0.745166003704071,0.5527511239051819,1.0848723649978638,1.176948070526123,,,,
0,449,,,,,0.7729629278182983,0.512627363204956,1.0938217639923096,1.1964459419250488,,,,
0,490,,,,,,,,,0.7199682593345642,0.5229033827781677,1.0396147966384888,1.084489345550537
1,499,,,,,0.7812989950180054,0.4167972207069397,1.1031898260116577,1.2170277833938599,,,,
1,549,,,,,0.780255138874054,0.5900421142578125,1.1464561223983765,1.314361572265625,,,,
1,599,,,,,0.7049893140792847,0.5073052644729614,1.0404517650604248,1.0825397968292236,,,,
1,649,,,,,0.7063345909118652,0.5842519998550415,1.007805585861206,1.015672206878662,,,,
1,699,,,,,0.661578893661499,0.5343032479286194,0.9855868220329285,0.971381425857544,,,,
1,749,,,,,0.7152373790740967,0.47356003522872925,1.0126736164093018,1.025507926940918,,,,
1,799,,,,,0.7319442629814148,0.5486358404159546,1.0708599090576172,1.1467409133911133,,,,
1,849,,,,,0.7763785123825073,0.5075516700744629,1.0975292921066284,1.2045705318450928,,,,
1,899,,,,,0.6597582101821899,0.6280303001403809,0.9622650742530823,0.9259540438652039,,,,
1,949,,,,,0.7147319912910461,0.5947023630142212,1.0175894498825073,1.0354883670806885,,,,
1,981,,,,,,,,,0.6786905527114868,0.5531811714172363,1.0040696859359741,1.0117747783660889
2,999,,,,,0.7549985647201538,0.5011106729507446,1.0708553791046143,1.1467311382293701,,,,
2,1049,,,,,0.7520644068717957,0.5574209690093994,1.0638954639434814,1.131873607635498,,,,
2,1099,,,,,0.7057307362556458,0.5609199404716492,1.022338628768921,1.045176386833191,,,,
2,1149,,,,,0.7156381607055664,0.514593780040741,1.0218112468719482,1.0440982580184937,,,,
2,1199,,,,,0.7024891972541809,0.5069829225540161,1.0517483949661255,1.1061747074127197,,,,
2,1249,,,,,0.7389036417007446,0.5420397520065308,1.0507409572601318,1.104056477546692,,,,
2,1299,,,,,0.7484254837036133,0.49740147590637207,1.0770485401153564,1.1600335836410522,,,,
2,1349,,,,,0.6701525449752808,0.6043413281440735,0.992173969745636,0.9844092130661011,,,,
2,1399,,,,,0.624744713306427,0.6198238134384155,0.9091818332672119,0.8266116380691528,,,,
2,1449,,,,,0.6933821439743042,0.6089537143707275,1.0759303569793701,1.1576260328292847,,,,
2,1472,,,,,,,,,0.6683112978935242,0.5753014087677002,0.9789968132972717,0.9619215726852417
3,1499,,,,,0.6897895336151123,0.4568603038787842,1.038338303565979,1.0781464576721191,,,,
3,1549,,,,,0.7435870170593262,0.44691258668899536,1.1092520952224731,1.2304401397705078,,,,
3,1599,,,,,0.6094894409179688,0.578294038772583,0.9259822368621826,0.8574431538581848,,,,
3,1649,,,,,0.7214198708534241,0.5288659334182739,1.044208288192749,1.090371012687683,,,,
3,1699,,,,,0.7444406747817993,0.5743577480316162,1.057660460472107,1.1186456680297852,,,,
3,1749,,,,,0.6341012716293335,0.5196996927261353,0.9530882835388184,0.9083772897720337,,,,
3,1799,,,,,0.7811474800109863,0.5658324956893921,1.1083828210830688,1.2285124063491821,,,,
3,1849,,,,,0.6309235095977783,0.6124720573425293,0.8908001780509949,0.793524980545044,,,,
3,1899,,,,,0.6589353084564209,0.615898609161377,0.9668058753013611,0.93471360206604,,,,
3,1949,,,,,0.6736037731170654,0.5065000653266907,1.0115077495574951,1.0231478214263916,,,,
3,1963,,,,,,,,,0.6505179405212402,0.5752280950546265,0.9779186248779297,0.96175616979599
4,1999,,,,,0.6894572973251343,0.5989664793014526,1.0020743608474731,1.0041530132293701,,,,
4,2049,,,,,0.6150343418121338,0.5838574767112732,0.9062057733535767,0.8212089538574219,,,,
4,2099,,,,,0.6523327827453613,0.43394678831100464,0.9884709715843201,0.9770748615264893,,,,
4,2149,,,,,0.6821561455726624,0.5421393513679504,1.0129175186157227,1.0260018110275269,,,,
4,2199,,,,,0.6426877975463867,0.6145135164260864,0.9882893562316895,0.9767158031463623,,,,
4,2249,,,,,0.6234118938446045,0.5389137268066406,0.9564976692199707,0.9148877859115601,,,,
4,2299,,,,,0.657798171043396,0.6023191213607788,0.9663709998130798,0.9338728785514832,,,,
4,2349,,,,,0.703321099281311,0.6080623269081116,0.9757673740386963,0.9521219730377197,,,,
4,2399,,,,,0.6940776109695435,0.5740290284156799,1.0198384523391724,1.0400705337524414,,,,
4,2449,,,,,0.6297794580459595,0.52653968334198,0.9324088096618652,0.8693861365318298,,,,
4,2454,,,,,,,,,0.6526809930801392,0.5919241309165955,0.9595967531204224,0.9253557920455933
5,2499,,,,,0.7415603399276733,0.565584659576416,1.0757405757904053,1.1572178602218628,,,,
5,2549,,,,,0.6876393556594849,0.6335536241531372,0.9595279097557068,0.9206937551498413,,,,
5,2599,,,,,0.6445705890655518,0.5129386186599731,1.0076106786727905,1.0152791738510132,,,,
5,2649,,,,,0.6881170272827148,0.5973950028419495,1.0133929252624512,1.0269651412963867,,,,
5,2699,,,,,0.6663702726364136,0.5565881133079529,0.9793522357940674,0.9591308236122131,,,,
5,2749,,,,,0.6349453926086426,0.6061227321624756,0.9276201128959656,0.8604791164398193,,,,
5,2799,,,,,0.6603345274925232,0.47463083267211914,1.0025557279586792,1.0051178932189941,,,,
5,2849,,,,,0.6512911319732666,0.6343293190002441,0.9460968375205994,0.8950992226600647,,,,
5,2899,,,,,0.6471325159072876,0.6155823469161987,0.9646497964859009,0.9305492639541626,,,,
5,2945,,,,,,,,,0.6392474174499512,0.5965234041213989,0.9540932774543762,0.9146811366081238
6,2949,,,,,0.705569326877594,0.527798056602478,0.997196614742279,0.9944010376930237,,,,
6,2999,,,,,0.6836502552032471,0.6677244901657104,0.958596408367157,0.918907105922699,,,,
6,3049,,,,,0.5842255353927612,0.6627228856086731,0.8480288982391357,0.7191529870033264,,,,
6,3099,,,,,0.7021558284759521,0.48743289709091187,1.0589303970336914,1.1213335990905762,,,,
6,3149,,,,,0.6294364929199219,0.5521942377090454,0.9389768838882446,0.8816776275634766,,,,
6,3199,,,,,0.6146318912506104,0.5324500799179077,0.9627600908279419,0.9269070029258728,,,,
6,3249,,,,,0.6775504350662231,0.5298383831977844,1.0142897367477417,1.0287835597991943,,,,
6,3299,,,,,0.6317992806434631,0.4988216757774353,0.9768880605697632,0.9543102979660034,,,,
6,3349,,,,,0.6327899694442749,0.6397066116333008,0.9512083530426025,0.904797375202179,,,,
6,3399,,,,,0.6069538593292236,0.603273868560791,0.92572420835495,0.8569653630256653,,,,
6,3436,,,,,,,,,0.6349602341651917,0.6088985800743103,0.9382227063179016,0.8848128318786621
7,3449,,,,,0.6691387891769409,0.6119008660316467,0.9849295020103455,0.9700860977172852,,,,
7,3499,,,,,0.6643373370170593,0.5982320308685303,0.9733431339263916,0.9473968148231506,,,,
7,3549,,,,,0.6723806858062744,0.5939030647277832,0.9823453426361084,0.9650023579597473,,,,
7,3599,,,,,0.5956395268440247,0.608597457408905,0.8961694836616516,0.8031197786331177,,,,
7,3649,,,,,0.661400556564331,0.6692663431167603,0.9151665568351746,0.8375297784805298,,,,
7,3699,,,,,0.5941061973571777,0.6474449634552002,0.9080776572227478,0.8246050477027893,,,,
7,3749,,,,,0.5884603261947632,0.6042935848236084,0.8778342008590698,0.7705929279327393,,,,
7,3799,,,,,0.5925691723823547,0.6461537480354309,0.8979277610778809,0.8062742948532104,,,,
7,3849,,,,,0.7191534042358398,0.4895731210708618,1.0557769536972046,1.1146650314331055,,,,
7,3899,,,,,0.6245924830436707,0.5584466457366943,0.9318687319755554,0.8683793544769287,,,,
7,3927,,,,,,,,,0.6189252734184265,0.6112139225006104,0.9354751110076904,0.8788970708847046
8,3949,,,,,0.6087210178375244,0.7011852264404297,0.8755150437355042,0.7665265798568726,,,,
8,3999,,,,,0.6090810298919678,0.5199425220489502,0.9774702787399292,0.9554481506347656,,,,
8,4049,,,,,0.5986526608467102,0.6501345634460449,0.9232509732246399,0.852392315864563,,,,
8,4099,,,,,0.5507286787033081,0.5773423314094543,0.8627025485038757,0.7442556619644165,,,,
8,4149,,,,,0.6916091442108154,0.6012989282608032,1.0361933708190918,1.0736966133117676,,,,
8,4199,,,,,0.692502498626709,0.5887298583984375,1.0210511684417725,1.0425455570220947,,,,
8,4249,,,,,0.6193506717681885,0.60910564661026,0.9341024160385132,0.8725472688674927,,,,
8,4299,,,,,0.6430644989013672,0.5777609348297119,1.024399995803833,1.0493953227996826,,,,
8,4349,,,,,0.619075357913971,0.6049202680587769,0.9422739744186401,0.887880265712738,,,,
8,4399,,,,,0.6832481622695923,0.6329951882362366,1.0214061737060547,1.0432705879211426,,,,
8,4418,,,,,,,,,0.617527425289154,0.6206377744674683,0.924003541469574,0.8573874831199646
9,4449,,,,,0.6623705625534058,0.6241218447685242,0.9316713809967041,0.8680115342140198,,,,
9,4499,,,,,0.6139633059501648,0.5848585367202759,0.9087240099906921,0.8257793188095093,,,,
9,4549,,,,,0.5605952739715576,0.6468983888626099,0.8478845953941345,0.7189083099365234,,,,
9,4599,,,,,0.6366264820098877,0.5510631799697876,0.952483057975769,0.9072239398956299,,,,
9,4649,,,,,0.6272814869880676,0.6447275876998901,0.8937549591064453,0.7987979650497437,,,,
9,4699,,,,,0.6234982013702393,0.6672948598861694,0.9280415773391724,0.8612611889839172,,,,
9,4749,,,,,0.6726579666137695,0.6077653765678406,0.9702246189117432,0.9413357973098755,,,,
9,4799,,,,,0.5909881591796875,0.6698252558708191,0.8847869038581848,0.7828478813171387,,,,
9,4849,,,,,0.6103518605232239,0.6040942668914795,0.9197633862495422,0.8459647297859192,,,,
9,4899,,,,,0.717268168926239,0.5850768089294434,1.1062604188919067,1.2238121032714844,,,,
9,4909,,,,,,,,,0.6217491030693054,0.614330530166626,0.9323726296424866,0.8734582662582397
10,4949,,,,,0.5958900451660156,0.5885022878646851,0.9244002103805542,0.8545157313346863,,,,
10,4999,,,,,0.6280014514923096,0.5919886827468872,0.935065746307373,0.874347984790802,,,,
10,5049,,,,,0.6772708892822266,0.6573803424835205,0.9931825399398804,0.9864115715026855,,,,
10,5099,,,,,0.6336052417755127,0.6372445821762085,0.9663823246955872,0.9338947534561157,,,,
10,5149,,,,,0.585995078086853,0.6223852634429932,0.860329270362854,0.7401664853096008,,,,
10,5199,,,,,0.6012454032897949,0.6318907737731934,0.8993404507637024,0.808813214302063,,,,
10,5249,,,,,0.6426669359207153,0.693296492099762,0.9553161859512329,0.9126290678977966,,,,
10,5299,,,,,0.5828169584274292,0.6454452276229858,0.8891062140464783,0.790509819984436,,,,
10,5349,,,,,0.6280683279037476,0.5466481447219849,0.9372458457946777,0.8784297704696655,,,,
10,5399,,,,,0.6214181780815125,0.6009504795074463,0.9260283708572388,0.8575285077095032,,,,
10,5400,,,,,,,,,0.6011143922805786,0.6320475339889526,0.9102760553359985,0.8328053951263428
11,5449,,,,,0.595021665096283,0.6381832361221313,0.9256321787834167,0.8567949533462524,,,,
11,5499,,,,,0.5853270292282104,0.7220619916915894,0.8589848875999451,0.737855076789856,,,,
11,5549,,,,,0.5662586688995361,0.5946874618530273,0.8891732692718506,0.7906291484832764,,,,
11,5599,,,,,0.6697824001312256,0.5759024620056152,0.9619973301887512,0.9254388213157654,,,,
11,5649,,,,,0.6678924560546875,0.4678160548210144,0.9950123429298401,0.9900496006011963,,,,
11,5699,,,,,0.5419899821281433,0.6932978630065918,0.8131487369537354,0.6612108945846558,,,,
11,5749,,,,,0.6221674084663391,0.6223678588867188,0.8963749408721924,0.80348801612854,,,,
11,5799,,,,,0.647365391254425,0.6443027853965759,0.9506173133850098,0.9036732316017151,,,,
11,5849,,,,,0.6361875534057617,0.6162360906600952,0.9462250471115112,0.8953418135643005,,,,
11,5891,,,,,,,,,0.583316445350647,0.6398686170578003,0.8991175889968872,0.8130083084106445
12,5899,,,,,0.5751659274101257,0.6954163312911987,0.8563133478164673,0.7332725524902344,,,,
12,5949,,,,,0.5612504482269287,0.6789045333862305,0.8755442500114441,0.7665777802467346,,,,
12,5999,,,,,0.5479024648666382,0.681385338306427,0.7664644718170166,0.5874677896499634,,,,
12,6049,,,,,0.537815272808075,0.693106472492218,0.8000887036323547,0.6401419639587402,,,,
12,6099,,,,,0.6488720178604126,0.5528632402420044,0.988186240196228,0.97651207447052,,,,
12,6149,,,,,0.5510039329528809,0.739608883857727,0.8110893368721008,0.6578658819198608,,,,
12,6199,,,,,0.59101402759552,0.6720508337020874,0.8780211806297302,0.7709212303161621,,,,
12,6249,,,,,0.5890812873840332,0.6560436487197876,0.8567761182785034,0.7340652942657471,,,,
12,6299,,,,,0.6413054466247559,0.5527339577674866,0.9486828446388245,0.8999991416931152,,,,
12,6349,,,,,0.5452698469161987,0.7137258052825928,0.7971658706665039,0.6354734301567078,,,,
12,6382,,,,,,,,,0.5913819670677185,0.6405146718025208,0.8992182612419128,0.8126798272132874
13,6399,,,,,0.6385369300842285,0.6557572484016418,0.9087955355644226,0.8259093165397644,,,,
13,6449,,,,,0.5871607065200806,0.6592258214950562,0.8754686117172241,0.7664452791213989,,,,
13,6499,,,,,0.5762747526168823,0.6268450021743774,0.8781065940856934,0.771071195602417,,,,
13,6549,,,,,0.5718870162963867,0.5953947305679321,0.8528209924697876,0.7273036241531372,,,,
13,6599,,,,,0.6267966628074646,0.5470932722091675,0.9382609724998474,0.880333662033081,,,,
13,6649,,,,,0.5852662324905396,0.6471390724182129,0.8541215062141418,0.7295235395431519,,,,
13,6699,,,,,0.5979647636413574,0.6797323226928711,0.9007428884506226,0.8113377094268799,,,,
13,6749,,,,,0.5712772607803345,0.7252019047737122,0.8468448519706726,0.7171461582183838,,,,
13,6799,,,,,0.593501627445221,0.6162487268447876,0.903988242149353,0.8171947002410889,,,,
13,6849,,,,,0.6402310729026794,0.5817121267318726,0.9415299296379089,0.8864786624908447,,,,
13,6873,,,,,,,,,0.586433470249176,0.6494318842887878,0.8876549005508423,0.7919907569885254
14,6899,,,,,0.6429224014282227,0.6523984670639038,0.9235900044441223,0.8530185222625732,,,,
14,6949,,,,,0.5939474701881409,0.6709859371185303,0.8806766271591187,0.7755913138389587,,,,
14,6999,,,,,0.5719491839408875,0.695793628692627,0.8622706532478333,0.7435107231140137,,,,
14,7049,,,,,0.587158203125,0.6614011526107788,0.8637173175811768,0.7460076212882996,,,,
14,7099,,,,,0.5513107776641846,0.6554778814315796,0.8408620953559875,0.7070490717887878,,,,
14,7149,,,,,0.511763334274292,0.7950800657272339,0.7799471616744995,0.6083175539970398,,,,
14,7199,,,,,0.5138505697250366,0.6370186805725098,0.8178184628486633,0.6688270568847656,,,,
14,7249,,,,,0.6428413987159729,0.634565532207489,0.9545075297355652,0.9110846519470215,,,,
14,7299,,,,,0.5298651456832886,0.6483864188194275,0.8209686279296875,0.6739895343780518,,,,
14,7349,,,,,0.5655691623687744,0.6476068496704102,0.8108060359954834,0.6574064493179321,,,,
14,7364,,,,,,,,,0.581782341003418,0.6394121050834656,0.8989214301109314,0.812767505645752
15,7399,,,,,0.6884909868240356,0.6351503729820251,0.9665736556053162,0.9342646598815918,,,,
15,7449,,,,,0.6877614259719849,0.5144201517105103,1.0922160148620605,1.192935824394226,,,,
15,7499,,,,,0.6082562208175659,0.5386631488800049,0.946204662322998,0.8953032493591309,,,,
15,7549,,,,,0.5675402879714966,0.6262755393981934,0.8799076676368713,0.7742375135421753,,,,
15,7599,,,,,0.5298233032226562,0.6988921165466309,0.8012115359306335,0.6419398784637451,,,,
15,7649,,,,,0.5851502418518066,0.6647698879241943,0.8850638270378113,0.7833380103111267,,,,
15,7699,,,,,0.6094201803207397,0.6618421077728271,0.8960201144218445,0.8028520941734314,,,,
15,7749,,,,,0.6664866209030151,0.5892748236656189,0.9528504014015198,0.9079239368438721,,,,
15,7799,,,,,0.622014045715332,0.619885265827179,0.9379501342773438,0.8797504901885986,,,,
15,7849,,,,,0.6037378311157227,0.6530728936195374,0.8877907395362854,0.7881723642349243,,,,
15,7855,,,,,,,,,0.5719677209854126,0.642819344997406,0.8955420851707458,0.8060902953147888
16,7899,,,,,0.5676324963569641,0.6409121155738831,0.8456372022628784,0.7151023149490356,,,,
16,7949,,,,,0.5683308243751526,0.6910957098007202,0.8166710138320923,0.6669515371322632,,,,
16,7999,,,,,0.5442681908607483,0.7350636720657349,0.8313459157943726,0.6911360025405884,,,,
16,8049,,,,,0.6259426474571228,0.6435906291007996,0.9138917922973633,0.835198163986206,,,,
16,8099,,,,,0.5929191708564758,0.7019630074501038,0.8607562780380249,0.7409013509750366,,,,
16,8149,,,,,0.6221287846565247,0.6924348473548889,0.8964849710464478,0.8036853075027466,,,,
16,8199,,,,,0.6876503229141235,0.458196759223938,1.0348750352859497,1.070966362953186,,,,
16,8249,,,,,0.5874700546264648,0.5976830720901489,0.8766437768936157,0.76850426197052,,,,
16,8299,,,,,0.5732280015945435,0.6213381290435791,0.8539953827857971,0.7293080687522888,,,,
16,8346,,,,,,,,,0.5756824612617493,0.6555433869361877,0.880672812461853,0.7792395949363708
17,8349,,,,,0.5384147763252258,0.681618332862854,0.7767535448074341,0.6033461093902588,,,,
17,8399,,,,,0.6150685548782349,0.6916683912277222,0.9042685031890869,0.817701518535614,,,,
17,8449,,,,,0.5685988068580627,0.6446724534034729,0.8776087760925293,0.7701972126960754,,,,
17,8499,,,,,0.5636653900146484,0.6965494155883789,0.840522825717926,0.7064785957336426,,,,
17,8549,,,,,0.5492280125617981,0.72722989320755,0.816844642162323,0.6672351360321045,,,,
17,8599,,,,,0.5711349248886108,0.6822906732559204,0.8569641709327698,0.7343876361846924,,,,
17,8649,,,,,0.5213205814361572,0.6937597990036011,0.787192165851593,0.6196714639663696,,,,
17,8699,,,,,0.5268986821174622,0.6614724397659302,0.8166694641113281,0.6669490337371826,,,,
17,8749,,,,,0.6280256509780884,0.6132527589797974,0.9246970415115356,0.8550646305084229,,,,
17,8799,,,,,0.53739333152771,0.6934508085250854,0.8597291707992554,0.7391342520713806,,,,
17,8837,,,,,,,,,0.5636348724365234,0.6543636918067932,0.8804840445518494,0.7797733545303345
18,8849,,,,,0.5931286811828613,0.694803774356842,0.9210861921310425,0.8483997583389282,,,,
18,8899,,,,,0.5090728998184204,0.7262567281723022,0.8153631091117859,0.6648169755935669,,,,
18,8949,,,,,0.5873667597770691,0.6439483761787415,0.9210240244865417,0.8482852578163147,,,,
18,8999,,,,,0.5478784441947937,0.7522438168525696,0.809904158115387,0.6559447050094604,,,,
18,9049,,,,,0.561777651309967,0.5870622396469116,0.8439706563949585,0.7122864723205566,,,,
18,9099,,,,,0.5349416136741638,0.6765842437744141,0.823714554309845,0.6785056591033936,,,,
18,9149,,,,,0.5668887495994568,0.673188328742981,0.8460861444473267,0.7158617973327637,,,,
18,9199,,,,,0.5407030582427979,0.7258045673370361,0.7755352258682251,0.6014548540115356,,,,
18,9249,,,,,0.6058180928230286,0.7075564861297607,0.9410593509674072,0.8855926990509033,,,,
18,9299,,,,,0.6661391854286194,0.6099246740341187,0.988116443157196,0.9763741493225098,,,,
18,9328,,,,,,,,,0.5786064267158508,0.648403525352478,0.8889518976211548,0.794840395450592
19,9349,,,,,0.5529345870018005,0.6187834739685059,0.8634514212608337,0.7455483675003052,,,,
19,9399,,,,,0.6207883954048157,0.5090054273605347,0.9777307510375977,0.9559574723243713,,,,
19,9449,,,,,0.6643192172050476,0.5620937347412109,1.0390549898147583,1.0796352624893188,,,,
19,9499,,,,,0.4965372383594513,0.7578408718109131,0.7498503923416138,0.5622755885124207,,,,
19,9549,,,,,0.5375960469245911,0.6094116568565369,0.8633629083633423,0.7453955411911011,,,,
19,9599,,,,,0.6760780215263367,0.6401628255844116,1.0154304504394531,1.0310989618301392,,,,
19,9649,,,,,0.5659424066543579,0.6297274827957153,0.8630450367927551,0.744846761226654,,,,
19,9699,,,,,0.5454021692276001,0.6580299139022827,0.8254553079605103,0.6813764572143555,,,,
19,9749,,,,,0.5413191318511963,0.6486322283744812,0.8763168454170227,0.7679312229156494,,,,
19,9799,,,,,0.5637716054916382,0.6550765633583069,0.8780064582824707,0.7708953619003296,,,,
19,9819,,,,,,,,,0.5690190196037292,0.6614184975624084,0.8726714253425598,0.7647250294685364
20,9849,,,,,0.6222534775733948,0.5946683883666992,0.9332324862480164,0.8709229230880737,,,,
20,9899,,,,,0.5713850259780884,0.5976412892341614,0.8854196667671204,0.7839679718017578,,,,
20,9949,,,,,0.5902804732322693,0.6888846158981323,0.882143497467041,0.7781772017478943,,,,
20,9999,,,,,0.557114839553833,0.7695202827453613,0.806098461151123,0.6497946977615356,,,,
20,10049,,,,,0.5676567554473877,0.7057050466537476,0.8560142517089844,0.7327603697776794,,,,
20,10099,,,,,0.4895194172859192,0.7713326811790466,0.7281969785690308,0.5302708745002747,,,,
20,10149,,,,,0.7200347185134888,0.5504937171936035,1.036377191543579,1.0740777254104614,,,,
20,10199,,,,,0.5716637372970581,0.583417534828186,0.9338501691818237,0.872076153755188,,,,
20,10249,,,,,0.5675382614135742,0.6402981281280518,0.8447145223617554,0.7135425806045532,,,,
20,10299,,,,,0.6273321509361267,0.6700292825698853,0.9207485318183899,0.8477778434753418,,,,
20,10310,,,,,,,,,0.5600297451019287,0.6703981161117554,0.8610469102859497,0.7448191046714783
21,10349,,,,,0.5367138385772705,0.7061718106269836,0.8074329495429993,0.6519479751586914,,,,
21,10399,,,,,0.5295949578285217,0.6804585456848145,0.788712203502655,0.6220669150352478,,,,
21,10449,,,,,0.6488600373268127,0.6392102241516113,0.9503605365753174,0.9031851291656494,,,,
21,10499,,,,,0.517022430896759,0.6701703071594238,0.792010486125946,0.627280592918396,,,,
21,10549,,,,,0.5167636871337891,0.7113091945648193,0.7860783934593201,0.6179192066192627,,,,
21,10599,,,,,0.5577162504196167,0.6495487689971924,0.8328999280929565,0.6937222480773926,,,,
21,10649,,,,,0.6322036981582642,0.6655492782592773,0.922788679599762,0.851538896560669,,,,
21,10699,,,,,0.6997158527374268,0.6325427889823914,1.0128878355026245,1.0259418487548828,,,,
21,10749,,,,,0.6290978193283081,0.6824105978012085,0.9327740669250488,0.8700674176216125,,,,
21,10799,,,,,0.5481133460998535,0.6144647598266602,0.8820694088935852,0.7780464291572571,,,,
21,10801,,,,,,,,,0.5605596899986267,0.6657772064208984,0.8659417629241943,0.7540385723114014
22,10849,,,,,0.5577614307403564,0.6692671179771423,0.8444281220436096,0.7130588293075562,,,,
22,10899,,,,,0.5236058235168457,0.6974538564682007,0.7917836904525757,0.6269214153289795,,,,
22,10949,,,,,0.5393079519271851,0.7276930809020996,0.7934455871582031,0.6295559406280518,,,,
22,10999,,,,,0.5443435907363892,0.680417001247406,0.8661956787109375,0.7502949833869934,,,,
22,11049,,,,,0.6150227785110474,0.6695784330368042,0.8771201968193054,0.7693398594856262,,,,
22,11099,,,,,0.5117335319519043,0.7330271601676941,0.7398613691329956,0.547394871711731,,,,
22,11149,,,,,0.5398610830307007,0.7276941537857056,0.8044055104255676,0.6470682621002197,,,,
22,11199,,,,,0.511866569519043,0.7558570504188538,0.7805395126342773,0.6092419028282166,,,,
22,11249,,,,,0.5963722467422485,0.6732686758041382,0.929405927658081,0.8637953400611877,,,,
22,11292,,,,,,,,,0.5588827729225159,0.6506617069244385,0.8846268653869629,0.7874828577041626
23,11299,,,,,0.5888729095458984,0.6648656725883484,0.8739349842071533,0.763762354850769,,,,
23,11349,,,,,0.6544707417488098,0.6641943454742432,0.951662540435791,0.9056616425514221,,,,
23,11399,,,,,0.5478721261024475,0.6898311376571655,0.8594575524330139,0.7386672496795654,,,,
23,11449,,,,,0.6042414903640747,0.5237556099891663,0.9647470712661743,0.9307369589805603,,,,
23,11499,,,,,0.557004988193512,0.716361403465271,0.8399177193641663,0.7054617404937744,,,,
23,11549,,,,,0.5530451536178589,0.7171143293380737,0.815477728843689,0.6650038957595825,,,,
23,11599,,,,,0.5586658120155334,0.6649433374404907,0.8252885937690735,0.6811012625694275,,,,
23,11649,,,,,0.5913851857185364,0.6773898601531982,0.9238644242286682,0.8535255193710327,,,,
23,11699,,,,,0.5576984882354736,0.683823823928833,0.8173969388008118,0.668137788772583,,,,
23,11749,,,,,0.5363900065422058,0.6727105379104614,0.8078311681747437,0.6525912284851074,,,,
23,11783,,,,,,,,,0.5492072105407715,0.6688491106033325,0.8611393570899963,0.7459496855735779
24,11799,,,,,0.5786396265029907,0.549789547920227,0.8935073018074036,0.7983552813529968,,,,
24,11849,,,,,0.5316188335418701,0.7047969698905945,0.784990668296814,0.6162103414535522,,,,
24,11899,,,,,0.4868457317352295,0.7776197195053101,0.7121349573135376,0.5071362257003784,,,,
24,11949,,,,,0.5487263798713684,0.7473782300949097,0.7920243740081787,0.6273026466369629,,,,
24,11999,,,,,0.6392875909805298,0.6205111145973206,0.962600827217102,0.9266003370285034,,,,
24,12049,,,,,0.6390424370765686,0.63370680809021,0.9342600107192993,0.8728417158126831,,,,
24,12099,,,,,0.5438075065612793,0.7281079292297363,0.7966271042823792,0.6346147656440735,,,,
24,12149,,,,,0.47902607917785645,0.7345017194747925,0.7650580406188965,0.5853137969970703,,,,
24,12199,,,,,0.5165421366691589,0.7127597332000732,0.7992146015167236,0.6387439966201782,,,,
24,12249,,,,,0.5045733451843262,0.6824026107788086,0.773705005645752,0.5986194610595703,,,,
24,12274,,,,,,,,,0.5510367751121521,0.6750834584236145,0.8542192578315735,0.7331882119178772
25,12299,,,,,0.5662974119186401,0.6600105166435242,0.8896310329437256,0.7914433479309082,,,,
25,12349,,,,,0.591494083404541,0.5964236259460449,0.9079271554946899,0.8243317604064941,,,,
25,12399,,,,,0.5891842842102051,0.6304032802581787,0.8843059539794922,0.78199702501297,,,,
25,12449,,,,,0.5723910927772522,0.7390931248664856,0.8125807642936707,0.6602874994277954,,,,
25,12499,,,,,0.5744915008544922,0.6489102244377136,0.869763195514679,0.756488025188446,,,,
25,12549,,,,,0.544670820236206,0.7250467538833618,0.8365987539291382,0.6998974680900574,,,,
25,12599,,,,,0.6043072938919067,0.6242555379867554,0.9538061618804932,0.9097461700439453,,,,
25,12649,,,,,0.5829581022262573,0.7198140621185303,0.8656598925590515,0.7493669986724854,,,,
25,12699,,,,,0.5762625932693481,0.6660592555999756,0.8745066523551941,0.7647619247436523,,,,
25,12749,,,,,0.565372884273529,0.7222862243652344,0.8450977802276611,0.7141902446746826,,,,
25,12765,,,,,,,,,0.543064534664154,0.6820071339607239,0.844716489315033,0.7175318598747253
26,12799,,,,,0.5182138681411743,0.7426638007164001,0.79324871301651,0.6292434930801392,,,,
26,12849,,,,,0.5306385159492493,0.7149529457092285,0.8360433578491211,0.6989685297012329,,,,
26,12899,,,,,0.5993952751159668,0.7037985324859619,0.8754685521125793,0.7664451599121094,,,,
26,12949,,,,,0.5336323380470276,0.679690420627594,0.7942175269126892,0.6307814717292786,,,,
26,12999,,,,,0.5707710981369019,0.6096182465553284,0.8530824780464172,0.7277497053146362,,,,
26,13049,,,,,0.5589289665222168,0.6790985465049744,0.8411843776702881,0.70759117603302,,,,
26,13099,,,,,0.5806387662887573,0.6477243900299072,0.8547144532203674,0.7305368185043335,,,,
26,13149,,,,,0.5934302806854248,0.5947508811950684,0.9488621354103088,0.9003393650054932,,,,
26,13199,,,,,0.6012365818023682,0.5637762546539307,0.9577351212501526,0.9172565937042236,,,,
26,13249,,,,,0.5915356874465942,0.5354097485542297,0.9569517374038696,0.9157565832138062,,,,
26,13256,,,,,,,,,0.5397024154663086,0.6813881993293762,0.8450527787208557,0.717873215675354
27,13299,,,,,0.5086517333984375,0.7328108549118042,0.8009250164031982,0.6414809226989746,,,,
27,13349,,,,,0.5800526142120361,0.6620068550109863,0.9053592681884766,0.8196754455566406,,,,
27,13399,,,,,0.5000842809677124,0.7338590621948242,0.7501645088195801,0.5627468228340149,,,,
27,13449,,,,,0.533933699131012,0.6969777345657349,0.8127030730247498,0.6604862809181213,,,,
27,13499,,,,,0.5870163440704346,0.6578220129013062,0.9139989614486694,0.8353941440582275,,,,
27,13549,,,,,0.4872409999370575,0.7208206653594971,0.7603972554206848,0.5782039761543274,,,,
27,13599,,,,,0.5440459251403809,0.7035139799118042,0.8298944234848022,0.6887247562408447,,,,
27,13649,,,,,0.5898902416229248,0.6595771312713623,0.8631813526153564,0.7450820207595825,,,,
27,13699,,,,,0.5187893509864807,0.7728779911994934,0.7519088983535767,0.5653669834136963,,,,
27,13747,,,,,,,,,0.5481296181678772,0.6747177839279175,0.8551316261291504,0.7344176769256592
28,13749,,,,,0.5213339328765869,0.6810189485549927,0.8070623874664307,0.651349663734436,,,,
28,13799,,,,,0.5314892530441284,0.6368939280509949,0.8494582176208496,0.7215793132781982,,,,
28,13849,,,,,0.5106452703475952,0.7682942748069763,0.7598752975463867,0.5774104595184326,,,,
28,13899,,,,,0.5012469291687012,0.7373265027999878,0.8019161820411682,0.6430695652961731,,,,
28,13949,,,,,0.6172469854354858,0.6316853165626526,0.9062512516975403,0.8212913274765015,,,,
28,13999,,,,,0.5037645101547241,0.7177749872207642,0.7772516012191772,0.6041200160980225,,,,
28,14049,,,,,0.5772047638893127,0.6028444766998291,0.8970560431480408,0.8047095537185669,,,,
28,14099,,,,,0.5584554672241211,0.709801435470581,0.8839107155799866,0.7812981009483337,,,,
28,14149,,,,,0.5895044803619385,0.6106675267219543,0.9035094976425171,0.8163294196128845,,,,
28,14199,,,,,0.5240447521209717,0.7019070386886597,0.8216282725334167,0.6750730276107788,,,,
28,14238,,,,,,,,,0.5450615882873535,0.6833913922309875,0.8425890207290649,0.7136979699134827
29,14249,,,,,0.575700044631958,0.6937499046325684,0.857307493686676,0.7349761128425598,,,,
29,14299,,,,,0.6281760334968567,0.6603802442550659,0.9205077290534973,0.8473345041275024,,,,
29,14349,,,,,0.5129424929618835,0.6575703620910645,0.8026819229125977,0.6442983150482178,,,,
29,14399,,,,,0.5614935159683228,0.7619765996932983,0.8343583345413208,0.6961538791656494,,,,
29,14449,,,,,0.5988684892654419,0.7028161287307739,0.8600432276725769,0.7396743297576904,,,,
29,14499,,,,,0.5215976238250732,0.755153477191925,0.7968930006027222,0.635038435459137,,,,
29,14549,,,,,0.5438143014907837,0.6632002592086792,0.8309203386306763,0.690428614616394,,,,
29,14599,,,,,0.5834181904792786,0.6855626106262207,0.8627698421478271,0.744371771812439,,,,
29,14649,,,,,0.5428498983383179,0.6618978381156921,0.8460637331008911,0.7158238887786865,,,,
29,14699,,,,,0.5101865530014038,0.7349850535392761,0.8051885366439819,0.6483285427093506,,,,
29,14729,,,,,,,,,0.5382511615753174,0.6898345351219177,0.835425853729248,0.70102459192276
30,14749,,,,,0.5934962630271912,0.6545340418815613,0.8979628086090088,0.8063372373580933,,,,
30,14799,,,,,0.5131887197494507,0.7192016839981079,0.7909377217292786,0.6255824565887451,,,,
30,14849,,,,,0.5039159655570984,0.7197680473327637,0.7515499591827393,0.5648273825645447,,,,
30,14899,,,,,0.5359746217727661,0.66139817237854,0.8476443886756897,0.7185010313987732,,,,
30,14949,,,,,0.5045009851455688,0.73347407579422,0.7626842856407166,0.581687331199646,,,,
30,14999,,,,,0.4965938925743103,0.7047123908996582,0.7682862877845764,0.590263843536377,,,,
30,15049,,,,,0.5478161573410034,0.5704915523529053,0.8388965725898743,0.7037474513053894,,,,
30,15099,,,,,0.4530726373195648,0.7965446710586548,0.6873278617858887,0.4724196195602417,,,,
30,15149,,,,,0.5139322876930237,0.7381013631820679,0.7930258512496948,0.6288899779319763,,,,
30,15199,,,,,0.5213084816932678,0.6975398063659668,0.8174808025360107,0.6682748794555664,,,,
30,15220,,,,,,,,,0.5456410646438599,0.6846672892570496,0.8423820734024048,0.7129506468772888
31,15249,,,,,0.5534161925315857,0.6581283807754517,0.8508525490760803,0.7239500284194946,,,,
31,15299,,,,,0.5481811761856079,0.6389871835708618,0.8481170535087585,0.7193025350570679,,,,
31,15349,,,,,0.4906202256679535,0.6661505699157715,0.853776216506958,0.7289338707923889,,,,
31,15399,,,,,0.5395638942718506,0.632720410823822,0.8850592374801636,0.7833299040794373,,,,
31,15449,,,,,0.5492738485336304,0.6930506825447083,0.8371557593345642,0.7008297443389893,,,,
31,15499,,,,,0.5902577638626099,0.7191239595413208,0.8832429051399231,0.7801179885864258,,,,
31,15549,,,,,0.485668420791626,0.7497422695159912,0.7568981647491455,0.572894811630249,,,,
31,15599,,,,,0.573297917842865,0.6470321416854858,0.872776448726654,0.7617387175559998,,,,
31,15649,,,,,0.560043454170227,0.6371217966079712,0.8870812058448792,0.7869130373001099,,,,
31,15699,,,,,0.5330811738967896,0.6833913326263428,0.8431318998336792,0.7108713984489441,,,,
31,15711,,,,,,,,,0.5401604771614075,0.6927579641342163,0.8311185240745544,0.6934484243392944
32,15749,,,,,0.47271978855133057,0.7578727006912231,0.704113781452179,0.4957762062549591,,,,
32,15799,,,,,0.5228047370910645,0.7179225087165833,0.7615593671798706,0.5799726247787476,,,,
32,15849,,,,,0.4699826240539551,0.7731795310974121,0.689607560634613,0.4755586087703705,,,,
32,15899,,,,,0.598892092704773,0.654922366142273,0.8873354196548462,0.78736412525177,,,,
32,15949,,,,,0.5137571096420288,0.6729375123977661,0.8169967532157898,0.6674836874008179,,,,
32,15999,,,,,0.6554397344589233,0.6368069648742676,0.9740278720855713,0.9487302899360657,,,,
32,16049,,,,,0.47738760709762573,0.7260205149650574,0.7021192908287048,0.4929714798927307,,,,
32,16099,,,,,0.5843209624290466,0.6795522570610046,0.880154550075531,0.7746720314025879,,,,
32,16149,,,,,0.5395063757896423,0.6460199952125549,0.8256831169128418,0.6817525625228882,,,,
32,16199,,,,,0.5079936981201172,0.7184004187583923,0.7720030546188354,0.5959887504577637,,,,
32,16202,,,,,,,,,0.5289424061775208,0.6869817972183228,0.8373717069625854,0.7056980729103088
33,16249,,,,,0.5785557627677917,0.675919234752655,0.8829142451286316,0.779537558555603,,,,
33,16299,,,,,0.6082899570465088,0.5608412027359009,0.9085308909416199,0.8254283666610718,,,,
33,16349,,,,,0.5344929695129395,0.6514685153961182,0.8063005208969116,0.6501204967498779,,,,
33,16399,,,,,0.46491697430610657,0.7475082874298096,0.7415149807929993,0.5498444437980652,,,,
33,16449,,,,,0.5744668245315552,0.6954243183135986,0.8528240919113159,0.7273089289665222,,,,
33,16499,,,,,0.5145378112792969,0.7233868837356567,0.7941328883171082,0.6306470036506653,,,,
33,16549,,,,,0.5642483830451965,0.7129236459732056,0.8466440439224243,0.716806173324585,,,,
33,16599,,,,,0.5504589080810547,0.7238110303878784,0.8235032558441162,0.6781575679779053,,,,
33,16649,,,,,0.5340867042541504,0.7312531471252441,0.7886450290679932,0.6219609975814819,,,,
33,16693,,,,,,,,,0.5294257998466492,0.691898763179779,0.8309172987937927,0.6941558122634888
34,16699,,,,,0.5955730676651001,0.6394256949424744,0.8732436299324036,0.762554407119751,,,,
34,16749,,,,,0.5479236245155334,0.7296364307403564,0.8078594207763672,0.6526368856430054,,,,
34,16799,,,,,0.5413433313369751,0.7236555218696594,0.802088737487793,0.6433463096618652,,,,
34,16849,,,,,0.5955641269683838,0.6388677358627319,0.8640782237052917,0.7466311454772949,,,,
34,16899,,,,,0.49933922290802,0.7650697827339172,0.7411144971847534,0.5492506623268127,,,,
34,16949,,,,,0.509024977684021,0.72525954246521,0.7729350924491882,0.5974286198616028,,,,
34,16999,,,,,0.5265249609947205,0.7724045515060425,0.76338130235672,0.5827509760856628,,,,
34,17049,,,,,0.5656782984733582,0.6881908178329468,0.835713267326355,0.6984167098999023,,,,
34,17099,,,,,0.5547512769699097,0.6454877257347107,0.8549771904945374,0.7309859991073608,,,,
34,17149,,,,,0.5081906318664551,0.7179179191589355,0.7665693759918213,0.5876286029815674,,,,
34,17184,,,,,,,,,0.527457058429718,0.6946271061897278,0.8275922536849976,0.6887476444244385
35,17199,,,,,0.5290771126747131,0.6338009238243103,0.8227562308311462,0.6769278049468994,,,,
35,17249,,,,,0.5112559795379639,0.7397552728652954,0.7630985975265503,0.5823194980621338,,,,
35,17299,,,,,0.5439274311065674,0.7361475229263306,0.7960346341133118,0.6336711049079895,,,,
35,17349,,,,,0.47875475883483887,0.8015092611312866,0.713463544845581,0.5090302228927612,,,,
35,17399,,,,,0.5570875406265259,0.74929279088974,0.7931219339370728,0.629042387008667,,,,
35,17449,,,,,0.4769185185432434,0.780117392539978,0.7013412714004517,0.4918796122074127,,,,
35,17499,,,,,0.5032533407211304,0.7378252744674683,0.734076976776123,0.5388690233230591,,,,
35,17549,,,,,0.5074365139007568,0.757864236831665,0.7179242372512817,0.5154151916503906,,,,
35,17599,,,,,0.49031513929367065,0.6991986036300659,0.7489789724349976,0.5609694719314575,,,,
35,17649,,,,,0.5239162445068359,0.6898810863494873,0.8224866390228271,0.6764842867851257,,,,
35,17675,,,,,,,,,0.5251877903938293,0.6932702660560608,0.82895427942276,0.690544068813324
36,17699,,,,,0.5572898983955383,0.6886632442474365,0.8447613716125488,0.7136217355728149,,,,
36,17749,,,,,0.5137278437614441,0.7422475814819336,0.7852701544761658,0.6166492104530334,,,,
36,17799,,,,,0.5293117761611938,0.6774598360061646,0.8098556995391846,0.655866265296936,,,,
36,17849,,,,,0.49734729528427124,0.7149991393089294,0.7530110478401184,0.5670256614685059,,,,
36,17899,,,,,0.4887150824069977,0.7737270593643188,0.7187574505805969,0.5166122913360596,,,,
36,17949,,,,,0.5626947283744812,0.6730652451515198,0.8414055705070496,0.7079632878303528,,,,
36,17999,,,,,0.5563567876815796,0.6672989130020142,0.8184214234352112,0.6698136329650879,,,,
36,18049,,,,,0.5234986543655396,0.7344063520431519,0.7729487419128418,0.597449779510498,,,,
36,18099,,,,,0.5373608469963074,0.6936629414558411,0.8040522933006287,0.6465000510215759,,,,
36,18149,,,,,0.5355229377746582,0.7279881238937378,0.8005572557449341,0.6408919095993042,,,,
36,18166,,,,,,,,,0.5217663049697876,0.7006258964538574,0.8195664286613464,0.6753562092781067
37,18199,,,,,0.5722333788871765,0.7237519025802612,0.8482685089111328,0.7195594906806946,,,,
37,18249,,,,,0.5317227840423584,0.6278430223464966,0.8167791366577148,0.6671282052993774,,,,
37,18299,,,,,0.5669393539428711,0.7266536951065063,0.8105508089065552,0.6569926142692566,,,,
37,18349,,,,,0.5688439607620239,0.6927872896194458,0.8746484518051147,0.765009880065918,,,,
37,18399,,,,,0.572350025177002,0.6668845415115356,0.8452816009521484,0.7145010232925415,,,,
37,18449,,,,,0.5155923962593079,0.7008470892906189,0.7660260796546936,0.5867959260940552,,,,
37,18499,,,,,0.557457685470581,0.7559353709220886,0.8450203537940979,0.7140594124794006,,,,
37,18549,,,,,0.5413399934768677,0.7471880912780762,0.7944046854972839,0.631078839302063,,,,
37,18599,,,,,0.5119463801383972,0.734935998916626,0.7393805980682373,0.546683669090271,,,,
37,18649,,,,,0.5077082514762878,0.67274010181427,0.8134014010429382,0.6616218090057373,,,,
37,18657,,,,,,,,,0.5243576169013977,0.6979199647903442,0.8242934942245483,0.6822436451911926
38,18699,,,,,0.539710283279419,0.7168709635734558,0.8344318866729736,0.6962765455245972,,,,
38,18749,,,,,0.47991323471069336,0.7651277780532837,0.755164384841919,0.5702732801437378,,,,
38,18799,,,,,0.5168148875236511,0.6478230953216553,0.8102704882621765,0.6565383076667786,,,,
38,18849,,,,,0.4682999551296234,0.793994128704071,0.6808604001998901,0.46357086300849915,,,,
38,18899,,,,,0.5637640953063965,0.6831609010696411,0.8457947969436646,0.7153688669204712,,,,
38,18949,,,,,0.5535283088684082,0.6794874668121338,0.9001719951629639,0.810309648513794,,,,
38,18999,,,,,0.5214376449584961,0.7387745380401611,0.7987653613090515,0.6380261182785034,,,,
38,19049,,,,,0.6113871335983276,0.6898571252822876,0.8810860514640808,0.7763126492500305,,,,
38,19099,,,,,0.5215139985084534,0.7856909036636353,0.7488155364990234,0.5607247352600098,,,,
38,19148,,,,,,,,,0.5113070607185364,0.7043483257293701,0.813220202922821,0.6652154922485352
39,19149,,,,,0.4826489984989166,0.7846437096595764,0.7546115517616272,0.569438636302948,,,,
39,19199,,,,,0.5003552436828613,0.7143068313598633,0.777937650680542,0.6051869988441467,,,,
39,19249,,,,,0.5196620225906372,0.6976575255393982,0.8286005258560181,0.6865788102149963,,,,
39,19299,,,,,0.5701296329498291,0.7137925624847412,0.8633302450180054,0.7453391551971436,,,,
39,19349,,,,,0.5153874158859253,0.7064214944839478,0.7937580943107605,0.6300519108772278,,,,
39,19399,,,,,0.504189133644104,0.7341688871383667,0.7967184782028198,0.6347603797912598,,,,
39,19449,,,,,0.5094578266143799,0.6652393341064453,0.8213822245597839,0.6746687889099121,,,,
39,19499,,,,,0.5269774198532104,0.5921187400817871,0.8071420788764954,0.6514782905578613,,,,
39,19549,,,,,0.5675609111785889,0.7169804573059082,0.8695926666259766,0.7561913728713989,,,,
39,19599,,,,,0.5638314485549927,0.640412449836731,0.8236792087554932,0.6784474849700928,,,,
39,19639,,,,,,,,,0.513063907623291,0.7043123841285706,0.8138550519943237,0.666250467300415
40,19649,,,,,0.5213945508003235,0.6770268678665161,0.8085238933563232,0.6537108421325684,,,,
40,19699,,,,,0.5714597702026367,0.6483603119850159,0.9129970073699951,0.8335635662078857,,,,
40,19749,,,,,0.5452743768692017,0.6866520047187805,0.8592423796653748,0.7382974624633789,,,,
40,19799,,,,,0.4750971794128418,0.7949116826057434,0.7205576300621033,0.5192033052444458,,,,
40,19849,,,,,0.462336003780365,0.7310867309570312,0.752524197101593,0.5662926435470581,,,,
40,19899,,,,,0.5486242771148682,0.6830580830574036,0.8445557951927185,0.7132744789123535,,,,
40,19949,,,,,0.6055543422698975,0.5201075077056885,0.9543618559837341,0.9108065962791443,,,,
40,19999,,,,,0.5553536415100098,0.7474449276924133,0.8101257085800171,0.6563036441802979,,,,
40,20049,,,,,0.5643820762634277,0.697213351726532,0.8538374304771423,0.7290383577346802,,,,
40,20099,,,,,0.4726295471191406,0.7413156032562256,0.6951113343238831,0.48317980766296387,,,,
40,20130,,,,,,,,,0.5103406310081482,0.7097736597061157,0.8070473670959473,0.6546162962913513
41,20149,,,,,0.5343669652938843,0.7190489768981934,0.8171595931053162,0.6677497625350952,,,,
41,20199,,,,,0.5842007994651794,0.643157422542572,0.8882445096969604,0.7889783382415771,,,,
41,20249,,,,,0.5104318261146545,0.6842862367630005,0.8148075342178345,0.6639113426208496,,,,
41,20299,,,,,0.5037896633148193,0.7068862318992615,0.7874261736869812,0.6200399398803711,,,,
41,20349,,,,,0.49736276268959045,0.7375062704086304,0.7780305743217468,0.6053315997123718,,,,
41,20399,,,,,0.5436998605728149,0.7688618898391724,0.7815482020378113,0.6108176112174988,,,,
41,20449,,,,,0.5599044561386108,0.5861691236495972,0.8942023515701294,0.7995977997779846,,,,
41,20499,,,,,0.5877337455749512,0.6867117881774902,0.8812366127967834,0.7765779495239258,,,,
41,20549,,,,,0.5327460765838623,0.7094278931617737,0.7768967747688293,0.6035685539245605,,,,
41,20599,,,,,0.4546677768230438,0.7759261727333069,0.7321348190307617,0.53602135181427,,,,
41,20621,,,,,,,,,0.5124872922897339,0.7051832675933838,0.8126072883605957,0.6640647649765015
42,20649,,,,,0.5054916143417358,0.7334150075912476,0.7903591990470886,0.6246676445007324,,,,
42,20699,,,,,0.5265614986419678,0.720584511756897,0.8202628493309021,0.672831118106842,,,,
42,20749,,,,,0.5490459203720093,0.6179006695747375,0.8324671387672424,0.6930015087127686,,,,
42,20799,,,,,0.5603810548782349,0.7195422649383545,0.8040860295295715,0.6465543508529663,,,,
42,20849,,,,,0.5810412168502808,0.620391845703125,0.9215583205223083,0.8492697477340698,,,,
42,20899,,,,,0.5388283133506775,0.6181805729866028,0.8822876214981079,0.7784314155578613,,,,
42,20949,,,,,0.5499069690704346,0.6234209537506104,0.8583935499191284,0.7368394732475281,,,,
42,20999,,,,,0.4691804051399231,0.7866952419281006,0.7361595630645752,0.5419309139251709,,,,
42,21049,,,,,0.5443857908248901,0.6681305766105652,0.814808189868927,0.6639124155044556,,,,
42,21099,,,,,0.49009886384010315,0.7202098369598389,0.728511393070221,0.5307288765907288,,,,
42,21112,,,,,,,,,0.5113626718521118,0.7095783948898315,0.8068966269493103,0.6548789143562317
43,21149,,,,,0.4815601706504822,0.7196935415267944,0.7117431163787842,0.506578266620636,,,,
43,21199,,,,,0.5220693945884705,0.7526128888130188,0.8016064167022705,0.6425728797912598,,,,
43,21249,,,,,0.5488583445549011,0.5917641520500183,0.8772644996643066,0.7695930004119873,,,,
43,21299,,,,,0.56700199842453,0.6850758194923401,0.8727326393127441,0.7616622447967529,,,,
43,21349,,,,,0.5129070281982422,0.7099035978317261,0.7365439534187317,0.5424969792366028,,,,
43,21399,,,,,0.47637900710105896,0.7636425495147705,0.739782452583313,0.5472780466079712,,,,
43,21449,,,,,0.5476087331771851,0.7150688171386719,0.8001161217689514,0.6401857733726501,,,,
43,21499,,,,,0.5235500335693359,0.7634098529815674,0.7803753614425659,0.6089857220649719,,,,
43,21549,,,,,0.4915996193885803,0.7645108699798584,0.7061236500740051,0.49861058592796326,,,,
43,21599,,,,,0.5076248645782471,0.7246876955032349,0.7773893475532532,0.6043341755867004,,,,
43,21603,,,,,,,,,0.5076334476470947,0.7120099067687988,0.8035355806350708,0.6489742398262024
44,21649,,,,,0.5586205124855042,0.5703682899475098,0.8556135892868042,0.7320746183395386,,,,
44,21699,,,,,0.5908861756324768,0.6821002960205078,0.9054688811302185,0.8198738694190979,,,,
44,21749,,,,,0.47314900159835815,0.7644131183624268,0.7397632002830505,0.5472495555877686,,,,
44,21799,,,,,0.504621684551239,0.7231446504592896,0.7959281206130981,0.6335015296936035,,,,
44,21849,,,,,0.5056537389755249,0.7434995174407959,0.7872715592384338,0.6197965145111084,,,,
44,21899,,,,,0.4910792112350464,0.7473360300064087,0.7606321573257446,0.5785613059997559,,,,
44,21949,,,,,0.6590436100959778,0.6915097236633301,0.9353027939796448,0.8747913241386414,,,,
44,21999,,,,,0.5180506706237793,0.6862871050834656,0.849568784236908,0.7217671275138855,,,,
44,22049,,,,,0.5214000344276428,0.7541459202766418,0.7486407160758972,0.5604629516601562,,,,
44,22094,,,,,,,,,0.5043235421180725,0.7094725966453552,0.8067899346351624,0.6544378995895386
45,22099,,,,,0.5419459342956543,0.6485384702682495,0.8073052167892456,0.6517417430877686,,,,
45,22149,,,,,0.4851387143135071,0.716197669506073,0.7399100661277771,0.5474668741226196,,,,
45,22199,,,,,0.49834829568862915,0.7551859617233276,0.7111629247665405,0.5057527422904968,,,,
45,22249,,,,,0.46782228350639343,0.7849369645118713,0.7329244017601013,0.5371782183647156,,,,
45,22299,,,,,0.47483915090560913,0.7531355619430542,0.7431320548057556,0.5522452592849731,,,,
45,22349,,,,,0.49830108880996704,0.7380257248878479,0.77949059009552,0.6076055765151978,,,,
45,22399,,,,,0.5686127543449402,0.611922025680542,0.9202797412872314,0.8469147682189941,,,,
45,22449,,,,,0.52057284116745,0.7769365906715393,0.7781527638435364,0.6055216789245605,,,,
45,22499,,,,,0.4825749695301056,0.7399851679801941,0.7180010080337524,0.5155254602432251,,,,
45,22549,,,,,0.5344865322113037,0.7559783458709717,0.8292249441146851,0.6876139640808105,,,,
45,22585,,,,,,,,,0.5211684107780457,0.7075036764144897,0.8123141527175903,0.6625266671180725
46,22599,,,,,0.6408946514129639,0.6597073078155518,0.9448813199996948,0.8928007483482361,,,,
46,22649,,,,,0.5460618734359741,0.6846938729286194,0.8451362252235413,0.7142552137374878,,,,
46,22699,,,,,0.5665473341941833,0.7058364152908325,0.8293350338935852,0.6877965927124023,,,,
46,22749,,,,,0.5233076810836792,0.7170741558074951,0.7736752033233643,0.5985733270645142,,,,
46,22799,,,,,0.511910617351532,0.737490713596344,0.7451252341270447,0.55521160364151,,,,
46,22849,,,,,0.5419377684593201,0.6961994767189026,0.8198959827423096,0.6722294688224792,,,,
46,22899,,,,,0.5679553747177124,0.703973650932312,0.8419223427772522,0.7088332176208496,,,,
46,22949,,,,,0.5137401223182678,0.7266936302185059,0.7977517247200012,0.6364078521728516,,,,
46,22999,,,,,0.49631208181381226,0.7508373856544495,0.7662721276283264,0.5871729850769043,,,,
46,23049,,,,,0.4742959141731262,0.8047305345535278,0.6968157887458801,0.48555225133895874,,,,
46,23076,,,,,,,,,0.503212571144104,0.7116581797599792,0.8032178282737732,0.6488373875617981
47,23099,,,,,0.4525023102760315,0.7534753680229187,0.6781459450721741,0.45988190174102783,,,,
47,23149,,,,,0.4684009552001953,0.794985294342041,0.6972288489341736,0.486128032207489,,,,
47,23199,,,,,0.49878498911857605,0.7275599241256714,0.7832850217819214,0.613535463809967,,,,
47,23249,,,,,0.660697340965271,0.7495459318161011,0.9860668778419495,0.9723278880119324,,,,
47,23299,,,,,0.4780770540237427,0.7690993547439575,0.7504849433898926,0.563227653503418,,,,
47,23349,,,,,0.43443769216537476,0.7828195691108704,0.6706531643867493,0.4497756361961365,,,,
47,23399,,,,,0.6027064323425293,0.5943305492401123,0.9558183550834656,0.9135887026786804,,,,
47,23449,,,,,0.582136332988739,0.7186987400054932,0.8638304471969604,0.7462030649185181,,,,
47,23499,,,,,0.5515204071998596,0.6565113067626953,0.8522998094558716,0.7264149785041809,,,,
47,23549,,,,,0.545772910118103,0.6899384260177612,0.8387845754623413,0.7035595178604126,,,,
47,23567,,,,,,,,,0.5087224841117859,0.7142410278320312,0.8011605739593506,0.6451923251152039
48,23599,,,,,0.5020245313644409,0.7359532117843628,0.7078637480735779,0.5010710954666138,,,,
48,23649,,,,,0.5620789527893066,0.705245316028595,0.8290728330612183,0.6873617172241211,,,,
48,23699,,,,,0.54746413230896,0.6611042022705078,0.8219630122184753,0.6756232380867004,,,,
48,23749,,,,,0.48252907395362854,0.7716858386993408,0.722541868686676,0.5220667123794556,,,,
48,23799,,,,,0.48355117440223694,0.7815840244293213,0.7293067574501038,0.5318883657455444,,,,
48,23849,,,,,0.5376323461532593,0.7214841842651367,0.8033778667449951,0.6454160213470459,,,,
48,23899,,,,,0.46439579129219055,0.7616531252861023,0.7025937438011169,0.49363797903060913,,,,
48,23949,,,,,0.6167662143707275,0.6504780054092407,0.9625353813171387,0.9264743328094482,,,,
48,23999,,,,,0.5666204690933228,0.728484034538269,0.8668825030326843,0.751485288143158,,,,
48,24049,,,,,0.5338722467422485,0.7458399534225464,0.8275958895683289,0.6849149465560913,,,,
48,24058,,,,,,,,,0.49810078740119934,0.7148470878601074,0.7986358404159546,0.6414211392402649
49,24099,,,,,0.5280771851539612,0.7085981965065002,0.7941741347312927,0.6307125091552734,,,,
49,24149,,,,,0.45405423641204834,0.8018227815628052,0.6957623362541199,0.4840852618217468,,,,
49,24199,,,,,0.49057161808013916,0.7781912088394165,0.6921605467796326,0.4790862202644348,,,,
49,24249,,,,,0.5479142665863037,0.6382343769073486,0.8840211629867554,0.7814934253692627,,,,
49,24299,,,,,0.5125746726989746,0.7567647099494934,0.7675771713256836,0.5891746878623962,,,,
49,24349,,,,,0.551947832107544,0.6672873497009277,0.8703106045722961,0.7574405670166016,,,,
49,24399,,,,,0.5101984739303589,0.6804910898208618,0.8331338167190552,0.6941120028495789,,,,
49,24449,,,,,0.47725433111190796,0.7122144103050232,0.7719641327857971,0.5959286093711853,,,,
49,24499,,,,,0.5342808365821838,0.7564899921417236,0.7860247492790222,0.6178349256515503,,,,
49,24549,,,,,0.5170037150382996,0.3978034257888794,0.9360973834991455,0.8762783408164978,,,,
49,24549,,,,,,,,,0.49774035811424255,0.7180323600769043,0.7940996289253235,0.6344540119171143
50,24599,,,,,0.595764696598053,0.6560366749763489,0.8807346820831299,0.7756935954093933,,,,
50,24649,,,,,0.4701090455055237,0.7465711832046509,0.7146114706993103,0.5106695890426636,,,,
50,24699,,,,,0.5373265743255615,0.7187415361404419,0.8378631472587585,0.702014684677124,,,,
50,24749,,,,,0.5112996101379395,0.7330567836761475,0.796166718006134,0.6338814496994019,,,,
50,24799,,,,,0.49357444047927856,0.727207362651825,0.7538527250289917,0.5682939291000366,,,,
50,24849,,,,,0.5899057388305664,0.7145235538482666,0.8597553372383118,0.7391791939735413,,,,
50,24899,,,,,0.5490540266036987,0.6796037554740906,0.854673445224762,0.7304666638374329,,,,
50,24949,,,,,0.49976062774658203,0.710610032081604,0.7918493151664734,0.627025306224823,,,,
50,24999,,,,,0.5272254943847656,0.7540923953056335,0.8261203169822693,0.6824747323989868,,,,
50,25040,,,,,,,,,0.5009297728538513,0.7086884379386902,0.8068138360977173,0.6552943587303162
51,25049,,,,,0.4652518033981323,0.7799649238586426,0.7284468412399292,0.5306347608566284,,,,
51,25099,,,,,0.5044300556182861,0.729655385017395,0.7581161856651306,0.5747401118278503,,,,
51,25149,,,,,0.48515093326568604,0.7938910722732544,0.741209864616394,0.5493921041488647,,,,
51,25199,,,,,0.5065402984619141,0.703886866569519,0.7981736063957214,0.6370811462402344,,,,
51,25249,,,,,0.5459079146385193,0.6395835876464844,0.8444536924362183,0.7131020426750183,,,,
51,25299,,,,,0.5293377637863159,0.6969574689865112,0.8150759935379028,0.6643489003181458,,,,
51,25349,,,,,0.5587818622589111,0.7515854239463806,0.868537962436676,0.754358172416687,,,,
51,25399,,,,,0.5313482284545898,0.6119239330291748,0.8147562742233276,0.6638277769088745,,,,
51,25449,,,,,0.49449488520622253,0.7492722272872925,0.7748807072639465,0.6004401445388794,,,,
51,25499,,,,,0.5993490815162659,0.7011880874633789,0.8738933205604553,0.7636895179748535,,,,
51,25531,,,,,,,,,0.49865344166755676,0.7185450196266174,0.7937327027320862,0.6330270171165466
52,25549,,,,,0.5144168734550476,0.7647742033004761,0.7801904082298279,0.6086970567703247,,,,
52,25599,,,,,0.5362588167190552,0.6297292113304138,0.8333497643470764,0.6944718360900879,,,,
52,25649,,,,,0.5321272611618042,0.7383828163146973,0.8164502382278442,0.6665909886360168,,,,
52,25699,,,,,0.42252016067504883,0.792912483215332,0.6343547701835632,0.4024059772491455,,,,
52,25749,,,,,0.575140655040741,0.6747605800628662,0.8559198379516602,0.7325987815856934,,,,
52,25799,,,,,0.4665122628211975,0.704682469367981,0.735522985458374,0.5409940481185913,,,,
52,25849,,,,,0.5185872316360474,0.603861927986145,0.8683047890663147,0.753953218460083,,,,
52,25899,,,,,0.5347868800163269,0.7428473234176636,0.807855486869812,0.6526304483413696,,,,
52,25949,,,,,0.4969363212585449,0.7508344054222107,0.7522603273391724,0.5658955574035645,,,,
52,25999,,,,,0.5598263740539551,0.6622060537338257,0.8342942595481873,0.6960468888282776,,,,
52,26022,,,,,,,,,0.49271267652511597,0.7206608057022095,0.79054194688797,0.6291157007217407
53,26049,,,,,0.5677177309989929,0.6938385963439941,0.9172371625900269,0.8413240313529968,,,,
53,26099,,,,,0.49786293506622314,0.7063601016998291,0.7496553659439087,0.5619831681251526,,,,
53,26149,,,,,0.497423380613327,0.759957492351532,0.767781138420105,0.5894878506660461,,,,
53,26199,,,,,0.5200229287147522,0.66200852394104,0.8033282160758972,0.6453362703323364,,,,
53,26249,,,,,0.4919460415840149,0.7477436065673828,0.7576875686645508,0.5740904808044434,,,,
53,26299,,,,,0.5107924342155457,0.7638171911239624,0.7946004867553711,0.6313899755477905,,,,
53,26349,,,,,0.495585173368454,0.7517105340957642,0.7777373790740967,0.6048754453659058,,,,
53,26399,,,,,0.5468037128448486,0.7452271580696106,0.8216548562049866,0.6751167178153992,,,,
53,26449,,,,,0.47841840982437134,0.7218593955039978,0.7474780082702637,0.5587233901023865,,,,
53,26499,,,,,0.5830289721488953,0.7159193754196167,0.8859906196594238,0.7849793434143066,,,,
53,26513,,,,,,,,,0.49612507224082947,0.717912495136261,0.7953833341598511,0.6362154483795166
54,26549,,,,,0.5308049917221069,0.7650337815284729,0.8036182522773743,0.6458022594451904,,,,
54,26599,,,,,0.5392955541610718,0.7241696715354919,0.8245866894721985,0.6799432039260864,,,,
54,26649,,,,,0.5959889888763428,0.6891096830368042,0.890262246131897,0.7925668954849243,,,,
54,26699,,,,,0.5522138476371765,0.5808919668197632,0.8974966406822205,0.8055002689361572,,,,
54,26749,,,,,0.49484971165657043,0.7241970300674438,0.7788370847702026,0.6065871715545654,,,,
54,26799,,,,,0.5002561211585999,0.6981993913650513,0.7596184611320496,0.5770201683044434,,,,
54,26849,,,,,0.5043576955795288,0.6941150426864624,0.8261303305625916,0.6824913024902344,,,,
54,26899,,,,,0.4999680817127228,0.7237638235092163,0.7618570923805237,0.5804262161254883,,,,
54,26949,,,,,0.49177002906799316,0.7591140270233154,0.7469669580459595,0.5579596757888794,,,,
54,26999,,,,,0.5629549622535706,0.7179017663002014,0.7910434007644653,0.6257497072219849,,,,
54,27004,,,,,,,,,0.5008482933044434,0.7190476059913635,0.793941855430603,0.6336416006088257
55,27049,,,,,0.4995492994785309,0.7164939045906067,0.8051274418830872,0.6482301950454712,,,,
55,27099,,,,,0.5479965209960938,0.7545570731163025,0.8030170798301697,0.64483642578125,,,,
55,27149,,,,,0.48324304819107056,0.7334598302841187,0.7727065086364746,0.597075343132019,,,,
55,27199,,,,,0.4486469626426697,0.8033942580223083,0.6320132613182068,0.3994407653808594,,,,
55,27249,,,,,0.558663547039032,0.678570032119751,0.8514256477355957,0.7249256372451782,,,,
55,27299,,,,,0.486552357673645,0.7599195837974548,0.7939751744270325,0.6303966045379639,,,,
55,27349,,,,,0.5191758871078491,0.699489951133728,0.7749391794204712,0.600530743598938,,,,
55,27399,,,,,0.5523992776870728,0.7254605889320374,0.8070979118347168,0.65140700340271,,,,
55,27449,,,,,0.5121940970420837,0.7158693075180054,0.7730433940887451,0.5975960493087769,,,,
55,27495,,,,,,,,,0.49922433495521545,0.7201512455940247,0.7927002310752869,0.6315783858299255
56,27499,,,,,0.5949313640594482,0.6986244320869446,0.8625354170799255,0.7439673542976379,,,,
56,27549,,,,,0.4958588480949402,0.7317942380905151,0.7031316757202148,0.4943941831588745,,,,
56,27599,,,,,0.47102871537208557,0.7384072542190552,0.7976803183555603,0.636293888092041,,,,
56,27649,,,,,0.521662712097168,0.6776944994926453,0.8401226997375488,0.7058061361312866,,,,
56,27699,,,,,0.5685892105102539,0.7242722511291504,0.8606650829315186,0.7407443523406982,,,,
56,27749,,,,,0.4968147873878479,0.7312226295471191,0.7459243535995483,0.5564031600952148,,,,
56,27799,,,,,0.5649998188018799,0.5530372262001038,0.915971577167511,0.8390039205551147,,,,
56,27849,,,,,0.46604570746421814,0.7478376626968384,0.7265465259552002,0.5278698801994324,,,,
56,27899,,,,,0.5701196193695068,0.7321666479110718,0.8397132158279419,0.7051182985305786,,,,
56,27949,,,,,0.49799057841300964,0.7932740449905396,0.7127854824066162,0.5080631375312805,,,,
56,27986,,,,,,,,,0.4902258515357971,0.7248241305351257,0.7858097553253174,0.6209719777107239
57,27999,,,,,0.5326807498931885,0.7479356527328491,0.822028398513794,0.6757307052612305,,,,
57,28049,,,,,0.47874632477760315,0.7830649018287659,0.7382844686508179,0.5450639724731445,,,,
57,28099,,,,,0.5782158374786377,0.6351581811904907,0.9174502491950989,0.8417149782180786,,,,
57,28149,,,,,0.5403096079826355,0.7243632078170776,0.8591530323028564,0.7381439208984375,,,,
57,28199,,,,,0.4616822600364685,0.8120189905166626,0.684688925743103,0.468798965215683,,,,
57,28249,,,,,0.4872664511203766,0.7359142303466797,0.7238491773605347,0.5239576101303101,,,,
57,28299,,,,,0.45543521642684937,0.7539045214653015,0.7033255100250244,0.49466678500175476,,,,
57,28349,,,,,0.5088973045349121,0.7407451868057251,0.7623767256736755,0.5812182426452637,,,,
57,28399,,,,,0.4542207717895508,0.7147109508514404,0.7170355916023254,0.5141400098800659,,,,
57,28449,,,,,0.452648401260376,0.7846075892448425,0.7169859409332275,0.5140688419342041,,,,
57,28477,,,,,,,,,0.49450644850730896,0.7222152948379517,0.7886536121368408,0.6255137920379639
58,28499,,,,,0.48933881521224976,0.6825567483901978,0.766667902469635,0.5877796411514282,,,,
58,28549,,,,,0.4517030417919159,0.7448233366012573,0.7138519883155823,0.5095846652984619,,,,
58,28599,,,,,0.47774720191955566,0.7687546014785767,0.7392120957374573,0.5464345216751099,,,,
58,28649,,,,,0.551853358745575,0.7053105235099792,0.8288019299507141,0.6869126558303833,,,,
58,28699,,,,,0.49671024084091187,0.7785618305206299,0.7576497197151184,0.5740331411361694,,,,
58,28749,,,,,0.46897000074386597,0.7752432823181152,0.7140349745750427,0.5098459720611572,,,,
58,28799,,,,,0.4766266942024231,0.7081464529037476,0.7297568917274475,0.5325451493263245,,,,
58,28849,,,,,0.505652904510498,0.6407309770584106,0.873397171497345,0.7628226280212402,,,,
58,28899,,,,,0.4689873456954956,0.7794954776763916,0.6674428582191467,0.44547995924949646,,,,
58,28949,,,,,0.477331280708313,0.7674636840820312,0.7242594361305237,0.5245517492294312,,,,
58,28968,,,,,,,,,0.4906814992427826,0.7218833565711975,0.7894039750099182,0.6265372037887573
59,28999,,,,,0.45176419615745544,0.7634055614471436,0.6993876695632935,0.48914313316345215,,,,
59,29049,,,,,0.513048529624939,0.7341644763946533,0.7799378037452698,0.6083029508590698,,,,
59,29099,,,,,0.4604724645614624,0.7143294811248779,0.7811070084571838,0.6101281642913818,,,,
59,29149,,,,,0.47865191102027893,0.7590831518173218,0.7516629099845886,0.564997136592865,,,,
59,29199,,,,,0.5393791794776917,0.572953462600708,0.9127593040466309,0.8331295251846313,,,,
59,29249,,,,,0.4574819803237915,0.7780168056488037,0.7293897867202759,0.5320094227790833,,,,
59,29299,,,,,0.46140754222869873,0.7663336396217346,0.7416588068008423,0.5500578284263611,,,,
59,29349,,,,,0.43139421939849854,0.8524572253227234,0.6173145174980164,0.38107720017433167,,,,
59,29399,,,,,0.4699917733669281,0.7144364714622498,0.733644962310791,0.5382348895072937,,,,
59,29449,,,,,0.5340982675552368,0.7573413252830505,0.8363764882087708,0.6995255947113037,,,,
59,29459,,,,,,,,,0.48397183418273926,0.728813648223877,0.7799699902534485,0.6113603711128235
60,29499,,,,,0.5121590495109558,0.7198330163955688,0.818952202796936,0.6706826686859131,,,,
60,29549,,,,,0.4418465793132782,0.7756013870239258,0.6898689270019531,0.47591912746429443,,,,
60,29599,,,,,0.5075346231460571,0.7289591431617737,0.7673195600509644,0.5887793302536011,,,,
60,29649,,,,,0.48516079783439636,0.7485775947570801,0.7431578636169434,0.5522835850715637,,,,
60,29699,,,,,0.5057989954948425,0.7307458519935608,0.7805161476135254,0.609205424785614,,,,
60,29749,,,,,0.4340447783470154,0.8454110026359558,0.6697118282318115,0.448513925075531,,,,
60,29799,,,,,0.5163459777832031,0.7189002633094788,0.8189756870269775,0.670721173286438,,,,
60,29849,,,,,0.5159009695053101,0.7428706288337708,0.8219559192657471,0.6756114959716797,,,,
60,29899,,,,,0.47035273909568787,0.6724013090133667,0.7386522889137268,0.5456072092056274,,,,
60,29949,,,,,0.4532462954521179,0.7501828074455261,0.7141628861427307,0.5100286602973938,,,,
60,29950,,,,,,,,,0.48398545384407043,0.7260233759880066,0.7828356027603149,0.6162996292114258
61,29999,,,,,0.5319309234619141,0.6879457831382751,0.784421980381012,0.6153178215026855,,,,
61,30049,,,,,0.4641094505786896,0.6865324974060059,0.7448630332946777,0.5548208951950073,,,,
61,30099,,,,,0.5650159120559692,0.6437856554985046,0.8854679465293884,0.7840535044670105,,,,
61,30149,,,,,0.4733734130859375,0.722318172454834,0.7271721363067627,0.5287793278694153,,,,
61,30199,,,,,0.5161762237548828,0.7298442721366882,0.7715425491333008,0.5952779054641724,,,,
61,30249,,,,,0.5351346731185913,0.7649914026260376,0.7812590599060059,0.6103657484054565,,,,
61,30299,,,,,0.4686129093170166,0.7595354914665222,0.7430868744850159,0.5521780848503113,,,,
61,30349,,,,,0.4626109004020691,0.8228103518486023,0.666341245174408,0.4440106749534607,,,,
61,30399,,,,,0.5797203779220581,0.7016043663024902,0.8508036732673645,0.7238669395446777,,,,
61,30441,,,,,,,,,0.4880087673664093,0.722694993019104,0.7877998352050781,0.6244211196899414
62,30449,,,,,0.4937778115272522,0.7445273399353027,0.7831940054893494,0.6133928298950195,,,,
62,30499,,,,,0.4758833646774292,0.7792760133743286,0.7210561633110046,0.5199220180511475,,,,
62,30549,,,,,0.5210039615631104,0.6875668168067932,0.7891326546669006,0.6227303743362427,,,,
62,30599,,,,,0.5523163676261902,0.7517849206924438,0.8249807357788086,0.6805932521820068,,,,
62,30649,,,,,0.5550643801689148,0.7540813684463501,0.821170449256897,0.6743209362030029,,,,
62,30699,,,,,0.5224676132202148,0.7133027911186218,0.8202090859413147,0.6727429032325745,,,,
62,30749,,,,,0.4589572548866272,0.8066872954368591,0.6881148815155029,0.47350209951400757,,,,
62,30799,,,,,0.5056201219558716,0.6081589460372925,0.7908071875572205,0.6253759860992432,,,,
62,30849,,,,,0.4845453202724457,0.7720144987106323,0.7199369072914124,0.5183091163635254,,,,
62,30899,,,,,0.470866322517395,0.7392160892486572,0.7509475350379944,0.5639221668243408,,,,
62,30932,,,,,,,,,0.4992709457874298,0.7213661670684814,0.7898138165473938,0.6274608373641968
63,30949,,,,,0.4643770456314087,0.7964166402816772,0.6804056167602539,0.46295177936553955,,,,
63,30999,,,,,0.5016176700592041,0.7813720107078552,0.7402986884117126,0.5480421781539917,,,,
63,31049,,,,,0.5649007558822632,0.7160241603851318,0.8622947931289673,0.7435523271560669,,,,
63,31099,,,,,0.44013088941574097,0.7876920104026794,0.662348210811615,0.43870511651039124,,,,
63,31149,,,,,0.4667091369628906,0.7598791718482971,0.718494713306427,0.5162346363067627,,,,
63,31199,,,,,0.4937729239463806,0.7562021613121033,0.7458434700965881,0.5562824606895447,,,,
63,31249,,,,,0.509332001209259,0.7430615425109863,0.7602684497833252,0.5780081152915955,,,,
63,31299,,,,,0.46928226947784424,0.7752557992935181,0.6979255080223083,0.4870999753475189,,,,
63,31349,,,,,0.4825182855129242,0.7972791790962219,0.7166488170623779,0.5135855078697205,,,,
63,31399,,,,,0.5170351266860962,0.710500180721283,0.7739751935005188,0.5990375876426697,,,,
63,31423,,,,,,,,,0.48220038414001465,0.7298963069915771,0.7777223587036133,0.6084157228469849
64,31449,,,,,0.4398455023765564,0.8218443393707275,0.640364944934845,0.41006726026535034,,,,
64,31499,,,,,0.5319049954414368,0.6832482814788818,0.8108214735984802,0.6574314832687378,,,,
64,31549,,,,,0.5019627809524536,0.7456196546554565,0.7954103946685791,0.6326776742935181,,,,
64,31599,,,,,0.5259929299354553,0.7214086651802063,0.7987864017486572,0.6380597352981567,,,,
64,31649,,,,,0.4547961354255676,0.7121085524559021,0.7327693104743958,0.5369508266448975,,,,
64,31699,,,,,0.5061060190200806,0.6342897415161133,0.8379688262939453,0.7021917700767517,,,,
64,31749,,,,,0.5062429904937744,0.7351149320602417,0.7922917604446411,0.6277261972427368,,,,
64,31799,,,,,0.4826079308986664,0.7802320718765259,0.7350391745567322,0.5402826070785522,,,,
64,31849,,,,,0.5306971073150635,0.729435920715332,0.7888646721839905,0.6223074793815613,,,,
64,31899,,,,,0.5092244148254395,0.7574033737182617,0.754143476486206,0.5687323808670044,,,,
64,31914,,,,,,,,,0.4862666726112366,0.728266716003418,0.7803367972373962,0.6121368408203125
65,31949,,,,,0.5057888031005859,0.7091492414474487,0.7529845237731934,0.5669857263565063,,,,
65,31999,,,,,0.4733717441558838,0.7640253901481628,0.7426133751869202,0.5514746308326721,,,,
65,32049,,,,,0.44229307770729065,0.779111385345459,0.6988587975502014,0.4884035885334015,,,,
65,32099,,,,,0.46707507967948914,0.717136025428772,0.7505321502685547,0.5632985234260559,,,,
65,32149,,,,,0.42895931005477905,0.7697629928588867,0.7015541791915894,0.4921782314777374,,,,
65,32199,,,,,0.48805472254753113,0.7531555891036987,0.7210736870765686,0.5199472904205322,,,,
65,32249,,,,,0.5228726267814636,0.7218883037567139,0.7873072028160095,0.6198526620864868,,,,
65,32299,,,,,0.44456180930137634,0.7604078054428101,0.6671348214149475,0.4450688362121582,,,,
65,32349,,,,,0.5117955207824707,0.7514010667800903,0.7459936141967773,0.5565064549446106,,,,
65,32399,,,,,0.4799821972846985,0.8074594140052795,0.7316124439239502,0.5352567434310913,,,,
65,32405,,,,,,,,,0.4870908260345459,0.7306166291236877,0.7760439515113831,0.606070339679718
66,32449,,,,,0.5071012377738953,0.6327201128005981,0.8269292116165161,0.6838119029998779,,,,
66,32499,,,,,0.5126696228981018,0.7649590969085693,0.76211017370224,0.5808119177818298,,,,
66,32549,,,,,0.4499684274196625,0.8111667633056641,0.6842784881591797,0.4682370722293854,,,,
66,32599,,,,,0.43931472301483154,0.7757464647293091,0.6928746700286865,0.48007529973983765,,,,
66,32649,,,,,0.5016350150108337,0.7285631895065308,0.7551730275154114,0.5702862739562988,,,,
66,32699,,,,,0.4451913833618164,0.7801809310913086,0.661010205745697,0.43693453073501587,,,,
66,32749,,,,,0.4917580485343933,0.7590411305427551,0.7701313495635986,0.5931023359298706,,,,
66,32799,,,,,0.4514540433883667,0.6658029556274414,0.7299548983573914,0.5328341722488403,,,,
66,32849,,,,,0.48886820673942566,0.6457055807113647,0.8104566931724548,0.6568400859832764,,,,
66,32896,,,,,,,,,0.49588367342948914,0.7269322872161865,0.7823511362075806,0.6149488091468811
67,32899,,,,,0.474372923374176,0.7909085154533386,0.7159530520439148,0.5125887393951416,,,,
67,32949,,,,,0.5090517401695251,0.7894375324249268,0.7689200639724731,0.5912380218505859,,,,
67,32999,,,,,0.47688838839530945,0.7116897702217102,0.7544845342636108,0.5692468881607056,,,,
67,33049,,,,,0.5174422264099121,0.6920555830001831,0.8267593383789062,0.6835310459136963,,,,
67,33099,,,,,0.5112854242324829,0.7501499056816101,0.7584589123725891,0.5752599239349365,,,,
67,33149,,,,,0.4778312146663666,0.6733973026275635,0.848656952381134,0.7202186584472656,,,,
67,33199,,,,,0.5433439612388611,0.6853154897689819,0.8930943608283997,0.7976175546646118,,,,
67,33249,,,,,0.4687651991844177,0.7601199150085449,0.733241617679596,0.537643313407898,,,,
67,33299,,,,,0.5217033624649048,0.72400963306427,0.7795510292053223,0.6076998114585876,,,,
67,33349,,,,,0.49871549010276794,0.7282071709632874,0.7538702487945557,0.5683203935623169,,,,
67,33387,,,,,,,,,0.4912141263484955,0.7270671129226685,0.7810178399085999,0.6140836477279663
68,33399,,,,,0.49701815843582153,0.7378972172737122,0.7850356101989746,0.6162809133529663,,,,
68,33449,,,,,0.5191088318824768,0.6890095472335815,0.8254768252372742,0.6814119815826416,,,,
68,33499,,,,,0.48804256319999695,0.7639508247375488,0.723962128162384,0.5241211652755737,,,,
68,33549,,,,,0.5513350367546082,0.7128942608833313,0.8224895596504211,0.6764891147613525,,,,
68,33599,,,,,0.4813035726547241,0.7950530648231506,0.7226595282554626,0.5222368240356445,,,,
68,33649,,,,,0.527634859085083,0.7706854343414307,0.7582119703292847,0.574885368347168,,,,
68,33699,,,,,0.45621752738952637,0.8033920526504517,0.7081480622291565,0.5014736652374268,,,,
68,33749,,,,,0.4508991241455078,0.8024756908416748,0.6625463962554932,0.4389677345752716,,,,
68,33799,,,,,0.4534423053264618,0.7460156083106995,0.7282792329788208,0.5303906202316284,,,,
68,33849,,,,,0.5547077655792236,0.7525108456611633,0.8248226642608643,0.6803324222564697,,,,
68,33878,,,,,,,,,0.4772685766220093,0.7334328889846802,0.7727680802345276,0.6002601385116577
69,33899,,,,,0.46828797459602356,0.7273027896881104,0.7771084904670715,0.6038975715637207,,,,
69,33949,,,,,0.48568272590637207,0.759871780872345,0.7988759279251099,0.6382027864456177,,,,
69,33999,,,,,0.5048500299453735,0.732910692691803,0.7849267721176147,0.6161100268363953,,,,
69,34049,,,,,0.48177972435951233,0.7777957320213318,0.7430911660194397,0.5521844625473022,,,,
69,34099,,,,,0.46410974860191345,0.6967930793762207,0.7953387498855591,0.6325637102127075,,,,
69,34149,,,,,0.536726176738739,0.7118390798568726,0.8264262080192566,0.6829802989959717,,,,
69,34199,,,,,0.4668547809123993,0.689048171043396,0.7207492589950562,0.519479513168335,,,,
69,34249,,,,,0.5574221611022949,0.6664667129516602,0.8386124968528748,0.7032709121704102,,,,
69,34299,,,,,0.4551529288291931,0.825217068195343,0.7124423384666443,0.5075740814208984,,,,
69,34349,,,,,0.5066565275192261,0.6542975902557373,0.7941093444824219,0.6306096315383911,,,,
69,34369,,,,,,,,,0.48378491401672363,0.7293809056282043,0.7781082987785339,0.6093910932540894
70,34399,,,,,0.4711538851261139,0.7532495260238647,0.696650505065918,0.48532190918922424,,,,
70,34449,,,,,0.5392734408378601,0.708922803401947,0.8202839493751526,0.6728657484054565,,,,
70,34499,,,,,0.44193410873413086,0.8076200485229492,0.6569589376449585,0.4315950274467468,,,,
70,34549,,,,,0.5097991228103638,0.7692951560020447,0.7633864879608154,0.582758903503418,,,,
70,34599,,,,,0.4919690489768982,0.7202686667442322,0.7253203988075256,0.5260896682739258,,,,
70,34649,,,,,0.4196690022945404,0.8441814184188843,0.6082845330238342,0.370010107755661,,,,
70,34699,,,,,0.526954174041748,0.7645633220672607,0.7673517465591431,0.5888286828994751,,,,
70,34749,,,,,0.4823269844055176,0.7524715662002563,0.7597692608833313,0.5772493481636047,,,,
70,34799,,,,,0.4891848564147949,0.7629427313804626,0.7309627532958984,0.534306526184082,,,,
70,34849,,,,,0.49659159779548645,0.782636284828186,0.750306248664856,0.5629594326019287,,,,
70,34860,,,,,,,,,0.47550857067108154,0.73714679479599,0.7672605514526367,0.5920597314834595
71,34899,,,,,0.4093691408634186,0.7982630133628845,0.6470020413398743,0.41861167550086975,,,,
71,34949,,,,,0.5153781175613403,0.7405151724815369,0.757170557975769,0.5733072757720947,,,,
71,34999,,,,,0.48748070001602173,0.7246201634407043,0.7931872010231018,0.6291459798812866,,,,
71,35049,,,,,0.5130727887153625,0.7383960485458374,0.7893811464309692,0.6231225728988647,,,,
71,35099,,,,,0.45089900493621826,0.7756983041763306,0.6702818274497986,0.44927769899368286,,,,
71,35149,,,,,0.46982133388519287,0.7620822191238403,0.7260451316833496,0.5271415710449219,,,,
71,35199,,,,,0.4916125535964966,0.7522143125534058,0.7168880701065063,0.5139285326004028,,,,
71,35249,,,,,0.5064182281494141,0.7420604228973389,0.8110227584838867,0.6577579379081726,,,,
71,35299,,,,,0.4535091519355774,0.7545977234840393,0.6902064085006714,0.47638487815856934,,,,
71,35349,,,,,0.5216853618621826,0.6701043844223022,0.8136565685272217,0.6620370149612427,,,,
71,35351,,,,,,,,,0.47667396068573,0.7329041957855225,0.7733715176582336,0.6018807888031006
72,35399,,,,,0.49898505210876465,0.7231018543243408,0.7608477473258972,0.5788892507553101,,,,
72,35449,,,,,0.49678075313568115,0.7589192390441895,0.7682833671569824,0.590259313583374,,,,
72,35499,,,,,0.4157169461250305,0.8221045732498169,0.6300219893455505,0.39692771434783936,,,,
72,35549,,,,,0.594883143901825,0.6104364991188049,0.9235314130783081,0.8529102206230164,,,,
72,35599,,,,,0.42927059531211853,0.7977917194366455,0.6658340096473694,0.4433349072933197,,,,
72,35649,,,,,0.4524834156036377,0.8021023273468018,0.7217040061950684,0.5208566784858704,,,,
72,35699,,,,,0.4703490734100342,0.7893998026847839,0.67252516746521,0.4522901177406311,,,,
72,35749,,,,,0.43220704793930054,0.8347647190093994,0.6356785893440247,0.4040873050689697,,,,
72,35799,,,,,0.5028979778289795,0.6768021583557129,0.8102626800537109,0.6565256118774414,,,,
72,35842,,,,,,,,,0.47624683380126953,0.7389187216758728,0.764772355556488,0.5881831049919128
73,35849,,,,,0.43856102228164673,0.822016179561615,0.6709402799606323,0.4501608908176422,,,,
73,35899,,,,,0.5017701983451843,0.7367010116577148,0.7655459046363831,0.5860605239868164,,,,
73,35949,,,,,0.4810253977775574,0.8084872961044312,0.7352207899093628,0.540549635887146,,,,
73,35999,,,,,0.4884718358516693,0.6896959543228149,0.7801546454429626,0.6086412668228149,,,,
73,36049,,,,,0.4864451289176941,0.8031845092773438,0.7459186315536499,0.5563945770263672,,,,
73,36099,,,,,0.4532949924468994,0.7925193905830383,0.7203644514083862,0.5189249515533447,,,,
73,36149,,,,,0.4964347183704376,0.7824751138687134,0.7305627465248108,0.533721923828125,,,,
73,36199,,,,,0.505700945854187,0.7813822031021118,0.7411670684814453,0.549328625202179,,,,
73,36249,,,,,0.46516600251197815,0.7799893021583557,0.7419398427009583,0.5504747629165649,,,,
73,36299,,,,,0.4696996212005615,0.7908827066421509,0.7016383409500122,0.49229639768600464,,,,
73,36333,,,,,,,,,0.47410088777542114,0.7346187233924866,0.7708573341369629,0.5980299711227417
74,36349,,,,,0.43335288763046265,0.790442168712616,0.7052162289619446,0.4973299503326416,,,,
74,36399,,,,,0.5015211701393127,0.8131725788116455,0.7142370343208313,0.5101345777511597,,,,
74,36449,,,,,0.44314345717430115,0.806822657585144,0.702861487865448,0.49401426315307617,,,,
74,36499,,,,,0.5166053175926208,0.6516726613044739,0.8283997774124146,0.6862461566925049,,,,
74,36549,,,,,0.4681391716003418,0.7687736749649048,0.707633912563324,0.5007457733154297,,,,
74,36599,,,,,0.4200957119464874,0.766862690448761,0.6949466466903687,0.4829508662223816,,,,
74,36649,,,,,0.4698546528816223,0.7896996736526489,0.7027179598808289,0.4938125014305115,,,,
74,36699,,,,,0.4782598912715912,0.7500032186508179,0.785431444644928,0.6169025301933289,,,,
74,36749,,,,,0.5145075917243958,0.7732775211334229,0.7617282271385193,0.5802298784255981,,,,
74,36799,,,,,0.4634668231010437,0.7603741884231567,0.7119724154472351,0.5069047212600708,,,,
74,36824,,,,,,,,,0.4800865352153778,0.7364581823348999,0.7694185376167297,0.5945492386817932
75,36849,,,,,0.4977036714553833,0.7463669776916504,0.7647141218185425,0.5847877264022827,,,,
75,36899,,,,,0.46489498019218445,0.7781103849411011,0.7277194261550903,0.5295755863189697,,,,
75,36949,,,,,0.5165401697158813,0.7762259840965271,0.7711436748504639,0.5946625471115112,,,,
75,36999,,,,,0.533070981502533,0.6150776147842407,0.8500276207923889,0.7225469350814819,,,,
75,37049,,,,,0.5129119157791138,0.7535275220870972,0.7493948936462402,0.561592698097229,,,,
75,37099,,,,,0.5228162407875061,0.735247015953064,0.7947167158126831,0.6315746307373047,,,,
75,37149,,,,,0.4959496259689331,0.7268549203872681,0.7731005549430847,0.5976845026016235,,,,
75,37199,,,,,0.4399035573005676,0.8012202382087708,0.6914461255073547,0.47809773683547974,,,,
75,37249,,,,,0.4979121685028076,0.7307249307632446,0.7556565999984741,0.5710169076919556,,,,
75,37299,,,,,0.4835914373397827,0.748492956161499,0.698286235332489,0.48760366439819336,,,,
75,37315,,,,,,,,,0.47871413826942444,0.7355457544326782,0.7691413164138794,0.5947734117507935
76,37349,,,,,0.4771367013454437,0.7416855692863464,0.7768411040306091,0.6034820675849915,,,,
76,37399,,,,,0.4437899589538574,0.8268153667449951,0.6546728610992432,0.428596556186676,,,,
76,37449,,,,,0.5246350169181824,0.7275838851928711,0.8110489249229431,0.6578003168106079,,,,
76,37499,,,,,0.47026416659355164,0.7484152913093567,0.7491992712020874,0.5612995624542236,,,,
76,37549,,,,,0.46689140796661377,0.7622078061103821,0.7024643421173096,0.4934561550617218,,,,
76,37599,,,,,0.49507853388786316,0.7522488236427307,0.7370957732200623,0.5433101654052734,,,,
76,37649,,,,,0.47464919090270996,0.7152386903762817,0.7477503418922424,0.5591306090354919,,,,
76,37699,,,,,0.49359962344169617,0.7260211706161499,0.7828577160835266,0.6128661632537842,,,,
76,37749,,,,,0.48790794610977173,0.7908714413642883,0.7394695281982422,0.5468151569366455,,,,
76,37799,,,,,0.4620281457901001,0.7271779775619507,0.7247323989868164,0.5252370834350586,,,,
76,37806,,,,,,,,,0.4728745222091675,0.7378993034362793,0.7661966681480408,0.5902389287948608
77,37849,,,,,0.4913939833641052,0.720542311668396,0.7934386730194092,0.6295449733734131,,,,
77,37899,,,,,0.49031955003738403,0.7609363794326782,0.7266095280647278,0.5279613733291626,,,,
77,37949,,,,,0.4999249577522278,0.706358790397644,0.753839373588562,0.5682737827301025,,,,
77,37999,,,,,0.515649139881134,0.6687883138656616,0.8037195205688477,0.6459650993347168,,,,
77,38049,,,,,0.4610278606414795,0.7903464436531067,0.7061018347740173,0.49857982993125916,,,,
77,38099,,,,,0.42847415804862976,0.8001114130020142,0.6589891314506531,0.4342666566371918,,,,
77,38149,,,,,0.4980481266975403,0.6949448585510254,0.757418155670166,0.5736822485923767,,,,
77,38199,,,,,0.4386133551597595,0.7699137330055237,0.6720036864280701,0.4515889585018158,,,,
77,38249,,,,,0.4764980673789978,0.7500264048576355,0.7513241767883301,0.5644879937171936,,,,
77,38297,,,,,,,,,0.4759939908981323,0.7312244772911072,0.7752611041069031,0.6048517823219299
78,38299,,,,,0.3812389671802521,0.8341642618179321,0.5839254260063171,0.34096890687942505,,,,
78,38349,,,,,0.4736365079879761,0.7583718299865723,0.7114933133125305,0.5062227249145508,,,,
78,38399,,,,,0.4743068814277649,0.7772210836410522,0.7038960456848145,0.4954696297645569,,,,
78,38449,,,,,0.4915091097354889,0.7033951878547668,0.7684918642044067,0.5905797481536865,,,,
78,38499,,,,,0.43824613094329834,0.818233847618103,0.6527244448661804,0.42604923248291016,,,,
78,38549,,,,,0.548001766204834,0.7382428050041199,0.8409389853477478,0.7071783542633057,,,,
78,38599,,,,,0.4171908497810364,0.7789872288703918,0.6541601419448853,0.4279255270957947,,,,
78,38649,,,,,0.48376768827438354,0.6816849708557129,0.8109373450279236,0.6576194167137146,,,,
78,38699,,,,,0.4788752794265747,0.7325085401535034,0.7172919511795044,0.5145077705383301,,,,
78,38749,,,,,0.4438157379627228,0.8174908757209778,0.6441740989685059,0.41496026515960693,,,,
78,38788,,,,,,,,,0.4665220379829407,0.740817666053772,0.7612512707710266,0.5830439925193787
79,38799,,,,,0.5642873644828796,0.7126729488372803,0.8064958453178406,0.6504355669021606,,,,
79,38849,,,,,0.5384189486503601,0.7401446104049683,0.827168881893158,0.6842083930969238,,,,
79,38899,,,,,0.438008189201355,0.8044258952140808,0.6844623684883118,0.4684887230396271,,,,
79,38949,,,,,0.47536516189575195,0.7297322750091553,0.7397813200950623,0.5472763776779175,,,,
79,38999,,,,,0.46584972739219666,0.7765146493911743,0.7110757231712341,0.5056287050247192,,,,
79,39049,,,,,0.4961770474910736,0.7725067734718323,0.7375161647796631,0.5439300537109375,,,,
79,39099,,,,,0.49404656887054443,0.7656829953193665,0.7631984949111938,0.5824719071388245,,,,
79,39149,,,,,0.474224328994751,0.781277596950531,0.7338436245918274,0.5385264754295349,,,,
79,39199,,,,,0.47966039180755615,0.7645717859268188,0.7482624650001526,0.55989670753479,,,,
79,39249,,,,,0.5099552273750305,0.7515715956687927,0.7399608492851257,0.5475420951843262,,,,
79,39279,,,,,,,,,0.4752112627029419,0.7385345101356506,0.765131413936615,0.588694155216217
80,39299,,,,,0.5329217314720154,0.7847332954406738,0.7943078279495239,0.6309249401092529,,,,
80,39349,,,,,0.5170287489891052,0.7014104723930359,0.7985815405845642,0.6377324461936951,,,,
80,39399,,,,,0.4538988769054413,0.774092435836792,0.7215238809585571,0.5205967426300049,,,,
80,39449,,,,,0.4614175856113434,0.8173928260803223,0.66411954164505,0.44105473160743713,,,,
80,39499,,,,,0.4549402594566345,0.7965958118438721,0.7063716053962708,0.49896085262298584,,,,
80,39549,,,,,0.5679188966751099,0.7061021327972412,0.8663436770439148,0.7505514025688171,,,,
80,39599,,,,,0.453463077545166,0.786007285118103,0.7366560697555542,0.5426622033119202,,,,
80,39649,,,,,0.43325650691986084,0.7723565697669983,0.6566503047943115,0.4311896562576294,,,,
80,39699,,,,,0.45177656412124634,0.7767719626426697,0.6714577674865723,0.4508555233478546,,,,
80,39749,,,,,0.47249636054039,0.7128071784973145,0.740952730178833,0.5490109920501709,,,,
80,39770,,,,,,,,,0.4647574722766876,0.7358620762825012,0.7680573463439941,0.5940987467765808
81,39799,,,,,0.4517365097999573,0.7721454501152039,0.7132964134216309,0.5087918043136597,,,,
81,39849,,,,,0.49324050545692444,0.6306549310684204,0.8243690729141235,0.6795843243598938,,,,
81,39899,,,,,0.45637840032577515,0.787620484828949,0.6932980418205261,0.48066216707229614,,,,
81,39949,,,,,0.44649073481559753,0.8107621669769287,0.6951268315315247,0.4832013249397278,,,,
81,39999,,,,,0.4882652759552002,0.7922148704528809,0.7456750869750977,0.556031346321106,,,,
81,40049,,,,,0.4845915138721466,0.7952518463134766,0.7194880843162537,0.5176631212234497,,,,
81,40099,,,,,0.5070197582244873,0.7453873157501221,0.8123192191123962,0.6598625183105469,,,,
81,40149,,,,,0.44465193152427673,0.7912591099739075,0.7162548303604126,0.5130209922790527,,,,
81,40199,,,,,0.483731746673584,0.7879528403282166,0.7518565058708191,0.5652881860733032,,,,
81,40249,,,,,0.4762709140777588,0.7304087281227112,0.71538907289505,0.5117815136909485,,,,
81,40261,,,,,,,,,0.47476235032081604,0.7397936582565308,0.7640716433525085,0.5870550274848938
82,40299,,,,,0.43132805824279785,0.8031571507453918,0.6460670828819275,0.4174026548862457,,,,
82,40349,,,,,0.44304683804512024,0.7947189807891846,0.7047011256217957,0.49660369753837585,,,,
82,40399,,,,,0.4390850365161896,0.7997516393661499,0.647454559803009,0.4191973805427551,,,,
82,40449,,,,,0.4554021656513214,0.7089627981185913,0.7201101779937744,0.5185586810112,,,,
82,40499,,,,,0.4743027985095978,0.7956294417381287,0.7233573198318481,0.5232458114624023,,,,
82,40549,,,,,0.4248106777667999,0.8213700652122498,0.6554844379425049,0.4296598732471466,,,,
82,40599,,,,,0.4361591637134552,0.782638669013977,0.6667172908782959,0.4445119798183441,,,,
82,40649,,,,,0.4106358587741852,0.8117153644561768,0.6668550372123718,0.4446956515312195,,,,
82,40699,,,,,0.4738946557044983,0.7466358542442322,0.7145755290985107,0.5106182098388672,,,,
82,40749,,,,,0.5187356472015381,0.7174054980278015,0.7936547994613647,0.6298879384994507,,,,
82,40752,,,,,,,,,0.47305265069007874,0.7353578805923462,0.7699674963951111,0.5961269736289978
83,40799,,,,,0.5380601286888123,0.7669262886047363,0.7943512201309204,0.6309939026832581,,,,
83,40849,,,,,0.5130270719528198,0.7060163617134094,0.8020132780075073,0.6432253122329712,,,,
83,40899,,,,,0.5354599952697754,0.690513551235199,0.7973615527153015,0.6357854604721069,,,,
83,40949,,,,,0.40603893995285034,0.8590893745422363,0.6159296631813049,0.3793693780899048,,,,
83,40999,,,,,0.45766395330429077,0.8168538808822632,0.6888063549995422,0.47445419430732727,,,,
83,41049,,,,,0.4244251549243927,0.8173931241035461,0.6525453329086304,0.4258154034614563,,,,
83,41099,,,,,0.5050066709518433,0.7410410642623901,0.7488746047019958,0.5608131885528564,,,,
83,41149,,,,,0.4708675444126129,0.7806718349456787,0.7034202218055725,0.49480003118515015,,,,
83,41199,,,,,0.49482542276382446,0.674723744392395,0.7691952586174011,0.5916613340377808,,,,
83,41243,,,,,,,,,0.4715900719165802,0.7363796234130859,0.7679583430290222,0.5935132503509521
84,41249,,,,,0.47360357642173767,0.7753437757492065,0.6894842982292175,0.47538861632347107,,,,
84,41299,,,,,0.46842682361602783,0.7645679712295532,0.6997562050819397,0.48965877294540405,,,,
84,41349,,,,,0.47100138664245605,0.789098858833313,0.7237651348114014,0.5238359570503235,,,,
84,41399,,,,,0.4786713719367981,0.8086927533149719,0.726870596408844,0.5283408761024475,,,,
84,41449,,,,,0.47312864661216736,0.7654934525489807,0.6900472044944763,0.47616511583328247,,,,
84,41499,,,,,0.4504067301750183,0.7995158433914185,0.6875160932540894,0.47267836332321167,,,,
84,41549,,,,,0.46869659423828125,0.7867773771286011,0.7019299268722534,0.4927055835723877,,,,
84,41599,,,,,0.4780452251434326,0.7256086468696594,0.7606528401374817,0.5785927772521973,,,,
84,41649,,,,,0.5006089806556702,0.7220375537872314,0.792117714881897,0.6274504661560059,,,,
84,41699,,,,,0.49515053629875183,0.749309778213501,0.778979480266571,0.6068090200424194,,,,
84,41734,,,,,,,,,0.4702514111995697,0.7362819314002991,0.7677503228187561,0.5931322574615479
85,41749,,,,,0.5385342836380005,0.7607603669166565,0.8143409490585327,0.6631511449813843,,,,
85,41799,,,,,0.46161162853240967,0.7130043506622314,0.7286636829376221,0.5309507846832275,,,,
85,41849,,,,,0.42120909690856934,0.7904239296913147,0.7075587511062622,0.5006393790245056,,,,
85,41899,,,,,0.44752731919288635,0.7719106674194336,0.6806420087814331,0.4632735252380371,,,,
85,41949,,,,,0.5004001259803772,0.6152330636978149,0.896404504776001,0.8035410046577454,,,,
85,41999,,,,,0.4204811155796051,0.7887302041053772,0.6600152850151062,0.43562018871307373,,,,
85,42049,,,,,0.43927985429763794,0.8027541637420654,0.6571491360664368,0.4318449795246124,,,,
85,42099,,,,,0.46737492084503174,0.7057943940162659,0.7674093246459961,0.588917076587677,,,,
85,42149,,,,,0.386965274810791,0.831691324710846,0.591136634349823,0.3494425117969513,,,,
85,42199,,,,,0.5003570914268494,0.7393088340759277,0.7711959481239319,0.5947431921958923,,,,
85,42225,,,,,,,,,0.46963369846343994,0.7347724437713623,0.770343542098999,0.5972501039505005
86,42249,,,,,0.5377146005630493,0.7636705636978149,0.8081938624382019,0.6531773209571838,,,,
86,42299,,,,,0.47199130058288574,0.7786133885383606,0.7508738040924072,0.5638114809989929,,,,
86,42349,,,,,0.4997873306274414,0.800671398639679,0.706144392490387,0.49863994121551514,,,,
86,42399,,,,,0.5160917043685913,0.7958985567092896,0.7547817826271057,0.5696955323219299,,,,
86,42449,,,,,0.4360737204551697,0.7715675830841064,0.6819141507148743,0.465006947517395,,,,
86,42499,,,,,0.4594569504261017,0.7948746681213379,0.701083242893219,0.49151769280433655,,,,
86,42549,,,,,0.4923817217350006,0.7140599489212036,0.7619204521179199,0.5805227756500244,,,,
86,42599,,,,,0.49694880843162537,0.7194882035255432,0.7993611097335815,0.6389781832695007,,,,
86,42649,,,,,0.5440514087677002,0.6639394760131836,0.8831965327262878,0.7800360918045044,,,,
86,42699,,,,,0.5243138074874878,0.6000486612319946,0.7955241799354553,0.6328587532043457,,,,
86,42716,,,,,,,,,0.4655516445636749,0.7417019605636597,0.7600038051605225,0.5808656215667725
87,42749,,,,,0.42116495966911316,0.812349796295166,0.6167206764221191,0.38034436106681824,,,,
87,42799,,,,,0.47524207830429077,0.7619324922561646,0.7412948608398438,0.5495181083679199,,,,
87,42849,,,,,0.45872244238853455,0.772149920463562,0.6652942299842834,0.44261640310287476,,,,
87,42899,,,,,0.4718836545944214,0.7857811450958252,0.7049761414527893,0.4969913363456726,,,,
87,42949,,,,,0.49378329515457153,0.791128933429718,0.7206167578697205,0.5192885398864746,,,,
87,42999,,,,,0.4253682494163513,0.7964905500411987,0.655095100402832,0.4291496276855469,,,,
87,43049,,,,,0.4914312958717346,0.7308330535888672,0.7648980617523193,0.5850690603256226,,,,
87,43099,,,,,0.4209340214729309,0.8211548328399658,0.6329782009124756,0.4006614089012146,,,,
87,43149,,,,,0.48154309391975403,0.7990238666534424,0.6921185851097107,0.4790281057357788,,,,
87,43199,,,,,0.4831457734107971,0.7016790509223938,0.8171877264976501,0.6677957773208618,,,,
87,43207,,,,,,,,,0.46315136551856995,0.7446259260177612,0.7559038400650024,0.5748909711837769
88,43249,,,,,0.47615960240364075,0.8006662130355835,0.715308666229248,0.511666476726532,,,,
88,43299,,,,,0.5363067984580994,0.7542484402656555,0.7805335521697998,0.6092326641082764,,,,
88,43349,,,,,0.46313753724098206,0.7368074655532837,0.7707741260528564,0.5940927267074585,,,,
88,43399,,,,,0.4304875433444977,0.8193939328193665,0.6410234570503235,0.41091105341911316,,,,
88,43449,,,,,0.503883957862854,0.7744009494781494,0.7429150938987732,0.5519228577613831,,,,
88,43499,,,,,0.5051060914993286,0.7479259967803955,0.7347261309623718,0.5398224592208862,,,,
88,43549,,,,,0.4886857569217682,0.8472464680671692,0.7110502123832703,0.505592405796051,,,,
88,43599,,,,,0.5471980571746826,0.7236043214797974,0.8265083432197571,0.68311607837677,,,,
88,43649,,,,,0.5083886384963989,0.7589049339294434,0.7425724267959595,0.5514138340950012,,,,
88,43698,,,,,,,,,0.46317294239997864,0.7434607744216919,0.7570301294326782,0.5769262313842773
89,43699,,,,,0.48624634742736816,0.7103554606437683,0.7501898407936096,0.5627847909927368,,,,
89,43749,,,,,0.46501001715660095,0.7140873670578003,0.7579445242881775,0.5744799375534058,,,,
89,43799,,,,,0.5373194813728333,0.7411331534385681,0.8124318718910217,0.6600455641746521,,,,
89,43849,,,,,0.44912010431289673,0.7757232189178467,0.6786490678787231,0.46056458353996277,,,,
89,43899,,,,,0.48403847217559814,0.7628517746925354,0.7437313199043274,0.5531362891197205,,,,
89,43949,,,,,0.49819687008857727,0.8208695650100708,0.7424052953720093,0.5511655807495117,,,,
89,43999,,,,,0.41057080030441284,0.776618480682373,0.6458524465560913,0.4171253442764282,,,,
89,44049,,,,,0.4712810218334198,0.6812874674797058,0.787572979927063,0.6202712059020996,,,,
89,44099,,,,,0.5774298310279846,0.7414774894714355,0.8516635894775391,0.7253308296203613,,,,
89,44149,,,,,0.4612538814544678,0.7566733360290527,0.6920340657234192,0.4789111614227295,,,,
89,44189,,,,,,,,,0.4670487344264984,0.7441099882125854,0.7569106221199036,0.5760257244110107
90,44199,,,,,0.42321932315826416,0.8004499077796936,0.6614317297935486,0.4374919533729553,,,,
90,44249,,,,,0.42328405380249023,0.780194878578186,0.6389298439025879,0.40823131799697876,,,,
90,44299,,,,,0.4153507351875305,0.8334012031555176,0.6177982687950134,0.38167470693588257,,,,
90,44349,,,,,0.43171966075897217,0.7461024522781372,0.6751673817634583,0.4558509886264801,,,,
90,44399,,,,,0.44605764746665955,0.7263191938400269,0.7256413102149963,0.5265552997589111,,,,
90,44449,,,,,0.5195006132125854,0.8153929710388184,0.7838228344917297,0.6143782138824463,,,,
90,44499,,,,,0.4985728859901428,0.7856135964393616,0.7367312908172607,0.5427730083465576,,,,
90,44549,,,,,0.4883419871330261,0.8025624752044678,0.7213274240493774,0.5203132629394531,,,,
90,44599,,,,,0.4841301441192627,0.6883656978607178,0.8162644505500793,0.6662876605987549,,,,
90,44649,,,,,0.4309115707874298,0.7668188214302063,0.6553472280502319,0.42948001623153687,,,,
90,44680,,,,,,,,,0.46178051829338074,0.7405027151107788,0.7607782483100891,0.5827615261077881
91,44699,,,,,0.4428275525569916,0.8207643032073975,0.6619607210159302,0.4381920099258423,,,,
91,44749,,,,,0.4522320628166199,0.7452767491340637,0.7059539556503296,0.4983709454536438,,,,
91,44799,,,,,0.4628700017929077,0.7378188371658325,0.7196323275566101,0.5178706645965576,,,,
91,44849,,,,,0.5407505035400391,0.7106123566627502,0.8206494450569153,0.6734654903411865,,,,
91,44899,,,,,0.4278062582015991,0.7976524233818054,0.6507766246795654,0.42351022362709045,,,,
91,44949,,,,,0.529515266418457,0.7725957036018372,0.805923342704773,0.6495124697685242,,,,
91,44999,,,,,0.4431092143058777,0.7957183122634888,0.6897326111793518,0.47573110461235046,,,,
91,45049,,,,,0.572615385055542,0.7290709018707275,0.8345499038696289,0.6964735388755798,,,,
91,45099,,,,,0.5080718994140625,0.7383116483688354,0.7581994533538818,0.5748664140701294,,,,
91,45149,,,,,0.44510579109191895,0.7241474390029907,0.720630407333374,0.5193082094192505,,,,
91,45171,,,,,,,,,0.46116459369659424,0.743589460849762,0.7569177150726318,0.5768054723739624
92,45199,,,,,0.497136652469635,0.7318108081817627,0.7986002564430237,0.6377623677253723,,,,
92,45249,,,,,0.4919550120830536,0.6843664646148682,0.7522633671760559,0.5659001469612122,,,,
92,45299,,,,,0.43648579716682434,0.8302655816078186,0.6578862071037292,0.43281427025794983,,,,
92,45349,,,,,0.5106116533279419,0.6822616457939148,0.8457729816436768,0.7153319120407104,,,,
92,45399,,,,,0.4850902259349823,0.7178997993469238,0.7410640120506287,0.5491758584976196,,,,
92,45449,,,,,0.45577186346054077,0.773041844367981,0.7249161601066589,0.525503396987915,,,,
92,45499,,,,,0.44899317622184753,0.8097745180130005,0.6639903783798218,0.44088318943977356,,,,
92,45549,,,,,0.4688161611557007,0.7613732814788818,0.7378087043762207,0.5443617105484009,,,,
92,45599,,,,,0.5472301244735718,0.7321215867996216,0.7718935608863831,0.5958196520805359,,,,
92,45649,,,,,0.5473147034645081,0.7452973127365112,0.8121911883354187,0.6596544981002808,,,,
92,45662,,,,,,,,,0.46325623989105225,0.7467826008796692,0.7527573108673096,0.5697430372238159
93,45699,,,,,0.4297100603580475,0.7801657915115356,0.6702854633331299,0.44928258657455444,,,,
93,45749,,,,,0.49270734190940857,0.7626201510429382,0.7641626596450806,0.58394455909729,,,,
93,45799,,,,,0.42582446336746216,0.7958042621612549,0.690509557723999,0.47680342197418213,,,,
93,45849,,,,,0.4952658414840698,0.7800037860870361,0.7352919578552246,0.5406543016433716,,,,
93,45899,,,,,0.46438831090927124,0.7638697624206543,0.7090070843696594,0.5026910305023193,,,,
93,45949,,,,,0.40877676010131836,0.8052970767021179,0.633823573589325,0.40173229575157166,,,,
93,45999,,,,,0.5113447904586792,0.7084712982177734,0.8037105798721313,0.6459506750106812,,,,
93,46049,,,,,0.49589529633522034,0.7682070732116699,0.7963495254516602,0.6341725587844849,,,,
93,46099,,,,,0.46297115087509155,0.7773996591567993,0.6978725790977478,0.4870260953903198,,,,
93,46149,,,,,0.5240250825881958,0.7138846516609192,0.8044965267181396,0.6472146511077881,,,,
93,46153,,,,,,,,,0.4594208002090454,0.7462794184684753,0.7525174021720886,0.5697894096374512
94,46199,,,,,0.5310987234115601,0.7580719590187073,0.8088536858558655,0.6542443037033081,,,,
94,46249,,,,,0.465068519115448,0.7632880210876465,0.6989718675613403,0.4885616600513458,,,,
94,46299,,,,,0.45074713230133057,0.758182942867279,0.695600688457489,0.4838603436946869,,,,
94,46349,,,,,0.5275015830993652,0.7253794074058533,0.851070761680603,0.7243214845657349,,,,
94,46399,,,,,0.4739832878112793,0.7074434757232666,0.7128943204879761,0.5082182884216309,,,,
94,46449,,,,,0.5219961404800415,0.7620161771774292,0.7901360392570496,0.6243149638175964,,,,
94,46499,,,,,0.47037196159362793,0.7826308608055115,0.7449295520782471,0.5549200177192688,,,,
94,46549,,,,,0.4561752676963806,0.7471448183059692,0.7341034412384033,0.5389078855514526,,,,
94,46599,,,,,0.4444112181663513,0.7341164350509644,0.6556004285812378,0.429811954498291,,,,
94,46644,,,,,,,,,0.4649481773376465,0.7469098567962646,0.7525365352630615,0.5696064829826355
95,46649,,,,,0.46268004179000854,0.7662006616592407,0.6658080816268921,0.44330036640167236,,,,
95,46699,,,,,0.5167723894119263,0.7498306035995483,0.8197394609451294,0.6719727516174316,,,,
95,46749,,,,,0.46305662393569946,0.7603621482849121,0.728580892086029,0.5308301448822021,,,,
95,46799,,,,,0.41216182708740234,0.8229960203170776,0.6272934675216675,0.393497109413147,,,,
95,46849,,,,,0.4986134171485901,0.7707905769348145,0.7600230574607849,0.5776350498199463,,,,
95,46899,,,,,0.48531490564346313,0.7481018900871277,0.7841911315917969,0.614955723285675,,,,
95,46949,,,,,0.4866601228713989,0.7390966415405273,0.7776111364364624,0.6046791076660156,,,,
95,46999,,,,,0.48449546098709106,0.7674390077590942,0.7467554211616516,0.5576436519622803,,,,
95,47049,,,,,0.4778043031692505,0.7597442269325256,0.7376843690872192,0.5441782474517822,,,,
95,47099,,,,,0.4430082142353058,0.7773090600967407,0.6790509819984436,0.4611102342605591,,,,
95,47135,,,,,,,,,0.46188870072364807,0.7416970133781433,0.7590810060501099,0.5804101228713989
96,47149,,,,,0.5104652643203735,0.7709723711013794,0.7586736083030701,0.575585663318634,,,,
96,47199,,,,,0.4774484634399414,0.7830350399017334,0.7306635975837708,0.5338692665100098,,,,
96,47249,,,,,0.4353877305984497,0.7642821073532104,0.6919820308685303,0.4788391590118408,,,,
96,47299,,,,,0.4908332824707031,0.8112532496452332,0.7170979380607605,0.514229416847229,,,,
96,47349,,,,,0.4925473928451538,0.7492856979370117,0.7480873465538025,0.5596346855163574,,,,
96,47399,,,,,0.4196404814720154,0.7985101938247681,0.6719924211502075,0.45157378911972046,,,,
96,47449,,,,,0.48793190717697144,0.7575364112854004,0.7192038297653198,0.517254114151001,,,,
96,47499,,,,,0.4284915328025818,0.7813059091567993,0.6465761065483093,0.41806069016456604,,,,
96,47549,,,,,0.43758997321128845,0.808097243309021,0.6772282719612122,0.45863813161849976,,,,
96,47599,,,,,0.4930790364742279,0.7033332586288452,0.7789481282234192,0.6067602038383484,,,,
96,47626,,,,,,,,,0.4575856924057007,0.7496618628501892,0.748579740524292,0.5636535286903381
97,47649,,,,,0.5172437429428101,0.7491786479949951,0.752069354057312,0.5656083226203918,,,,
97,47699,,,,,0.4796087443828583,0.732865571975708,0.7894337773323059,0.6232057213783264,,,,
97,47749,,,,,0.43182796239852905,0.801019549369812,0.6495905518531799,0.42196789383888245,,,,
97,47799,,,,,0.4722104072570801,0.7537370920181274,0.707705557346344,0.5008471608161926,,,,
97,47849,,,,,0.43514615297317505,0.7598109841346741,0.7007408738136292,0.4910377860069275,,,,
97,47899,,,,,0.4675053358078003,0.7834409475326538,0.7108273506164551,0.5052754878997803,,,,
97,47949,,,,,0.4252032935619354,0.7977008819580078,0.6421130299568176,0.41230911016464233,,,,
97,47999,,,,,0.48130545020103455,0.7646178603172302,0.7589793801307678,0.5760496854782104,,,,
97,48049,,,,,0.44589805603027344,0.7837932109832764,0.6860108971595764,0.47061094641685486,,,,
97,48099,,,,,0.42983829975128174,0.7232292890548706,0.7245236039161682,0.5249344110488892,,,,
97,48117,,,,,,,,,0.4578896164894104,0.7517949938774109,0.7458989024162292,0.5592768788337708
98,48149,,,,,0.4683487117290497,0.7745858430862427,0.7115206718444824,0.5062617063522339,,,,
98,48199,,,,,0.5264171361923218,0.7173078060150146,0.8490536212921143,0.7208920121192932,,,,
98,48249,,,,,0.4384184181690216,0.8034770488739014,0.667086660861969,0.44500458240509033,,,,
98,48299,,,,,0.4570339322090149,0.8024858236312866,0.7078993916511536,0.5011215209960938,,,,
98,48349,,,,,0.4293116629123688,0.8093276023864746,0.6659061312675476,0.44343096017837524,,,,
98,48399,,,,,0.45708996057510376,0.7935160994529724,0.6909440755844116,0.4774037003517151,,,,
98,48449,,,,,0.5057371854782104,0.7705803513526917,0.7893579602241516,0.6230859756469727,,,,
98,48499,,,,,0.4576234221458435,0.7758386731147766,0.7189933061599731,0.5169513821601868,,,,
98,48549,,,,,0.47916436195373535,0.760126531124115,0.7254704833030701,0.5263074040412903,,,,
98,48599,,,,,0.41049689054489136,0.8495666980743408,0.6009765863418579,0.3611728549003601,,,,
98,48608,,,,,,,,,0.46203893423080444,0.738635241985321,0.7635515332221985,0.5866209268569946
99,48649,,,,,0.49525487422943115,0.6294630169868469,0.8385508060455322,0.7031674385070801,,,,
99,48699,,,,,0.44163477420806885,0.802452564239502,0.6709673404693604,0.45019716024398804,,,,
99,48749,,,,,0.4856623411178589,0.7848192453384399,0.7499751448631287,0.5624626874923706,,,,
99,48799,,,,,0.4229719042778015,0.8043004870414734,0.6583659052848816,0.43344563245773315,,,,
99,48849,,,,,0.48094838857650757,0.8059336543083191,0.6907228827476501,0.4770980775356293,,,,
99,48899,,,,,0.48339399695396423,0.7265728116035461,0.7749661207199097,0.6005725264549255,,,,
99,48949,,,,,0.43010127544403076,0.7831829786300659,0.6976196765899658,0.48667317628860474,,,,
99,48999,,,,,0.4693502187728882,0.8022580146789551,0.6824744343757629,0.46577131748199463,,,,
99,49049,,,,,0.49733439087867737,0.7972968220710754,0.7455706000328064,0.5558755397796631,,,,
99,49099,,,,,0.9484350681304932,0.4098016619682312,1.2181916236877441,1.4839909076690674,,,,
99,49099,,,,,,,,,0.45486027002334595,0.7494139075279236,0.7487549185752869,0.5638575553894043
100,49149,,,,,0.38978201150894165,0.8526885509490967,0.5818204283714294,0.3385150134563446,,,,
100,49199,,,,,0.49446025490760803,0.6459974646568298,0.8105038404464722,0.6569164991378784,,,,
100,49249,,,,,0.46138790249824524,0.7535462379455566,0.7386385202407837,0.545586884021759,,,,
100,49299,,,,,0.46643486618995667,0.7777213454246521,0.6886976361274719,0.4743044376373291,,,,
100,49349,,,,,0.4634447693824768,0.7441869974136353,0.7411572337150574,0.549314022064209,,,,
100,49399,,,,,0.45960986614227295,0.7559987902641296,0.7324659824371338,0.5365064144134521,,,,
100,49449,,,,,0.4617370367050171,0.7806831002235413,0.6787453293800354,0.4606952369213104,,,,
100,49499,,,,,0.5078102946281433,0.7596935033798218,0.7836022973060608,0.6140325665473938,,,,
100,49549,,,,,0.44837015867233276,0.778121292591095,0.6744983196258545,0.4549480080604553,,,,
100,49590,,,,,,,,,0.4553564488887787,0.7480575442314148,0.7502641677856445,0.5664586424827576
101,49599,,,,,0.35883063077926636,0.8769901394844055,0.5208745002746582,0.2713102698326111,,,,
101,49649,,,,,0.44107726216316223,0.7001116871833801,0.7340906858444214,0.5388891696929932,,,,
101,49699,,,,,0.41625189781188965,0.7891048789024353,0.6830474734306335,0.46655386686325073,,,,
101,49749,,,,,0.476955771446228,0.7490192651748657,0.7527809143066406,0.5666791200637817,,,,
101,49799,,,,,0.5510941743850708,0.7618134021759033,0.814330518245697,0.6631342172622681,,,,
101,49849,,,,,0.48688018321990967,0.7507306337356567,0.7534273862838745,0.5676528215408325,,,,
101,49899,,,,,0.49892765283584595,0.7921037673950195,0.7302592396736145,0.5332785844802856,,,,
101,49949,,,,,0.4498303532600403,0.7563830614089966,0.6708172559738159,0.449995756149292,,,,
101,49999,,,,,0.45224493741989136,0.7966201305389404,0.6986009478569031,0.48804324865341187,,,,
101,50049,,,,,0.444976806640625,0.7524787783622742,0.7671973705291748,0.5885918140411377,,,,
101,50081,,,,,,,,,0.4638311564922333,0.7489079833030701,0.7495554089546204,0.5649244785308838
102,50099,,,,,0.44230252504348755,0.8076599836349487,0.6676735877990723,0.44578802585601807,,,,
102,50149,,,,,0.5088685154914856,0.6279282569885254,0.7507650256156921,0.5636481642723083,,,,
102,50199,,,,,0.47895386815071106,0.7927913665771484,0.7392513155937195,0.5464925169944763,,,,
102,50249,,,,,0.5198462009429932,0.7317057251930237,0.8194476962089539,0.6714944839477539,,,,
102,50299,,,,,0.4649192690849304,0.7591806650161743,0.7644781470298767,0.5844268202781677,,,,
102,50349,,,,,0.49703118205070496,0.7684714794158936,0.7341446280479431,0.5389683246612549,,,,
102,50399,,,,,0.43954068422317505,0.8121415376663208,0.6574007868766785,0.43217575550079346,,,,
102,50449,,,,,0.43031230568885803,0.8247129917144775,0.6271446943283081,0.3933104872703552,,,,
102,50499,,,,,0.4030240774154663,0.8217037320137024,0.6287142634391785,0.3952816128730774,,,,
102,50549,,,,,0.5015493631362915,0.7085517048835754,0.75868821144104,0.5756077766418457,,,,
102,50572,,,,,,,,,0.46199819445610046,0.743989109992981,0.7560051679611206,0.57575923204422
103,50599,,,,,0.4429624676704407,0.8336586952209473,0.6510608792304993,0.4238802492618561,,,,
103,50649,,,,,0.43032240867614746,0.7519553303718567,0.6804635524749756,0.4630306363105774,,,,
103,50699,,,,,0.4408203661441803,0.8555150628089905,0.6349380016326904,0.40314626693725586,,,,
103,50749,,,,,0.4081043004989624,0.752400279045105,0.6579850316047668,0.43294426798820496,,,,
103,50799,,,,,0.4395332932472229,0.7797852754592896,0.6981797218322754,0.487454891204834,,,,
103,50849,,,,,0.4557533264160156,0.7673662900924683,0.6784986257553101,0.4603603482246399,,,,
103,50899,,,,,0.5028394460678101,0.76455157995224,0.7697992324829102,0.592590868473053,,,,
103,50949,,,,,0.48791369795799255,0.7933856248855591,0.7241244912147522,0.5243562459945679,,,,
103,50999,,,,,0.4259953498840332,0.80373215675354,0.676480233669281,0.45762547850608826,,,,
103,51049,,,,,0.4998171329498291,0.6569795608520508,0.8126636743545532,0.6604222655296326,,,,
103,51063,,,,,,,,,0.4549896717071533,0.7478334307670593,0.7507297992706299,0.567185640335083
104,51099,,,,,0.5177326202392578,0.6618525981903076,0.8478280901908875,0.7188124656677246,,,,
104,51149,,,,,0.4994592070579529,0.8015126585960388,0.7394599318504333,0.546800971031189,,,,
104,51199,,,,,0.5507685542106628,0.7975715398788452,0.7762508392333984,0.6025654077529907,,,,
104,51249,,,,,0.49654480814933777,0.7699010372161865,0.7620238065719604,0.580680251121521,,,,
104,51299,,,,,0.4531305432319641,0.8096935153007507,0.6893393397331238,0.4751887619495392,,,,
104,51349,,,,,0.4162788689136505,0.8375515937805176,0.5945516228675842,0.3534916341304779,,,,
104,51399,,,,,0.44313210248947144,0.702330470085144,0.7481826543807983,0.5597772598266602,,,,
104,51449,,,,,0.5042498111724854,0.7345020771026611,0.7537645697593689,0.5681610703468323,,,,
104,51499,,,,,0.46615633368492126,0.8218899965286255,0.6820888519287109,0.46524518728256226,,,,
104,51549,,,,,0.41492146253585815,0.8112175464630127,0.6619574427604675,0.4381876289844513,,,,
104,51554,,,,,,,,,0.45713862776756287,0.747896134853363,0.7506117820739746,0.5669842958450317
105,51599,,,,,0.45359668135643005,0.7900973558425903,0.7080454230308533,0.5013282895088196,,,,
105,51649,,,,,0.43942344188690186,0.7682295441627502,0.6801578402519226,0.46261468529701233,,,,
105,51699,,,,,0.49327629804611206,0.7205020189285278,0.7829633355140686,0.6130316257476807,,,,
105,51749,,,,,0.44598180055618286,0.8209785223007202,0.6441833972930908,0.4149722456932068,,,,
105,51799,,,,,0.45457226037979126,0.7679867744445801,0.6958154439926147,0.4841591417789459,,,,
105,51849,,,,,0.4339117407798767,0.8059788942337036,0.6463942527770996,0.41782552003860474,,,,
105,51899,,,,,0.44427555799484253,0.7710817456245422,0.6709452271461487,0.4501675069332123,,,,
105,51949,,,,,0.49503421783447266,0.7458702325820923,0.7580585479736328,0.5746527910232544,,,,
105,51999,,,,,0.46953684091567993,0.8047053217887878,0.6988110542297363,0.48833686113357544,,,,
105,52045,,,,,,,,,0.4559563100337982,0.7464476227760315,0.752581000328064,0.5699002146720886
106,52049,,,,,0.4816710650920868,0.7465417981147766,0.7124312520027161,0.507558286190033,,,,
106,52099,,,,,0.46193230152130127,0.7491254806518555,0.7611356377601624,0.5793274641036987,,,,
106,52149,,,,,0.4910728335380554,0.6947025060653687,0.7527992129325867,0.566706657409668,,,,
106,52199,,,,,0.46964532136917114,0.7247871160507202,0.7599960565567017,0.5775940418243408,,,,
106,52249,,,,,0.42937180399894714,0.8193280696868896,0.6415601968765259,0.4115994870662689,,,,
106,52299,,,,,0.3952336311340332,0.8413426280021667,0.5997414588928223,0.3596898019313812,,,,
106,52349,,,,,0.44656863808631897,0.7967846393585205,0.6534298062324524,0.4269704818725586,,,,
106,52399,,,,,0.4602314233779907,0.7664817571640015,0.6746525168418884,0.4551560580730438,,,,
106,52449,,,,,0.5444487929344177,0.706254243850708,0.8460075259208679,0.715728759765625,,,,
106,52499,,,,,0.4617709517478943,0.6448991298675537,0.810093343257904,0.6562511920928955,,,,
106,52536,,,,,,,,,0.4576888084411621,0.7508199214935303,0.7466569542884827,0.560760498046875
107,52549,,,,,0.42446786165237427,0.822899580001831,0.6203374862670898,0.3848186135292053,,,,
107,52599,,,,,0.488786518573761,0.7181681394577026,0.7650213241577148,0.5852576494216919,,,,
107,52649,,,,,0.4558052718639374,0.767094075679779,0.7256113290786743,0.5265117883682251,,,,
107,52699,,,,,0.47248631715774536,0.8158273100852966,0.7099139094352722,0.5039777755737305,,,,
107,52749,,,,,0.43737804889678955,0.8334718942642212,0.6410239338874817,0.4109116494655609,,,,
107,52799,,,,,0.41444218158721924,0.8057625889778137,0.6460524797439575,0.4173838198184967,,,,
107,52849,,,,,0.4385465979576111,0.759098470211029,0.691283106803894,0.477872371673584,,,,
107,52899,,,,,0.4361964762210846,0.7947865724563599,0.7062469124794006,0.4987846612930298,,,,
107,52949,,,,,0.4032312035560608,0.8387845754623413,0.6184855699539185,0.38252437114715576,,,,
107,52999,,,,,0.40949395298957825,0.8201128244400024,0.6773085594177246,0.45874691009521484,,,,
107,53027,,,,,,,,,0.4583195149898529,0.7512386441230774,0.7460594773292542,0.5597073435783386
108,53049,,,,,0.4834199547767639,0.7962160110473633,0.7129817008972168,0.5083429217338562,,,,
108,53099,,,,,0.45491403341293335,0.6921848058700562,0.6994063854217529,0.48916929960250854,,,,
108,53149,,,,,0.4557398557662964,0.8567455410957336,0.6920199394226074,0.47889161109924316,,,,
108,53199,,,,,0.45590612292289734,0.7521030902862549,0.7226571440696716,0.5222333073616028,,,,
108,53249,,,,,0.47591960430145264,0.7767709493637085,0.7101336121559143,0.5042897462844849,,,,
108,53299,,,,,0.4702972173690796,0.7300295829772949,0.7432766556739807,0.5524601936340332,,,,
108,53349,,,,,0.46029213070869446,0.7992775440216064,0.6649871468544006,0.4422079026699066,,,,
108,53399,,,,,0.435849130153656,0.8521687984466553,0.6116992831230164,0.3741759955883026,,,,
108,53449,,,,,0.4241565465927124,0.820103108882904,0.6181861162185669,0.38215410709381104,,,,
108,53499,,,,,0.5198858976364136,0.7838699817657471,0.7800939679145813,0.6085466146469116,,,,
108,53518,,,,,,,,,0.4557315409183502,0.7485395073890686,0.7497875094413757,0.5656933188438416
109,53549,,,,,0.4483778476715088,0.8097161054611206,0.6924120783805847,0.47943446040153503,,,,
109,53599,,,,,0.48265591263771057,0.7539110779762268,0.7794108390808105,0.6074812412261963,,,,
109,53649,,,,,0.4293140769004822,0.8177202343940735,0.6420315504074097,0.41220447421073914,,,,
109,53699,,,,,0.506212592124939,0.7760493755340576,0.7829795479774475,0.613057017326355,,,,
109,53749,,,,,0.4033140540122986,0.7958767414093018,0.6556397080421448,0.42986342310905457,,,,
109,53799,,,,,0.5072097778320312,0.723425030708313,0.8118627667427063,0.6591211557388306,,,,
109,53849,,,,,0.4494331479072571,0.7940641045570374,0.6950184106826782,0.48305055499076843,,,,
109,53899,,,,,0.4359855055809021,0.7588178515434265,0.6733714938163757,0.4534291625022888,,,,
109,53949,,,,,0.49872055649757385,0.6929461359977722,0.835360586643219,0.6978273391723633,,,,
109,53999,,,,,0.461538702249527,0.719754695892334,0.6822242140769958,0.4654299020767212,,,,
109,54009,,,,,,,,,0.45368579030036926,0.7518848180770874,0.7449037432670593,0.5582922101020813
110,54049,,,,,0.4267513155937195,0.8196091651916504,0.6547476053237915,0.4286944270133972,,,,
110,54099,,,,,0.5010595917701721,0.7921702861785889,0.730492115020752,0.5336187481880188,,,,
110,54149,,,,,0.4565815329551697,0.7323638200759888,0.6885116100311279,0.4740482270717621,,,,
110,54199,,,,,0.445317804813385,0.7945730686187744,0.6730085015296936,0.4529404044151306,,,,
110,54249,,,,,0.5026384592056274,0.7394428253173828,0.7657399773597717,0.5863577127456665,,,,
110,54299,,,,,0.45009857416152954,0.7838196158409119,0.7033268809318542,0.4946686625480652,,,,
110,54349,,,,,0.437386691570282,0.8176504969596863,0.6358939409255981,0.4043610990047455,,,,
110,54399,,,,,0.42480286955833435,0.8170742392539978,0.6574053764343262,0.43218183517456055,,,,
110,54449,,,,,0.407462477684021,0.792542576789856,0.6527690291404724,0.4261074364185333,,,,
110,54499,,,,,0.47737303376197815,0.8199282884597778,0.7201296091079712,0.5185866355895996,,,,
110,54500,,,,,,,,,0.4550112187862396,0.7522606253623962,0.7436497211456299,0.5564516186714172
111,54549,,,,,0.469384104013443,0.7234843969345093,0.7429425120353699,0.5519635677337646,,,,
111,54599,,,,,0.3982129693031311,0.8008870482444763,0.5987657308578491,0.35852038860321045,,,,
111,54649,,,,,0.41558706760406494,0.7734848856925964,0.6729733943939209,0.4528931975364685,,,,
111,54699,,,,,0.4342648386955261,0.7979416251182556,0.679832935333252,0.46217280626296997,,,,
111,54749,,,,,0.41908568143844604,0.823199987411499,0.6554928421974182,0.42967087030410767,,,,
111,54799,,,,,0.4826643466949463,0.7825790643692017,0.730315089225769,0.5333601236343384,,,,
111,54849,,,,,0.43163561820983887,0.7981475591659546,0.6662073731422424,0.44383227825164795,,,,
111,54899,,,,,0.4761731028556824,0.8018078804016113,0.7464238405227661,0.5571485757827759,,,,
111,54949,,,,,0.4775004982948303,0.7668439745903015,0.6992895007133484,0.48900577425956726,,,,
111,54991,,,,,,,,,0.45374229550361633,0.7513914704322815,0.7450873851776123,0.5584957599639893
112,54999,,,,,0.4711010158061981,0.7165575623512268,0.7155851125717163,0.5120620131492615,,,,
112,55049,,,,,0.4127621352672577,0.8188006281852722,0.6207903027534485,0.3853805661201477,,,,
112,55099,,,,,0.4557326138019562,0.767957329750061,0.6587654948234558,0.43397200107574463,,,,
112,55149,,,,,0.4876347482204437,0.7612098455429077,0.724030613899231,0.52422034740448,,,,
112,55199,,,,,0.4352155923843384,0.8104989528656006,0.6738864183425903,0.4541229009628296,,,,
112,55249,,,,,0.45059800148010254,0.798979640007019,0.6613561511039734,0.4373919367790222,,,,
112,55299,,,,,0.4142341911792755,0.797345757484436,0.668526828289032,0.44692814350128174,,,,
112,55349,,,,,0.4550638794898987,0.7855464816093445,0.6712931394577026,0.45063450932502747,,,,
112,55399,,,,,0.45303115248680115,0.806326150894165,0.6718965172767639,0.45144492387771606,,,,
112,55449,,,,,0.5055193901062012,0.7164490222930908,0.8539608716964722,0.729249119758606,,,,
112,55482,,,,,,,,,0.4575917720794678,0.7507325410842896,0.7468050122261047,0.5609655976295471
113,55499,,,,,0.44815295934677124,0.7989542484283447,0.6974680423736572,0.4864616394042969,,,,
113,55549,,,,,0.47931474447250366,0.7816684246063232,0.7466845512390137,0.557537853717804,,,,
113,55599,,,,,0.4222974181175232,0.7942985892295837,0.6754924654960632,0.456290066242218,,,,
113,55649,,,,,0.43629246950149536,0.8228044509887695,0.6853272318840027,0.46967339515686035,,,,
113,55699,,,,,0.4478747248649597,0.7544873952865601,0.6731295585632324,0.4531033933162689,,,,
113,55749,,,,,0.45429331064224243,0.8121891021728516,0.6766045689582825,0.4577937722206116,,,,
113,55799,,,,,0.420526921749115,0.7961618900299072,0.6665322780609131,0.44426530599594116,,,,
113,55849,,,,,0.4210164546966553,0.8441353440284729,0.6361234188079834,0.40465301275253296,,,,
113,55899,,,,,0.526827335357666,0.6988126039505005,0.7947148084640503,0.6315715909004211,,,,
113,55949,,,,,0.46990978717803955,0.7111005783081055,0.7568630576133728,0.5728417038917542,,,,
113,55973,,,,,,,,,0.46103158593177795,0.7510327696800232,0.7466158866882324,0.5605083703994751
114,55999,,,,,0.44427648186683655,0.7831947803497314,0.7053161859512329,0.4974709451198578,,,,
114,56049,,,,,0.5090625286102295,0.7251298427581787,0.7958823442459106,0.633428692817688,,,,
114,56099,,,,,0.46818265318870544,0.8098898530006409,0.7076928615570068,0.5008292198181152,,,,
114,56149,,,,,0.4659920334815979,0.8028080463409424,0.664567232131958,0.4416496455669403,,,,
114,56199,,,,,0.40669411420822144,0.8284337520599365,0.6084860563278198,0.3702552914619446,,,,
114,56249,,,,,0.43326783180236816,0.8153214454650879,0.6456971168518066,0.41692474484443665,,,,
114,56299,,,,,0.528628408908844,0.6495431661605835,0.8254659175872803,0.6813939809799194,,,,
114,56349,,,,,0.39806902408599854,0.8300435543060303,0.5862177014350891,0.3436512053012848,,,,
114,56399,,,,,0.48875972628593445,0.6832836866378784,0.7866629958152771,0.6188386678695679,,,,
114,56449,,,,,0.4630165994167328,0.7870743274688721,0.6783229112625122,0.4601219892501831,,,,
114,56464,,,,,,,,,0.4523307681083679,0.7521287798881531,0.7438140511512756,0.5567909479141235
115,56499,,,,,0.44646215438842773,0.7966585755348206,0.6774256825447083,0.45890554785728455,,,,
115,56549,,,,,0.4385296106338501,0.8143246173858643,0.6364855170249939,0.4051138162612915,,,,
115,56599,,,,,0.4503514766693115,0.7836823463439941,0.6848233938217163,0.4689830541610718,,,,
115,56649,,,,,0.47973063588142395,0.7571163773536682,0.7422246932983398,0.550897479057312,,,,
115,56699,,,,,0.4548666477203369,0.8136513233184814,0.6764129400253296,0.4575344920158386,,,,
115,56749,,,,,0.41737428307533264,0.8365484476089478,0.6465421915054321,0.41801679134368896,,,,
115,56799,,,,,0.41867855191230774,0.836022138595581,0.6235581636428833,0.3888247609138489,,,,
115,56849,,,,,0.39555859565734863,0.8259435296058655,0.6030702590942383,0.3636937141418457,,,,
115,56899,,,,,0.45609426498413086,0.7661886811256409,0.688591718673706,0.47415852546691895,,,,
115,56949,,,,,0.5139793157577515,0.7576754093170166,0.7562629580497742,0.5719336271286011,,,,
115,56955,,,,,,,,,0.45174098014831543,0.7547932267189026,0.740423858165741,0.5516683459281921
116,56999,,,,,0.44482266902923584,0.7376112937927246,0.7584794759750366,0.575291097164154,,,,
116,57049,,,,,0.5243356227874756,0.7638165354728699,0.7487180233001709,0.5605787038803101,,,,
116,57099,,,,,0.49709367752075195,0.7804615497589111,0.728023886680603,0.5300187468528748,,,,
116,57149,,,,,0.48064106702804565,0.7887076139450073,0.735532283782959,0.5410077571868896,,,,
116,57199,,,,,0.4384962320327759,0.773664116859436,0.6844214200973511,0.4684326648712158,,,,
116,57249,,,,,0.4672582745552063,0.7438263893127441,0.7193605303764343,0.5174795389175415,,,,
116,57299,,,,,0.43143248558044434,0.8137717247009277,0.6305015087127686,0.3975321650505066,,,,
116,57349,,,,,0.4150497615337372,0.8026005029678345,0.6090169548988342,0.3709016442298889,,,,
116,57399,,,,,0.4301491975784302,0.821550726890564,0.6547060608863831,0.4286400377750397,,,,
116,57446,,,,,,,,,0.4563135802745819,0.7542408108711243,0.7414721846580505,0.5529658198356628
117,57449,,,,,0.46465742588043213,0.7812034487724304,0.6854733228683472,0.46987366676330566,,,,
117,57499,,,,,0.43161001801490784,0.7949942946434021,0.6741531491279602,0.4544824957847595,,,,
117,57549,,,,,0.39350074529647827,0.8415794372558594,0.5704012513160706,0.3253576159477234,,,,
117,57599,,,,,0.44461607933044434,0.8258615136146545,0.6580577492713928,0.4330400228500366,,,,
117,57649,,,,,0.413585901260376,0.8409855961799622,0.6154097318649292,0.3787291347980499,,,,
117,57699,,,,,0.48671603202819824,0.7843970060348511,0.7537530064582825,0.5681436061859131,,,,
117,57749,,,,,0.4604330360889435,0.7904714345932007,0.6874993443489075,0.47265535593032837,,,,
117,57799,,,,,0.4562130570411682,0.7791069149971008,0.7059518098831177,0.49836796522140503,,,,
117,57849,,,,,0.42923909425735474,0.803036093711853,0.6857280135154724,0.4702228903770447,,,,
117,57899,,,,,0.4348776340484619,0.8357122540473938,0.6856802105903625,0.47015735507011414,,,,
117,57937,,,,,,,,,0.44855770468711853,0.7507964372634888,0.746048629283905,0.5600255727767944
118,57949,,,,,0.4727049767971039,0.6973222494125366,0.7825040221214294,0.6123125553131104,,,,
118,57999,,,,,0.4577137529850006,0.7995685935020447,0.7225984930992126,0.5221485495567322,,,,
118,58049,,,,,0.43894827365875244,0.8046746253967285,0.6410248279571533,0.41091281175613403,,,,
118,58099,,,,,0.43348944187164307,0.7935526371002197,0.6624391078948975,0.4388255774974823,,,,
118,58149,,,,,0.4854533076286316,0.8356941342353821,0.6900972723960876,0.4762342572212219,,,,
118,58199,,,,,0.46505206823349,0.786379337310791,0.6954330801963806,0.48362720012664795,,,,
118,58249,,,,,0.40356382727622986,0.7863641977310181,0.6397364735603333,0.4092627465724945,,,,
118,58299,,,,,0.4760918915271759,0.7536008358001709,0.7231543660163879,0.5229521989822388,,,,
118,58349,,,,,0.5126232504844666,0.7750681638717651,0.7590495944023132,0.5761562585830688,,,,
118,58399,,,,,0.4419833719730377,0.8057003021240234,0.7177098989486694,0.5151075124740601,,,,
118,58428,,,,,,,,,0.4538740813732147,0.7525318264961243,0.7432230114936829,0.5560067892074585
119,58449,,,,,0.4343671202659607,0.807935893535614,0.6425365209579468,0.4128531813621521,,,,
119,58499,,,,,0.4724792540073395,0.7824245691299438,0.7635791301727295,0.5830530524253845,,,,
119,58549,,,,,0.42965373396873474,0.779879093170166,0.6458245515823364,0.4170893430709839,,,,
119,58599,,,,,0.46702730655670166,0.7904156446456909,0.7099148631095886,0.5039790868759155,,,,
119,58649,,,,,0.45349282026290894,0.7906311750411987,0.6764545440673828,0.4575907588005066,,,,
119,58699,,,,,0.4652690291404724,0.736035168170929,0.7708738446235657,0.594246506690979,,,,
119,58749,,,,,0.4120253622531891,0.818381667137146,0.6332929730415344,0.40105998516082764,,,,
119,58799,,,,,0.4293181598186493,0.7820836305618286,0.6910949945449829,0.4776122570037842,,,,
119,58849,,,,,0.4352302551269531,0.7815026044845581,0.670666515827179,0.4497935473918915,,,,
119,58899,,,,,0.4414854645729065,0.7083070278167725,0.7240084409713745,0.524188220500946,,,,
119,58919,,,,,,,,,0.45336365699768066,0.7507781982421875,0.7462272047996521,0.5605770945549011
120,58949,,,,,0.4519382119178772,0.7794061303138733,0.7100685834884644,0.504197359085083,,,,
120,58999,,,,,0.5262371301651001,0.7479047179222107,0.7612516283988953,0.5795040130615234,,,,
120,59049,,,,,0.43754079937934875,0.7972678542137146,0.6804121136665344,0.4629606306552887,,,,
120,59099,,,,,0.4769621789455414,0.7797770500183105,0.7081011533737183,0.501407265663147,,,,
120,59149,,,,,0.47736865282058716,0.6570777893066406,0.7703268527984619,0.5934034585952759,,,,
120,59199,,,,,0.45997199416160583,0.7989909648895264,0.7230275869369507,0.5227689146995544,,,,
120,59249,,,,,0.552117109298706,0.7385865449905396,0.8369684815406799,0.7005162239074707,,,,
120,59299,,,,,0.4985574781894684,0.7541611790657043,0.7848386168479919,0.6159716844558716,,,,
120,59349,,,,,0.45337504148483276,0.8053748607635498,0.690780520439148,0.4771777391433716,,,,
120,59399,,,,,0.5145164728164673,0.6476190090179443,0.8664235472679138,0.7506898045539856,,,,
120,59410,,,,,,,,,0.4532742500305176,0.7520557641983032,0.7443548440933228,0.5575742721557617
121,59449,,,,,0.41684967279434204,0.8154516816139221,0.6255825161933899,0.3913534879684448,,,,
121,59499,,,,,0.4905587136745453,0.8184347152709961,0.7450779676437378,0.5551412105560303,,,,
121,59549,,,,,0.44905173778533936,0.7947746515274048,0.6948248744010925,0.4827815890312195,,,,
121,59599,,,,,0.5064526796340942,0.7645267248153687,0.7762483954429626,0.6025615930557251,,,,
121,59649,,,,,0.44419386982917786,0.7497596740722656,0.6930989623069763,0.4803861379623413,,,,
121,59699,,,,,0.43621590733528137,0.809512197971344,0.6549108624458313,0.42890822887420654,,,,
121,59749,,,,,0.431488573551178,0.805984616279602,0.675502598285675,0.45630374550819397,,,,
121,59799,,,,,0.4279877543449402,0.8252055048942566,0.6052614450454712,0.3663414418697357,,,,
121,59849,,,,,0.46250295639038086,0.6620230674743652,0.7101298570632935,0.5042844414710999,,,,
121,59899,,,,,0.43023014068603516,0.838255763053894,0.6318652033805847,0.39925360679626465,,,,
121,59901,,,,,,,,,0.4469236433506012,0.7569150924682617,0.7372390627861023,0.5465652942657471
122,59949,,,,,0.46074533462524414,0.8031460046768188,0.6615886688232422,0.4376995861530304,,,,
122,59999,,,,,0.4551078677177429,0.7557930946350098,0.7315899133682251,0.5352237820625305,,,,
122,60049,,,,,0.49795979261398315,0.770605742931366,0.7869760394096375,0.6193312406539917,,,,
122,60099,,,,,0.4490637481212616,0.7949227094650269,0.647900402545929,0.41977494955062866,,,,
122,60149,,,,,0.3935122489929199,0.8187695741653442,0.6154663562774658,0.37879884243011475,,,,
122,60199,,,,,0.46689432859420776,0.8062699437141418,0.7023360729217529,0.4932759404182434,,,,
122,60249,,,,,0.4238477349281311,0.8090834617614746,0.6550664305686951,0.4291120171546936,,,,
122,60299,,,,,0.46986621618270874,0.8268323540687561,0.7062057256698608,0.4987265467643738,,,,
122,60349,,,,,0.3704026937484741,0.8377091884613037,0.5564009547233582,0.30958205461502075,,,,
122,60392,,,,,,,,,0.44910773634910583,0.7498254179954529,0.7472867369651794,0.5625851154327393
123,60399,,,,,0.38923561573028564,0.8288456201553345,0.5965394377708435,0.35585930943489075,,,,
123,60449,,,,,0.48002099990844727,0.7428672909736633,0.738346517086029,0.5451555848121643,,,,
123,60499,,,,,0.45603320002555847,0.7722083330154419,0.6911265850067139,0.47765594720840454,,,,
123,60549,,,,,0.3781622052192688,0.8320483565330505,0.6213749647140503,0.38610681891441345,,,,
123,60599,,,,,0.45780688524246216,0.7717292308807373,0.712865948677063,0.5081778764724731,,,,
123,60649,,,,,0.4138530194759369,0.8198743462562561,0.6320720911026001,0.3995150923728943,,,,
123,60699,,,,,0.4234074354171753,0.7973155379295349,0.6389386653900146,0.4082426428794861,,,,
123,60749,,,,,0.46187639236450195,0.7549333572387695,0.7541034817695618,0.5686720609664917,,,,
123,60799,,,,,0.5385773181915283,0.7738312482833862,0.7978410124778748,0.6365503072738647,,,,
123,60849,,,,,0.43501150608062744,0.7691575884819031,0.6765692234039307,0.45774590969085693,,,,
123,60883,,,,,,,,,0.4498226046562195,0.7530294060707092,0.7426047325134277,0.5548772811889648
124,60899,,,,,0.41741943359375,0.8129234910011292,0.6112820506095886,0.37366577982902527,,,,
124,60949,,,,,0.4483377933502197,0.762908399105072,0.6962078213691711,0.4847053289413452,,,,
124,60999,,,,,0.4776850938796997,0.7701882123947144,0.7271775007247925,0.5287870764732361,,,,
124,61049,,,,,0.3904469907283783,0.8385148644447327,0.6177219748497009,0.3815804123878479,,,,
124,61099,,,,,0.5203815698623657,0.736557126045227,0.780086874961853,0.6085355281829834,,,,
124,61149,,,,,0.4942700266838074,0.8106690645217896,0.7233843207359314,0.5232848525047302,,,,
124,61199,,,,,0.4500132203102112,0.7908083200454712,0.670873761177063,0.45007163286209106,,,,
124,61249,,,,,0.43269777297973633,0.7798275947570801,0.6694196462631226,0.44812268018722534,,,,
124,61299,,,,,0.42055046558380127,0.8331828713417053,0.6444641947746277,0.4153341054916382,,,,
124,61349,,,,,0.40254172682762146,0.8110010027885437,0.6010165810585022,0.36122092604637146,,,,
124,61374,,,,,,,,,0.4479999542236328,0.7485200762748718,0.7486315965652466,0.5643609166145325
125,61399,,,,,0.4274994134902954,0.8042743802070618,0.6606255173683167,0.4364261031150818,,,,
125,61449,,,,,0.4207208752632141,0.8372960686683655,0.6100835204124451,0.37220191955566406,,,,
125,61499,,,,,0.41606810688972473,0.829970121383667,0.6078406572341919,0.3694702982902527,,,,
125,61549,,,,,0.40698370337486267,0.810761570930481,0.6075239777565002,0.3690853714942932,,,,
125,61599,,,,,0.41422608494758606,0.8131492137908936,0.6342400908470154,0.4022604823112488,,,,
125,61649,,,,,0.5526368021965027,0.8086477518081665,0.8320624232292175,0.6923279166221619,,,,
125,61699,,,,,0.44590917229652405,0.7598220705986023,0.6694151163101196,0.44811657071113586,,,,
125,61749,,,,,0.4307329058647156,0.7437045574188232,0.7252216339111328,0.5259463787078857,,,,
125,61799,,,,,0.4615596532821655,0.7990541458129883,0.6861222982406616,0.47076377272605896,,,,
125,61849,,,,,0.47561725974082947,0.7894015908241272,0.7117511034011841,0.5065895915031433,,,,
125,61865,,,,,,,,,0.4468682110309601,0.7539114356040955,0.7408663630485535,0.5525527000427246
126,61899,,,,,0.4756231904029846,0.8252032995223999,0.6992581486701965,0.48896199464797974,,,,
126,61949,,,,,0.4347571134567261,0.7908560037612915,0.6570054292678833,0.431656152009964,,,,
126,61999,,,,,0.46776312589645386,0.7823434472084045,0.7221262454986572,0.5214663147926331,,,,
126,62049,,,,,0.4498695135116577,0.8084709048271179,0.6655952334403992,0.44301703572273254,,,,
126,62099,,,,,0.47573426365852356,0.7838793992996216,0.7410550117492676,0.5491625070571899,,,,
126,62149,,,,,0.4998026490211487,0.8014883399009705,0.797490119934082,0.6359905004501343,,,,
126,62199,,,,,0.48496145009994507,0.8627660870552063,0.6994498372077942,0.48923003673553467,,,,
126,62249,,,,,0.4640278220176697,0.7408385276794434,0.7378300428390503,0.5443931818008423,,,,
126,62299,,,,,0.4381971061229706,0.7876594662666321,0.6628275513648987,0.43934038281440735,,,,
126,62349,,,,,0.481049120426178,0.7497705221176147,0.7451316714286804,0.5552211999893188,,,,
126,62356,,,,,,,,,0.4456062912940979,0.7555644512176514,0.738488495349884,0.5487716794013977
127,62399,,,,,0.46939414739608765,0.7079433798789978,0.7766125202178955,0.6031270027160645,,,,
127,62449,,,,,0.4340299367904663,0.8214129209518433,0.654771089553833,0.42872515320777893,,,,
127,62499,,,,,0.4007487893104553,0.823026180267334,0.5860261917114258,0.3434267044067383,,,,
127,62549,,,,,0.39203864336013794,0.8611047863960266,0.61285001039505,0.37558513879776,,,,
127,62599,,,,,0.4223094582557678,0.8328206539154053,0.6402347683906555,0.40990057587623596,,,,
127,62649,,,,,0.5147086381912231,0.7786785960197449,0.7455533146858215,0.5558497309684753,,,,
127,62699,,,,,0.48712286353111267,0.7754929661750793,0.739353597164154,0.5466437339782715,,,,
127,62749,,,,,0.5383673310279846,0.7501038312911987,0.7997528910636902,0.6396046876907349,,,,
127,62799,,,,,0.39365148544311523,0.8294411301612854,0.6184899210929871,0.3825297951698303,,,,
127,62847,,,,,,,,,0.4475052058696747,0.7570040225982666,0.7364919185638428,0.5459014773368835
128,62849,,,,,0.41252079606056213,0.8167257308959961,0.6671490669250488,0.44508790969848633,,,,
128,62899,,,,,0.5238817930221558,0.5275505185127258,0.9296882152557373,0.8643201589584351,,,,
128,62949,,,,,0.46711117029190063,0.751278817653656,0.7797467112541199,0.6080049276351929,,,,
128,62999,,,,,0.44619038701057434,0.7780469655990601,0.6885807514190674,0.4741434156894684,,,,
128,63049,,,,,0.46616804599761963,0.7749084234237671,0.7244029641151428,0.5247596502304077,,,,
128,63099,,,,,0.4421048164367676,0.7967343330383301,0.6907075643539429,0.477076917886734,,,,
128,63149,,,,,0.42759013175964355,0.7812578678131104,0.7141849994659424,0.5100602507591248,,,,
128,63199,,,,,0.4882766008377075,0.6990828514099121,0.7916398048400879,0.626693606376648,,,,
128,63249,,,,,0.4393618106842041,0.7459425926208496,0.7045326232910156,0.4963662028312683,,,,
128,63299,,,,,0.46999114751815796,0.802198052406311,0.7040209770202637,0.49564555287361145,,,,
128,63338,,,,,,,,,0.44863376021385193,0.755103349685669,0.7391360402107239,0.5499258637428284
129,63349,,,,,0.40739330649375916,0.8313472270965576,0.60141921043396,0.36170506477355957,,,,
129,63399,,,,,0.42651501297950745,0.806532621383667,0.665065348148346,0.4423118829727173,,,,
129,63449,,,,,0.47549986839294434,0.7549737095832825,0.7277586460113525,0.5296326279640198,,,,
129,63499,,,,,0.4824022054672241,0.714584231376648,0.7785966992378235,0.606212854385376,,,,
129,63549,,,,,0.42037343978881836,0.7862945795059204,0.6293078064918518,0.3960283398628235,,,,
129,63599,,,,,0.50589519739151,0.7761197686195374,0.733362078666687,0.5378199815750122,,,,
129,63649,,,,,0.4704277813434601,0.7948145866394043,0.698864758014679,0.48841196298599243,,,,
129,63699,,,,,0.3817737400531769,0.8475626111030579,0.563541829586029,0.31757938861846924,,,,
129,63749,,,,,0.48730549216270447,0.783967912197113,0.7500163912773132,0.5625245571136475,,,,
129,63799,,,,,0.4140331745147705,0.8171892166137695,0.613312840461731,0.3761526346206665,,,,
129,63829,,,,,,,,,0.4491821825504303,0.7552775144577026,0.7391020059585571,0.5496138334274292
130,63849,,,,,0.4859459102153778,0.7404602766036987,0.7700526714324951,0.5929811596870422,,,,
130,63899,,,,,0.41939738392829895,0.7948240041732788,0.6624346375465393,0.43881964683532715,,,,
130,63949,,,,,0.48128271102905273,0.8223029375076294,0.7133282423019409,0.5088371634483337,,,,
130,63999,,,,,0.4604245722293854,0.8126859664916992,0.7069577574729919,0.4997892379760742,,,,
130,64049,,,,,0.45927566289901733,0.7839221954345703,0.7280018925666809,0.5299867391586304,,,,
130,64099,,,,,0.4215056598186493,0.812747597694397,0.6472138166427612,0.4188857078552246,,,,
130,64149,,,,,0.3943482041358948,0.8344315886497498,0.5911074876785278,0.34940803050994873,,,,
130,64199,,,,,0.457211971282959,0.7477115392684937,0.6973044872283936,0.48623353242874146,,,,
130,64249,,,,,0.4136543571949005,0.8150225281715393,0.6302598714828491,0.39722752571105957,,,,
130,64299,,,,,0.45463377237319946,0.7891928553581238,0.6725283265113831,0.45229434967041016,,,,
130,64320,,,,,,,,,0.44706991314888,0.7554889917373657,0.7386802434921265,0.5492739081382751
131,64349,,,,,0.4568234086036682,0.7276065349578857,0.7375980615615845,0.544050931930542,,,,
131,64399,,,,,0.43613362312316895,0.8536666631698608,0.6630989909172058,0.43970027565956116,,,,
131,64449,,,,,0.43594902753829956,0.8008584976196289,0.6592205166816711,0.43457165360450745,,,,
131,64499,,,,,0.4756402373313904,0.7697020173072815,0.7359513640403748,0.5416244268417358,,,,
131,64549,,,,,0.4036591649055481,0.8572561144828796,0.6008142828941345,0.36097776889801025,,,,
131,64599,,,,,0.4537215232849121,0.7094097137451172,0.7545762658119202,0.5693853497505188,,,,
131,64649,,,,,0.519973874092102,0.748988926410675,0.7978056073188782,0.6364938020706177,,,,
131,64699,,,,,0.45691752433776855,0.7596769332885742,0.7782033085823059,0.6056003570556641,,,,
131,64749,,,,,0.4465152621269226,0.819568932056427,0.6930704116821289,0.48034656047821045,,,,
131,64799,,,,,0.45215821266174316,0.7857940196990967,0.7225201725959778,0.5220354199409485,,,,
131,64811,,,,,,,,,0.4476902186870575,0.7543032765388489,0.7409358024597168,0.5526975989341736
132,64849,,,,,0.4534553289413452,0.8088334798812866,0.6956620812416077,0.48394572734832764,,,,
132,64899,,,,,0.40645962953567505,0.8020082712173462,0.5925097465515137,0.35106778144836426,,,,
132,64949,,,,,0.39770081639289856,0.8590593934059143,0.5981428623199463,0.35777491331100464,,,,
132,64999,,,,,0.4043114483356476,0.8008207082748413,0.6202883720397949,0.3847576975822449,,,,
132,65049,,,,,0.45223090052604675,0.726346492767334,0.7338346242904663,0.5385132431983948,,,,
132,65099,,,,,0.46291154623031616,0.7804137468338013,0.7060479521751404,0.49850374460220337,,,,
132,65149,,,,,0.4218364655971527,0.784464418888092,0.6888953447341919,0.47457683086395264,,,,
132,65199,,,,,0.40225598216056824,0.8386266827583313,0.628725528717041,0.39529576897621155,,,,
132,65249,,,,,0.4400313198566437,0.782394528388977,0.685696542263031,0.4701797366142273,,,,
132,65299,,,,,0.4207974076271057,0.802541971206665,0.6608605980873108,0.43673670291900635,,,,
132,65302,,,,,,,,,0.4453608989715576,0.7594088315963745,0.7332967519760132,0.5408627986907959
133,65349,,,,,0.4386427402496338,0.7403509616851807,0.7364396452903748,0.5423433780670166,,,,
133,65399,,,,,0.43657976388931274,0.7951212525367737,0.6706215143203735,0.4497331976890564,,,,
133,65449,,,,,0.4440114498138428,0.7856495976448059,0.6857777833938599,0.4702911376953125,,,,
133,65499,,,,,0.43100297451019287,0.821271538734436,0.6613367795944214,0.4373663663864136,,,,
133,65549,,,,,0.45668017864227295,0.7966188788414001,0.6830047369003296,0.46649545431137085,,,,
133,65599,,,,,0.41613346338272095,0.8124845623970032,0.6439347863197327,0.4146519899368286,,,,
133,65649,,,,,0.43216705322265625,0.8445466160774231,0.6371961832046509,0.406019002199173,,,,
133,65699,,,,,0.464730441570282,0.7944155931472778,0.7565447092056274,0.5723598599433899,,,,
133,65749,,,,,0.44982820749282837,0.8185564875602722,0.6445266604423523,0.41541463136672974,,,,
133,65793,,,,,,,,,0.44791921973228455,0.7559188008308411,0.7385085225105286,0.5490491986274719
134,65799,,,,,0.4079129695892334,0.8275789022445679,0.6230354905128479,0.38817325234413147,,,,
134,65849,,,,,0.43576663732528687,0.8172504305839539,0.6456819772720337,0.4169052541255951,,,,
134,65899,,,,,0.44453325867652893,0.7984071969985962,0.6489800214767456,0.4211750328540802,,,,
134,65949,,,,,0.4383135437965393,0.8288140296936035,0.677282989025116,0.45871227979660034,,,,
134,65999,,,,,0.40452277660369873,0.8286626935005188,0.5934975743293762,0.3522394001483917,,,,
134,66049,,,,,0.4581657648086548,0.7423003911972046,0.7009010314941406,0.491262286901474,,,,
134,66099,,,,,0.45235753059387207,0.7646187543869019,0.7348514199256897,0.5400066375732422,,,,
134,66149,,,,,0.3981722593307495,0.8018239140510559,0.6537144184112549,0.42734256386756897,,,,
134,66199,,,,,0.4557742476463318,0.6951806545257568,0.7447841763496399,0.5547034740447998,,,,
134,66249,,,,,0.5156347155570984,0.6761500835418701,0.8313121795654297,0.6910799741744995,,,,
134,66284,,,,,,,,,0.4529069662094116,0.7563597559928894,0.7379388213157654,0.5476635098457336
135,66299,,,,,0.36896494030952454,0.8505704402923584,0.5746882557868958,0.3302665948867798,,,,
135,66349,,,,,0.41489994525909424,0.8554630279541016,0.5951454639434814,0.3541981279850006,,,,
135,66399,,,,,0.4658515751361847,0.7343634366989136,0.737612247467041,0.5440718531608582,,,,
135,66449,,,,,0.4997689127922058,0.7104402780532837,0.7454434633255005,0.5556859970092773,,,,
135,66499,,,,,0.4128785729408264,0.7502727508544922,0.6500313878059387,0.4225408136844635,,,,
135,66549,,,,,0.44782209396362305,0.7854213714599609,0.6903525590896606,0.4765866696834564,,,,
135,66599,,,,,0.4724017381668091,0.768487811088562,0.7073025107383728,0.5002768635749817,,,,
135,66649,,,,,0.43964457511901855,0.8013757467269897,0.6765497922897339,0.457719624042511,,,,
135,66699,,,,,0.5141406059265137,0.73079514503479,0.7832642197608948,0.6135028600692749,,,,
135,66749,,,,,0.4305521547794342,0.7622913122177124,0.6943219304084778,0.48208290338516235,,,,
135,66775,,,,,,,,,0.4423501193523407,0.7610504627227783,0.7309403419494629,0.5374282002449036
136,66799,,,,,0.3848450779914856,0.8172205686569214,0.6130316853523254,0.37580782175064087,,,,
136,66849,,,,,0.44890469312667847,0.8173761367797852,0.6713207960128784,0.45067158341407776,,,,
136,66899,,,,,0.4292888343334198,0.7873914241790771,0.6662874817848206,0.4439389705657959,,,,
136,66949,,,,,0.47700297832489014,0.7838796377182007,0.7021238207817078,0.4929778575897217,,,,
136,66999,,,,,0.422006219625473,0.7871643304824829,0.6782047748565674,0.4599617123603821,,,,
136,67049,,,,,0.39479944109916687,0.8319713473320007,0.604619026184082,0.36556413769721985,,,,
136,67099,,,,,0.40078622102737427,0.8422998189926147,0.6333780884742737,0.4011678099632263,,,,
136,67149,,,,,0.43842366337776184,0.7607471942901611,0.6812096238136292,0.46404653787612915,,,,
136,67199,,,,,0.3871971368789673,0.8500757813453674,0.623028039932251,0.3881639242172241,,,,
136,67249,,,,,0.4786325991153717,0.7884552478790283,0.7167203426361084,0.5136880874633789,,,,
136,67266,,,,,,,,,0.44559475779533386,0.7580426931381226,0.7355033755302429,0.5443235635757446
137,67299,,,,,0.45825493335723877,0.8277121186256409,0.6667268872261047,0.44452473521232605,,,,
137,67349,,,,,0.4152882993221283,0.8647217154502869,0.6218722462654114,0.3867250680923462,,,,
137,67399,,,,,0.44734686613082886,0.8291791677474976,0.668721616268158,0.4471885859966278,,,,
137,67449,,,,,0.4316829442977905,0.7869439125061035,0.6781012415885925,0.45982131361961365,,,,
137,67499,,,,,0.3763028383255005,0.8612076640129089,0.551202654838562,0.30382439494132996,,,,
137,67549,,,,,0.48814868927001953,0.743134617805481,0.7546045184135437,0.5694279670715332,,,,
137,67599,,,,,0.42908260226249695,0.8057231903076172,0.6274724006652832,0.39372164011001587,,,,
137,67649,,,,,0.42144492268562317,0.7891495227813721,0.6945475339889526,0.4823962450027466,,,,
137,67699,,,,,0.43080559372901917,0.8828957080841064,0.6464318633079529,0.41787415742874146,,,,
137,67749,,,,,0.4515201449394226,0.748531699180603,0.6806816458702087,0.4633275270462036,,,,
137,67757,,,,,,,,,0.44655299186706543,0.757498562335968,0.7361265420913696,0.5454463958740234
138,67799,,,,,0.4144638478755951,0.8312498331069946,0.6587435603141785,0.43394309282302856,,,,
138,67849,,,,,0.42222797870635986,0.8036842942237854,0.6365417838096619,0.4051854610443115,,,,
138,67899,,,,,0.452541708946228,0.8178627490997314,0.7042255997657776,0.4959337115287781,,,,
138,67949,,,,,0.42779746651649475,0.820676326751709,0.6605682373046875,0.43635037541389465,,,,
138,67999,,,,,0.41194793581962585,0.8085637092590332,0.63053959608078,0.39758020639419556,,,,
138,68049,,,,,0.4889938235282898,0.7062855362892151,0.7550916075706482,0.5701633095741272,,,,
138,68099,,,,,0.49453431367874146,0.7416274547576904,0.7364225387573242,0.5423181653022766,,,,
138,68149,,,,,0.4552007019519806,0.7092163562774658,0.7114195823669434,0.5061178207397461,,,,
138,68199,,,,,0.44412487745285034,0.7811535000801086,0.7125888466835022,0.5077828764915466,,,,
138,68248,,,,,,,,,0.44573479890823364,0.7593287825584412,0.7333067059516907,0.5408862829208374
139,68249,,,,,0.5116007328033447,0.7382753491401672,0.8350445032119751,0.6972993612289429,,,,
139,68299,,,,,0.40565598011016846,0.8036993741989136,0.6600220203399658,0.43562909960746765,,,,
139,68349,,,,,0.42769140005111694,0.7536085247993469,0.6651464104652405,0.44241976737976074,,,,
139,68399,,,,,0.4136731028556824,0.8123807311058044,0.6040172576904297,0.36483681201934814,,,,
139,68449,,,,,0.3744335472583771,0.8650549054145813,0.5555192232131958,0.30860161781311035,,,,
139,68499,,,,,0.4078475832939148,0.7997610569000244,0.638551652431488,0.4077482223510742,,,,
139,68549,,,,,0.5001672506332397,0.7148213386535645,0.8082543015480042,0.6532750129699707,,,,
139,68599,,,,,0.44803398847579956,0.8232267498970032,0.6333012580871582,0.4010704457759857,,,,
139,68649,,,,,0.4212809205055237,0.7886417508125305,0.6364664435386658,0.4050895571708679,,,,
139,68699,,,,,0.438082218170166,0.8292902112007141,0.6177470684051514,0.3816114068031311,,,,
139,68739,,,,,,,,,0.4467383921146393,0.7576067447662354,0.7354609966278076,0.544302761554718
140,68749,,,,,0.44170331954956055,0.7916746139526367,0.6722044944763184,0.45185890793800354,,,,
140,68799,,,,,0.4032785892486572,0.8149540424346924,0.5875404477119446,0.3452037572860718,,,,
140,68849,,,,,0.4521942138671875,0.7917014956474304,0.6730765700340271,0.45303210616111755,,,,
140,68899,,,,,0.45000338554382324,0.7829622030258179,0.647148847579956,0.41880160570144653,,,,
140,68949,,,,,0.41790103912353516,0.7764009237289429,0.6487670540809631,0.4208987057209015,,,,
140,68999,,,,,0.487375944852829,0.8025345206260681,0.7307723164558411,0.534028172492981,,,,
140,69049,,,,,0.4201306402683258,0.8114300966262817,0.6221372485160828,0.3870547413825989,,,,
140,69099,,,,,0.37965017557144165,0.8459296822547913,0.5935373902320862,0.3522866666316986,,,,
140,69149,,,,,0.48782745003700256,0.7511823177337646,0.7428252696990967,0.551789402961731,,,,
140,69199,,,,,0.4946479797363281,0.6127004027366638,0.819139838218689,0.6709900498390198,,,,
140,69230,,,,,,,,,0.4408014118671417,0.7570712566375732,0.7366284728050232,0.5460542440414429
141,69249,,,,,0.4362596869468689,0.7348387241363525,0.7075885534286499,0.5006815195083618,,,,
141,69299,,,,,0.43030205368995667,0.7939468026161194,0.6715927124023438,0.45103681087493896,,,,
141,69349,,,,,0.417735755443573,0.8019669055938721,0.6867105960845947,0.4715714752674103,,,,
141,69399,,,,,0.42941540479660034,0.7868773937225342,0.709067165851593,0.5027762651443481,,,,
141,69449,,,,,0.4559965133666992,0.7994070649147034,0.686486005783081,0.47126302123069763,,,,
141,69499,,,,,0.37601763010025024,0.8518163561820984,0.5978158116340637,0.35738372802734375,,,,
141,69549,,,,,0.4094372093677521,0.8193984627723694,0.6198300123214722,0.384189248085022,,,,
141,69599,,,,,0.4822833240032196,0.7795026898384094,0.7668314576148987,0.5880304574966431,,,,
141,69649,,,,,0.5228791236877441,0.7799617052078247,0.7815825939178467,0.6108713746070862,,,,
141,69699,,,,,0.415943443775177,0.775040328502655,0.6503613591194153,0.42296987771987915,,,,
141,69721,,,,,,,,,0.4439364969730377,0.7610446214675903,0.7310328483581543,0.5376769304275513
142,69749,,,,,0.4227844774723053,0.7419106960296631,0.6908040642738342,0.47721025347709656,,,,
142,69799,,,,,0.49828216433525085,0.7624090909957886,0.7776265740394592,0.6047030687332153,,,,
142,69849,,,,,0.5028222799301147,0.7942026853561401,0.7767517566680908,0.6033432483673096,,,,
142,69899,,,,,0.4114753007888794,0.8626292943954468,0.6032903790473938,0.36395928263664246,,,,
142,69949,,,,,0.4627174735069275,0.7939649224281311,0.706921398639679,0.49973782896995544,,,,
142,69999,,,,,0.41996467113494873,0.8468834161758423,0.603000283241272,0.3636093735694885,,,,
142,70049,,,,,0.41024792194366455,0.8191913962364197,0.672333836555481,0.45203280448913574,,,,
142,70099,,,,,0.572151780128479,0.7090423107147217,0.8335247039794922,0.6947634220123291,,,,
142,70149,,,,,0.4721126854419708,0.6525106430053711,0.8102707266807556,0.6565386056900024,,,,
142,70199,,,,,0.4124625325202942,0.7708078026771545,0.6528075337409973,0.42615771293640137,,,,
142,70212,,,,,,,,,0.44081056118011475,0.759562611579895,0.7329508662223816,0.5406740307807922
143,70249,,,,,0.42446932196617126,0.8415625095367432,0.643329918384552,0.4138733744621277,,,,
143,70299,,,,,0.45619484782218933,0.8126145601272583,0.6809954643249512,0.4637548327445984,,,,
143,70349,,,,,0.4892904758453369,0.7768891453742981,0.772028386592865,0.5960278511047363,,,,
143,70399,,,,,0.47756701707839966,0.7574658989906311,0.7242987155914307,0.5246086716651917,,,,
143,70449,,,,,0.45332419872283936,0.756664514541626,0.7371659874916077,0.5434136986732483,,,,
143,70499,,,,,0.49598753452301025,0.7582928538322449,0.8116883039474487,0.6588379144668579,,,,
143,70549,,,,,0.4687877297401428,0.8032139539718628,0.7240216732025146,0.524207353591919,,,,
143,70599,,,,,0.4358646273612976,0.798770010471344,0.6579165458679199,0.43285414576530457,,,,
143,70649,,,,,0.4816952347755432,0.7669203281402588,0.7367376685142517,0.5427823662757874,,,,
143,70699,,,,,0.4738622307777405,0.7647412419319153,0.7463114261627197,0.5569807291030884,,,,
143,70703,,,,,,,,,0.4482514262199402,0.7516379356384277,0.7443181276321411,0.5578493475914001
144,70749,,,,,0.528531551361084,0.6870258450508118,0.7970351576805115,0.635265052318573,,,,
144,70799,,,,,0.4268478751182556,0.8498138189315796,0.6130950450897217,0.375885546207428,,,,
144,70849,,,,,0.40290796756744385,0.8284734487533569,0.6357438564300537,0.40417027473449707,,,,
144,70899,,,,,0.5302373170852661,0.7306829690933228,0.8070489764213562,0.6513280868530273,,,,
144,70949,,,,,0.45491036772727966,0.8319423794746399,0.7012332677841187,0.4917280972003937,,,,
144,70999,,,,,0.4624013900756836,0.7619268894195557,0.7011452317237854,0.49160462617874146,,,,
144,71049,,,,,0.4381577968597412,0.7938075065612793,0.6599575877189636,0.43554404377937317,,,,
144,71099,,,,,0.4623984098434448,0.7839689254760742,0.7050191164016724,0.4970519542694092,,,,
144,71149,,,,,0.49142366647720337,0.721136212348938,0.7929413318634033,0.6287559270858765,,,,
144,71194,,,,,,,,,0.4436805844306946,0.7551584243774414,0.7392381429672241,0.5501643419265747
145,71199,,,,,0.3639719486236572,0.8542580604553223,0.544060468673706,0.2960017919540405,,,,
145,71249,,,,,0.48978710174560547,0.7923072576522827,0.7238687872886658,0.5239860415458679,,,,
145,71299,,,,,0.4268192946910858,0.7880272269248962,0.6460561752319336,0.41738855838775635,,,,
145,71349,,,,,0.5291925668716431,0.7850202322006226,0.7439205050468445,0.5534177422523499,,,,
145,71399,,,,,0.5019426345825195,0.7244172096252441,0.8205297589302063,0.6732690930366516,,,,
145,71449,,,,,0.4811655282974243,0.864012598991394,0.698793888092041,0.48831290006637573,,,,
145,71499,,,,,0.4072691798210144,0.8111590147018433,0.6346570253372192,0.40278953313827515,,,,
145,71549,,,,,0.45604607462882996,0.7517196536064148,0.7642921805381775,0.5841425061225891,,,,
145,71599,,,,,0.4818224608898163,0.8034096360206604,0.7331972122192383,0.5375781655311584,,,,
145,71649,,,,,0.392401784658432,0.8495513200759888,0.6081925630569458,0.3698982000350952,,,,
145,71685,,,,,,,,,0.44136613607406616,0.7595435976982117,0.7328827381134033,0.5407199263572693
146,71699,,,,,0.40949198603630066,0.8147553205490112,0.6071306467056274,0.36860761046409607,,,,
146,71749,,,,,0.4290669560432434,0.8235562443733215,0.6661608219146729,0.44377022981643677,,,,
146,71799,,,,,0.41837430000305176,0.7885953783988953,0.6438696980476379,0.4145681858062744,,,,
146,71849,,,,,0.43411940336227417,0.7604576349258423,0.6696908473968506,0.4484858512878418,,,,
146,71899,,,,,0.47592663764953613,0.7887405753135681,0.6959556341171265,0.48435425758361816,,,,
146,71949,,,,,0.4078167974948883,0.8043257594108582,0.61709064245224,0.38080087304115295,,,,
146,71999,,,,,0.4722425043582916,0.755129337310791,0.7303049564361572,0.5333453416824341,,,,
146,72049,,,,,0.43925729393959045,0.833388090133667,0.6508277058601379,0.4235767126083374,,,,
146,72099,,,,,0.400909960269928,0.8150866627693176,0.6168540716171265,0.3805089592933655,,,,
146,72149,,,,,0.5031478404998779,0.8069746494293213,0.7371975183486938,0.5434601902961731,,,,
146,72176,,,,,,,,,0.439126580953598,0.7603838443756104,0.7316261529922485,0.5386053919792175
147,72199,,,,,0.44133836030960083,0.7994951009750366,0.6771624088287354,0.458548903465271,,,,
147,72249,,,,,0.434532105922699,0.838090181350708,0.6354811191558838,0.40383628010749817,,,,
147,72299,,,,,0.43191075325012207,0.8370357751846313,0.6335296034812927,0.4013597369194031,,,,
147,72349,,,,,0.40959739685058594,0.8074994087219238,0.6301265954971313,0.3970595598220825,,,,
147,72399,,,,,0.4617614150047302,0.7249197959899902,0.7150790095329285,0.5113379955291748,,,,
147,72449,,,,,0.43790560960769653,0.8304435610771179,0.6780350208282471,0.4597315192222595,,,,
147,72499,,,,,0.5438113212585449,0.7583439946174622,0.7729345560073853,0.5974278450012207,,,,
147,72549,,,,,0.4668353796005249,0.7805404663085938,0.7049892544746399,0.497009813785553,,,,
147,72599,,,,,0.4523466229438782,0.696766197681427,0.7891222238540649,0.6227139234542847,,,,
147,72649,,,,,0.5034314393997192,0.7174197435379028,0.7419759035110474,0.5505282282829285,,,,
147,72667,,,,,,,,,0.4428281784057617,0.7591173648834229,0.7335333824157715,0.5415849089622498
148,72699,,,,,0.4420131742954254,0.7890408635139465,0.6977627873420715,0.48687294125556946,,,,
148,72749,,,,,0.47845184803009033,0.7667598724365234,0.7312867641448975,0.5347803235054016,,,,
148,72799,,,,,0.44626176357269287,0.8259118795394897,0.6498718857765198,0.4223334789276123,,,,
148,72849,,,,,0.45778316259384155,0.8207616806030273,0.7077672481536865,0.5009344816207886,,,,
148,72899,,,,,0.3932538628578186,0.8480920791625977,0.6173076033592224,0.3810686469078064,,,,
148,72949,,,,,0.406108021736145,0.8359966278076172,0.623356282711029,0.38857302069664,,,,
148,72999,,,,,0.46325892210006714,0.7548097372055054,0.7366457581520081,0.5426470041275024,,,,
148,73049,,,,,0.46915531158447266,0.7689169049263,0.75790935754776,0.5744265913963318,,,,
148,73099,,,,,0.4327396750450134,0.779973566532135,0.6974634528160095,0.4864552617073059,,,,
148,73149,,,,,0.4141896665096283,0.7700797319412231,0.6842117309570312,0.4681456983089447,,,,
148,73158,,,,,,,,,0.44102010130882263,0.7592973709106445,0.7329086661338806,0.5407583713531494
149,73199,,,,,0.4534565806388855,0.7880105972290039,0.7222800254821777,0.5216884613037109,,,,
149,73249,,,,,0.4333810806274414,0.7849398851394653,0.6570123434066772,0.43166524171829224,,,,
149,73299,,,,,0.515025794506073,0.7201557159423828,0.7971001267433167,0.6353685855865479,,,,
149,73349,,,,,0.49872538447380066,0.7560091018676758,0.7537196278572083,0.5680932998657227,,,,
149,73399,,,,,0.4266235828399658,0.8359330296516418,0.6666765213012695,0.4444575905799866,,,,
149,73449,,,,,0.4353904128074646,0.8343763947486877,0.6355870366096497,0.4039708971977234,,,,
149,73499,,,,,0.43970268964767456,0.8283153176307678,0.6530075073242188,0.4264187812805176,,,,
149,73549,,,,,0.47031715512275696,0.7655277252197266,0.6854390501976013,0.46982669830322266,,,,
149,73599,,,,,0.4830305576324463,0.7107329368591309,0.7312524318695068,0.534730076789856,,,,
149,73649,,,,,0.9239093661308289,-0.2827810049057007,1.433095932006836,2.0537641048431396,,,,
149,73649,,,,,,,,,0.4381238520145416,0.7593513131141663,0.7329186201095581,0.5410037636756897
150,73699,,,,,0.4635967016220093,0.8199887871742249,0.6919564604759216,0.47880372405052185,,,,
150,73749,,,,,0.39720505475997925,0.8354644775390625,0.5931545495986938,0.3518323302268982,,,,
150,73799,,,,,0.4631347060203552,0.7632829546928406,0.6803781986236572,0.46291446685791016,,,,
150,73849,,,,,0.4152820110321045,0.8626502156257629,0.6233307123184204,0.38854116201400757,,,,
150,73899,,,,,0.40191885828971863,0.835627555847168,0.6203551888465881,0.38484054803848267,,,,
150,73949,,,,,0.40647006034851074,0.8035545349121094,0.6526510715484619,0.4259534478187561,,,,
150,73999,,,,,0.43380624055862427,0.7856554985046387,0.6979840397834778,0.48718172311782837,,,,
150,74049,,,,,0.41449058055877686,0.8424928188323975,0.6211322546005249,0.38580530881881714,,,,
150,74099,,,,,0.46372073888778687,0.8326501846313477,0.6898366212844849,0.4758746027946472,,,,
150,74140,,,,,,,,,0.4417448043823242,0.7610328197479248,0.7307360172271729,0.537021279335022
151,74149,,,,,0.39385321736335754,0.8191350698471069,0.6095403432846069,0.371539443731308,,,,
151,74199,,,,,0.4324257969856262,0.7718148827552795,0.6724240779876709,0.45215415954589844,,,,
151,74249,,,,,0.4088248014450073,0.8118599653244019,0.6250302791595459,0.39066287875175476,,,,
151,74299,,,,,0.4220746159553528,0.762239396572113,0.6549698114395142,0.42898547649383545,,,,
151,74349,,,,,0.4363386034965515,0.8340064287185669,0.6363257765769958,0.40491050481796265,,,,
151,74399,,,,,0.49301278591156006,0.7879543304443359,0.7703831791877747,0.5934902429580688,,,,
151,74449,,,,,0.4475717544555664,0.7663911581039429,0.6825166940689087,0.465829074382782,,,,
151,74499,,,,,0.5055129528045654,0.6914043426513672,0.8025055527687073,0.6440151929855347,,,,
151,74549,,,,,0.44849908351898193,0.7952430844306946,0.6862696409225464,0.47096604108810425,,,,
151,74599,,,,,0.39486047625541687,0.8645159602165222,0.5832188129425049,0.34014415740966797,,,,
151,74631,,,,,,,,,0.4406866729259491,0.7612369656562805,0.7302239537239075,0.5366306900978088
152,74649,,,,,0.4478704631328583,0.777120053768158,0.6953269243240356,0.48347949981689453,,,,
152,74699,,,,,0.39998599886894226,0.8096188306808472,0.643092155456543,0.4135674834251404,,,,
152,74749,,,,,0.3947649896144867,0.8330855965614319,0.6209027767181396,0.3855202794075012,,,,
152,74799,,,,,0.45435822010040283,0.7969752550125122,0.6482028365135193,0.42016690969467163,,,,
152,74849,,,,,0.5101373195648193,0.7374898791313171,0.8333015441894531,0.6943914890289307,,,,
152,74899,,,,,0.4470326900482178,0.7345679998397827,0.7380711436271667,0.5447490215301514,,,,
152,74949,,,,,0.4916228950023651,0.7815735936164856,0.7380827069282532,0.5447660684585571,,,,
152,74999,,,,,0.4172583520412445,0.8664196133613586,0.6120718717575073,0.37463194131851196,,,,
152,75049,,,,,0.42929214239120483,0.8225106596946716,0.7039733529090881,0.49557846784591675,,,,
152,75099,,,,,0.4447494447231293,0.7969158887863159,0.7017123103141785,0.492400199174881,,,,
152,75122,,,,,,,,,0.440900057554245,0.7602447867393494,0.7318010926246643,0.5388739109039307
153,75149,,,,,0.523221492767334,0.767655074596405,0.7542272210121155,0.5688587427139282,,,,
153,75199,,,,,0.4133114516735077,0.8140883445739746,0.6102232336997986,0.3723723888397217,,,,
153,75249,,,,,0.4224013090133667,0.8163244128227234,0.6687952876091003,0.4472871422767639,,,,
153,75299,,,,,0.4092777967453003,0.834967315196991,0.6030494570732117,0.36366865038871765,,,,
153,75349,,,,,0.46125471591949463,0.7750329375267029,0.6950872540473938,0.4831462502479553,,,,
153,75399,,,,,0.4685302674770355,0.7910758256912231,0.6906219720840454,0.4769587218761444,,,,
153,75449,,,,,0.4462549388408661,0.7472382187843323,0.7021300792694092,0.49298661947250366,,,,
153,75499,,,,,0.4253022074699402,0.8358257412910461,0.6286888718605042,0.3952496647834778,,,,
153,75549,,,,,0.48293596506118774,0.8067720532417297,0.6942766308784485,0.4820200204849243,,,,
153,75599,,,,,0.43681156635284424,0.8035019636154175,0.6540822982788086,0.42782366275787354,,,,
153,75613,,,,,,,,,0.44289031624794006,0.7568578720092773,0.7366505265235901,0.5463061332702637
154,75649,,,,,0.5207907557487488,0.7670774459838867,0.766865611076355,0.5880829095840454,,,,
154,75699,,,,,0.42336350679397583,0.7882224917411804,0.6609257459640503,0.4368228316307068,,,,
154,75749,,,,,0.4591999650001526,0.7470148205757141,0.7294778227806091,0.5321378707885742,,,,
154,75799,,,,,0.42911362648010254,0.7738240361213684,0.6976520419120789,0.4867183566093445,,,,
154,75849,,,,,0.425148606300354,0.8375083208084106,0.635880172252655,0.4043435752391815,,,,
154,75899,,,,,0.4174026846885681,0.8054925799369812,0.6535723209381104,0.4271567463874817,,,,
154,75949,,,,,0.4569513499736786,0.7992891073226929,0.7008441090583801,0.49118247628211975,,,,
154,75999,,,,,0.4376067519187927,0.7571593523025513,0.6964479088783264,0.48503971099853516,,,,
154,76049,,,,,0.4206543564796448,0.8061457276344299,0.6346741914749146,0.40281131863594055,,,,
154,76099,,,,,0.4474853575229645,0.800255298614502,0.7182862162590027,0.5159351229667664,,,,
154,76104,,,,,,,,,0.44034817814826965,0.7593387961387634,0.7331838011741638,0.5409422516822815
155,76149,,,,,0.5016477704048157,0.7049862146377563,0.777671217918396,0.6047725677490234,,,,
155,76199,,,,,0.43767014145851135,0.7979303598403931,0.6817606091499329,0.4647975564002991,,,,
155,76249,,,,,0.41333267092704773,0.8171725869178772,0.6020711660385132,0.3624896705150604,,,,
155,76299,,,,,0.509655773639679,0.7844805717468262,0.7590457797050476,0.5761505365371704,,,,
155,76349,,,,,0.41757452487945557,0.7847843170166016,0.6475458741188049,0.4193156957626343,,,,
155,76399,,,,,0.45175883173942566,0.7789120078086853,0.6730329990386963,0.4529734253883362,,,,
155,76449,,,,,0.46632087230682373,0.8211719989776611,0.6701647043228149,0.4491207003593445,,,,
155,76499,,,,,0.40148383378982544,0.8512347936630249,0.5966044068336487,0.35593682527542114,,,,
155,76549,,,,,0.4346964359283447,0.8144938349723816,0.6523690819740295,0.42558538913726807,,,,
155,76595,,,,,,,,,0.4430839419364929,0.7549506425857544,0.7390351891517639,0.5502552390098572
156,76599,,,,,0.41924822330474854,0.841526448726654,0.6455217003822327,0.41669827699661255,,,,
156,76649,,,,,0.42553234100341797,0.7943004369735718,0.66107577085495,0.4370211362838745,,,,
156,76699,,,,,0.4441523849964142,0.7793244123458862,0.6631892919540405,0.4398200213909149,,,,
156,76749,,,,,0.417477011680603,0.8105261325836182,0.6475629806518555,0.41933780908584595,,,,
156,76799,,,,,0.4276352524757385,0.8553028106689453,0.6223495602607727,0.38731899857521057,,,,
156,76849,,,,,0.465351402759552,0.8027053475379944,0.7390498518943787,0.5461946725845337,,,,
156,76899,,,,,0.4292682409286499,0.8231135606765747,0.6286584734916687,0.39521148800849915,,,,
156,76949,,,,,0.4264650344848633,0.7910736799240112,0.6346069574356079,0.4027259945869446,,,,
156,76999,,,,,0.4440097212791443,0.8285353779792786,0.6737653613090515,0.45395976305007935,,,,
156,77049,,,,,0.5166354775428772,0.8269132375717163,0.8149957656860352,0.6642180681228638,,,,
156,77086,,,,,,,,,0.4419342875480652,0.7569329142570496,0.7364668250083923,0.546174943447113
157,77099,,,,,0.4767119288444519,0.8041043281555176,0.7160805463790894,0.5127713680267334,,,,
157,77149,,,,,0.4333518445491791,0.7897352576255798,0.6896715760231018,0.4756469130516052,,,,
157,77199,,,,,0.42462602257728577,0.7975641489028931,0.6652675271034241,0.4425808787345886,,,,
157,77249,,,,,0.473496675491333,0.7736980319023132,0.718254029750824,0.5158888697624207,,,,
157,77299,,,,,0.46684184670448303,0.7825876474380493,0.7273710370063782,0.5290685892105103,,,,
157,77349,,,,,0.5173240303993225,0.7398048043251038,0.7828949093818665,0.6129244565963745,,,,
157,77399,,,,,0.34785643219947815,0.8718172311782837,0.5204753875732422,0.2708946466445923,,,,
157,77449,,,,,0.42889663577079773,0.7908920645713806,0.639797568321228,0.40934091806411743,,,,
157,77499,,,,,0.45406612753868103,0.7690602540969849,0.7390536069869995,0.5462002754211426,,,,
157,77549,,,,,0.4463062286376953,0.7462630271911621,0.7261828780174255,0.5273416042327881,,,,
157,77577,,,,,,,,,0.4396209418773651,0.7571794986724854,0.7357246279716492,0.5451729893684387
158,77599,,,,,0.43417125940322876,0.8136773705482483,0.6481115221977234,0.4200485348701477,,,,
158,77649,,,,,0.47201257944107056,0.7487065196037292,0.7663324475288391,0.5872654318809509,,,,
158,77699,,,,,0.4389544725418091,0.8052988052368164,0.6599587202072144,0.43554553389549255,,,,
158,77749,,,,,0.47482621669769287,0.8011269569396973,0.7062673568725586,0.49881353974342346,,,,
158,77799,,,,,0.42139771580696106,0.814750075340271,0.6391928791999817,0.40856751799583435,,,,
158,77849,,,,,0.42043280601501465,0.8216733932495117,0.6321486234664917,0.3996118903160095,,,,
158,77899,,,,,0.42610716819763184,0.7957382202148438,0.6437525153160095,0.4144172668457031,,,,
158,77949,,,,,0.4580576717853546,0.7748302817344666,0.6862467527389526,0.47093456983566284,,,,
158,77999,,,,,0.4307817220687866,0.8338841199874878,0.647282063961029,0.41897404193878174,,,,
158,78049,,,,,0.45989057421684265,0.6455179452896118,0.7444596886634827,0.5542201995849609,,,,
158,78068,,,,,,,,,0.44220560789108276,0.7565212249755859,0.737234354019165,0.5473091006278992
159,78099,,,,,0.4899774491786957,0.7932156324386597,0.7226731181144714,0.5222564339637756,,,,
159,78149,,,,,0.4115478992462158,0.7727696895599365,0.6379655003547668,0.40700000524520874,,,,
159,78199,,,,,0.41184914112091064,0.844254732131958,0.6133872866630554,0.3762439489364624,,,,
159,78249,,,,,0.46035516262054443,0.8094260096549988,0.6778177618980408,0.45943692326545715,,,,
159,78299,,,,,0.44648730754852295,0.7761683464050293,0.6704562902450562,0.44951167702674866,,,,
159,78349,,,,,0.4382154047489166,0.7815515995025635,0.6674554347991943,0.44549673795700073,,,,
159,78399,,,,,0.4251728057861328,0.8160397410392761,0.6367279291152954,0.4054224491119385,,,,
159,78449,,,,,0.450391948223114,0.8208937644958496,0.6733600497245789,0.45341378450393677,,,,
159,78499,,,,,0.4505373239517212,0.8230616450309753,0.6816200613975525,0.4646058976650238,,,,
159,78549,,,,,0.44234809279441833,0.7960673570632935,0.6908131241798401,0.4772228002548218,,,,
159,78559,,,,,,,,,0.4364049434661865,0.7630671858787537,0.7277929186820984,0.5330517888069153
160,78599,,,,,0.41790440678596497,0.8432410955429077,0.6116284728050232,0.3740893602371216,,,,
160,78649,,,,,0.4519898593425751,0.8357285261154175,0.6307932734489441,0.39790016412734985,,,,
160,78699,,,,,0.5401194095611572,0.7809998393058777,0.757651150226593,0.5740352272987366,,,,
160,78749,,,,,0.46811962127685547,0.7925379276275635,0.7233160138130188,0.5231860876083374,,,,
160,78799,,,,,0.46656176447868347,0.7715611457824707,0.7677714824676514,0.5894730091094971,,,,
160,78849,,,,,0.4216725826263428,0.8168112635612488,0.6357336044311523,0.40415725111961365,,,,
160,78899,,,,,0.3951232433319092,0.8134186267852783,0.5959106683731079,0.3551095128059387,,,,
160,78949,,,,,0.4434473216533661,0.8047603964805603,0.7031591534614563,0.49443280696868896,,,,
160,78999,,,,,0.4167330861091614,0.8313425779342651,0.6268178224563599,0.39290058612823486,,,,
160,79049,,,,,0.46311670541763306,0.6711814403533936,0.7791408896446228,0.6070605516433716,,,,
160,79050,,,,,,,,,0.4373016357421875,0.7603511214256287,0.731257975101471,0.5385318398475647
161,79099,,,,,0.45383086800575256,0.7066339254379272,0.7395164966583252,0.5468846559524536,,,,
161,79149,,,,,0.38732996582984924,0.8221837878227234,0.5956052541732788,0.35474562644958496,,,,
161,79199,,,,,0.3959726095199585,0.8359250426292419,0.5885685086250305,0.34641286730766296,,,,
161,79249,,,,,0.4029473662376404,0.8335644006729126,0.6056020259857178,0.36675378680229187,,,,
161,79299,,,,,0.45749202370643616,0.796768844127655,0.6712624430656433,0.4505932927131653,,,,
161,79349,,,,,0.4636805057525635,0.7865005731582642,0.7077502608299255,0.5009104013442993,,,,
161,79399,,,,,0.48388731479644775,0.68390291929245,0.7548054456710815,0.5697312355041504,,,,
161,79449,,,,,0.4616377055644989,0.7197551131248474,0.7110087871551514,0.5055334568023682,,,,
161,79499,,,,,0.4292033612728119,0.8181644678115845,0.6142702102661133,0.37732791900634766,,,,
161,79541,,,,,,,,,0.4392768144607544,0.7609817385673523,0.7306299805641174,0.5374046564102173
162,79549,,,,,0.4715401530265808,0.8061084151268005,0.7027698755264282,0.49388548731803894,,,,
162,79599,,,,,0.38136911392211914,0.8715701699256897,0.5701113343238831,0.3250269293785095,,,,
162,79649,,,,,0.4555842876434326,0.7923641204833984,0.6973087191581726,0.4862394332885742,,,,
162,79699,,,,,0.39435967803001404,0.8354554772377014,0.5964067578315735,0.3557010293006897,,,,
162,79749,,,,,0.4346802532672882,0.7909741997718811,0.6497340798377991,0.42215433716773987,,,,
162,79799,,,,,0.460694283246994,0.7214730381965637,0.721432089805603,0.520464301109314,,,,
162,79849,,,,,0.39885836839675903,0.8077502250671387,0.6172801852226257,0.381034791469574,,,,
162,79899,,,,,0.4285777807235718,0.811008095741272,0.6262201070785522,0.3921516239643097,,,,
162,79949,,,,,0.43373337388038635,0.8178626298904419,0.6534473299980164,0.4269934296607971,,,,
162,79999,,,,,0.4005996286869049,0.7993670701980591,0.627943754196167,0.39431333541870117,,,,
162,80032,,,,,,,,,0.44575443863868713,0.7485505938529968,0.7483310103416443,0.5643200874328613
163,80049,,,,,0.4635111689567566,0.7678977847099304,0.7271721959114075,0.5287793874740601,,,,
163,80099,,,,,0.4698409140110016,0.7809431552886963,0.7047967314720154,0.496738463640213,,,,
163,80149,,,,,0.48036879301071167,0.7935632467269897,0.7217850685119629,0.5209736824035645,,,,
163,80199,,,,,0.4720437228679657,0.7839028835296631,0.7188729047775269,0.516778290271759,,,,
163,80249,,,,,0.4239819347858429,0.75020831823349,0.7019979357719421,0.49280112981796265,,,,
163,80299,,,,,0.414955735206604,0.8001682758331299,0.6549339294433594,0.42893844842910767,,,,
163,80349,,,,,0.4508455991744995,0.823641300201416,0.6849705576896667,0.46918466687202454,,,,
163,80399,,,,,0.4787623882293701,0.8067234754562378,0.703190803527832,0.4944773316383362,,,,
163,80449,,,,,0.5131124258041382,0.8142821788787842,0.7581795454025269,0.574836254119873,,,,
163,80499,,,,,0.446586012840271,0.7761149406433105,0.6798815131187439,0.4622388780117035,,,,
163,80523,,,,,,,,,0.43985071778297424,0.7599685788154602,0.7319057583808899,0.5394068360328674
164,80549,,,,,0.463295042514801,0.7947381734848022,0.6874013543128967,0.4725206196308136,,,,
164,80599,,,,,0.450003057718277,0.7797281742095947,0.6977223753929138,0.48681652545928955,,,,
164,80649,,,,,0.4165046215057373,0.8448078632354736,0.6261175870895386,0.3920232653617859,,,,
164,80699,,,,,0.4696325659751892,0.7999936938285828,0.7136533856391907,0.5093011260032654,,,,
164,80749,,,,,0.4246569275856018,0.816260576248169,0.6745230555534363,0.45498132705688477,,,,
164,80799,,,,,0.4736136794090271,0.7247087955474854,0.7307139039039612,0.5339428186416626,,,,
164,80849,,,,,0.4742897152900696,0.7927209138870239,0.758272111415863,0.5749766230583191,,,,
164,80899,,,,,0.418022096157074,0.8096965551376343,0.6545471549034119,0.42843198776245117,,,,
164,80949,,,,,0.4672418534755707,0.7309738397598267,0.7305334806442261,0.5336791276931763,,,,
164,80999,,,,,0.42117446660995483,0.7958590984344482,0.6704288125038147,0.4494748115539551,,,,
164,81014,,,,,,,,,0.4414687156677246,0.7630247473716736,0.727757453918457,0.5329358577728271
165,81049,,,,,0.403583288192749,0.8053569793701172,0.5982497930526733,0.3579028248786926,,,,
165,81099,,,,,0.42905622720718384,0.80635005235672,0.6734941601753235,0.4535943567752838,,,,
165,81149,,,,,0.4126526415348053,0.7754342555999756,0.6469626426696777,0.4185606837272644,,,,
165,81199,,,,,0.401152640581131,0.843855082988739,0.636172890663147,0.40471595525741577,,,,
165,81249,,,,,0.4697922468185425,0.773499608039856,0.7317969799041748,0.5355268120765686,,,,
165,81299,,,,,0.45642828941345215,0.7884589433670044,0.6924158930778503,0.47943976521492004,,,,
165,81349,,,,,0.4294431805610657,0.7937541604042053,0.6679806113243103,0.44619807600975037,,,,
165,81399,,,,,0.41671034693717957,0.8274041414260864,0.6480376720428467,0.4199528098106384,,,,
165,81449,,,,,0.43000125885009766,0.8153320550918579,0.6328465938568115,0.40049484372138977,,,,
165,81499,,,,,0.4558688998222351,0.7535201907157898,0.7146236300468445,0.5106869339942932,,,,
165,81505,,,,,,,,,0.440197616815567,0.7597699761390686,0.7322824001312256,0.5398089289665222
166,81549,,,,,0.46225476264953613,0.7700138688087463,0.7333359718322754,0.5377816557884216,,,,
166,81599,,,,,0.43206024169921875,0.7669777870178223,0.6236306428909302,0.38891518115997314,,,,
166,81649,,,,,0.43578726053237915,0.7436808347702026,0.704912006855011,0.4969009757041931,,,,
166,81699,,,,,0.4926793575286865,0.8188953995704651,0.7074281573295593,0.5004546046257019,,,,
166,81749,,,,,0.41617441177368164,0.8418642282485962,0.6097444295883179,0.37178826332092285,,,,
166,81799,,,,,0.4474514126777649,0.7617713212966919,0.7037407755851746,0.4952510595321655,,,,
166,81849,,,,,0.44719260931015015,0.8173810839653015,0.6847310066223145,0.4688565731048584,,,,
166,81899,,,,,0.4955942630767822,0.7329839468002319,0.7562565803527832,0.5719239711761475,,,,
166,81949,,,,,0.45753318071365356,0.7587437629699707,0.7591103315353394,0.5762485265731812,,,,
166,81996,,,,,,,,,0.4408085346221924,0.7624995708465576,0.7281785011291504,0.5336477160453796
167,81999,,,,,0.44005775451660156,0.765045166015625,0.6760467290878296,0.4570391774177551,,,,
167,82049,,,,,0.45545271039009094,0.7650808691978455,0.7437078356742859,0.5531013011932373,,,,
167,82099,,,,,0.4750533103942871,0.7790942192077637,0.7224351167678833,0.5219124555587769,,,,
167,82149,,,,,0.41915684938430786,0.802011251449585,0.6326491236686707,0.40024489164352417,,,,
167,82199,,,,,0.36602604389190674,0.8380811214447021,0.5755438208580017,0.33125069737434387,,,,
167,82249,,,,,0.4415817856788635,0.7743276953697205,0.7036508917808533,0.49512454867362976,,,,
167,82299,,,,,0.4551018476486206,0.7858688235282898,0.6956478357315063,0.48392587900161743,,,,
167,82349,,,,,0.4750349521636963,0.7586091756820679,0.7218787670135498,0.5211089849472046,,,,
167,82399,,,,,0.44997772574424744,0.7687082886695862,0.7461150288581848,0.556687593460083,,,,
167,82449,,,,,0.515150785446167,0.6139452457427979,0.7944479584693909,0.631147563457489,,,,
167,82487,,,,,,,,,0.4400591552257538,0.7617548108100891,0.7294374704360962,0.5354921817779541
168,82499,,,,,0.4446554183959961,0.7617549896240234,0.717629075050354,0.5149915218353271,,,,
168,82549,,,,,0.4476996660232544,0.7897430658340454,0.689638078212738,0.4756006598472595,,,,
168,82599,,,,,0.4331701993942261,0.8072859048843384,0.6461620330810547,0.41752535104751587,,,,
168,82649,,,,,0.4186038374900818,0.8337489366531372,0.6322187185287476,0.3997005224227905,,,,
168,82699,,,,,0.46485525369644165,0.7842429876327515,0.6924114227294922,0.4794335961341858,,,,
168,82749,,,,,0.4344469904899597,0.7941964864730835,0.6705307364463806,0.44961148500442505,,,,
168,82799,,,,,0.38377845287323,0.8387137055397034,0.5818227529525757,0.3385176956653595,,,,
168,82849,,,,,0.442207008600235,0.7155561447143555,0.718509316444397,0.5162556767463684,,,,
168,82899,,,,,0.42908143997192383,0.7695047855377197,0.6441231966018677,0.414894700050354,,,,
168,82949,,,,,0.39683669805526733,0.865621030330658,0.5896359086036682,0.3476704955101013,,,,
168,82978,,,,,,,,,0.4368332624435425,0.7590583562850952,0.7330669164657593,0.5411881804466248
169,82999,,,,,0.41446298360824585,0.8114947080612183,0.6368408203125,0.4055662453174591,,,,
169,83049,,,,,0.48229798674583435,0.807497501373291,0.6971388459205627,0.4860025942325592,,,,
169,83099,,,,,0.43055304884910583,0.8129743933677673,0.6503286361694336,0.4229273200035095,,,,
169,83149,,,,,0.471596896648407,0.7214037775993347,0.7152262926101685,0.511548638343811,,,,
169,83199,,,,,0.46039044857025146,0.82350754737854,0.6859504580497742,0.4705280065536499,,,,
169,83249,,,,,0.44178900122642517,0.8200832605361938,0.6501513719558716,0.4226968288421631,,,,
169,83299,,,,,0.4503666162490845,0.7569537162780762,0.6774442195892334,0.458930641412735,,,,
169,83349,,,,,0.44048741459846497,0.7987302541732788,0.6938815712928772,0.48147159814834595,,,,
169,83399,,,,,0.469485878944397,0.692552387714386,0.7579026818275452,0.5744165182113647,,,,
169,83449,,,,,0.46009284257888794,0.8374558091163635,0.6575057506561279,0.43231382966041565,,,,
169,83469,,,,,,,,,0.4380848705768585,0.7637203335762024,0.7264639139175415,0.5312197804450989
170,83499,,,,,0.4262440800666809,0.8130771517753601,0.6463999152183533,0.4178328216075897,,,,
170,83549,,,,,0.4258289039134979,0.8025640249252319,0.6545186638832092,0.4283946752548218,,,,
170,83599,,,,,0.42453867197036743,0.8372071981430054,0.6439661979675293,0.4146924912929535,,,,
170,83649,,,,,0.4482998251914978,0.7872834205627441,0.6791445016860962,0.46123725175857544,,,,
170,83699,,,,,0.41948238015174866,0.8008683919906616,0.7079111337661743,0.5011382102966309,,,,
170,83749,,,,,0.41414305567741394,0.8032308220863342,0.6331495046615601,0.40087828040122986,,,,
170,83799,,,,,0.42190438508987427,0.8240001797676086,0.6343598961830139,0.402412474155426,,,,
170,83849,,,,,0.40979236364364624,0.8028560280799866,0.5999179482460022,0.3599015772342682,,,,
170,83899,,,,,0.44366198778152466,0.7766871452331543,0.6933867931365967,0.4807852804660797,,,,
170,83949,,,,,0.3982410430908203,0.8211212158203125,0.6444014310836792,0.4152531921863556,,,,
170,83960,,,,,,,,,0.442872017621994,0.7521401643753052,0.7432136535644531,0.5565447211265564
171,83999,,,,,0.46201419830322266,0.7985836863517761,0.690018892288208,0.4761260747909546,,,,
171,84049,,,,,0.44746798276901245,0.7499491572380066,0.6744207143783569,0.45484328269958496,,,,
171,84099,,,,,0.4496782124042511,0.7991986870765686,0.6749224066734314,0.45552027225494385,,,,
171,84149,,,,,0.43792229890823364,0.8006600737571716,0.70012366771698,0.49017319083213806,,,,
171,84199,,,,,0.41350820660591125,0.8408594131469727,0.6114891767501831,0.3739190101623535,,,,
171,84249,,,,,0.44354790449142456,0.763914167881012,0.6708249449729919,0.45000606775283813,,,,
171,84299,,,,,0.4176381826400757,0.809673547744751,0.623670756816864,0.3889652490615845,,,,
171,84349,,,,,0.44828301668167114,0.8065732717514038,0.6832569241523743,0.466839998960495,,,,
171,84399,,,,,0.40565434098243713,0.8481667041778564,0.6225423216819763,0.3875589072704315,,,,
171,84449,,,,,0.45297670364379883,0.7906176447868347,0.6517006754875183,0.42471379041671753,,,,
171,84451,,,,,,,,,0.4451625943183899,0.7628511190414429,0.7283132076263428,0.533578634262085
172,84499,,,,,0.40302687883377075,0.847112774848938,0.5938074588775635,0.3526073098182678,,,,
172,84549,,,,,0.43174636363983154,0.7683619260787964,0.6897702217102051,0.47578293085098267,,,,
172,84599,,,,,0.43483152985572815,0.7964732646942139,0.6837886571884155,0.46756696701049805,,,,
172,84649,,,,,0.4353746771812439,0.8123663663864136,0.6708810925483704,0.450081467628479,,,,
172,84699,,,,,0.45930415391921997,0.7245187759399414,0.7798590660095215,0.6081801652908325,,,,
172,84749,,,,,0.4734269678592682,0.7623715996742249,0.7270417809486389,0.5285897254943848,,,,
172,84799,,,,,0.4297391176223755,0.7154823541641235,0.7052217721939087,0.4973377585411072,,,,
172,84849,,,,,0.4405553936958313,0.836597204208374,0.6598317623138428,0.43537795543670654,,,,
172,84899,,,,,0.3748150169849396,0.8086801171302795,0.561276376247406,0.31503117084503174,,,,
172,84942,,,,,,,,,0.4377855062484741,0.761242687702179,0.7301524877548218,0.5366129875183105
173,84949,,,,,0.420943021774292,0.8073168396949768,0.6402289271354675,0.40989309549331665,,,,
173,84999,,,,,0.45849817991256714,0.8308071494102478,0.6978238821029663,0.4869581460952759,,,,
173,85049,,,,,0.39341631531715393,0.8305697441101074,0.5856190919876099,0.3429497480392456,,,,
173,85099,,,,,0.4455249309539795,0.8024962544441223,0.6805405616760254,0.46313542127609253,,,,
173,85149,,,,,0.38931238651275635,0.8331806063652039,0.6026813387870789,0.3632247745990753,,,,
173,85199,,,,,0.3783058226108551,0.8622728586196899,0.5753065347671509,0.3309776186943054,,,,
173,85249,,,,,0.42534828186035156,0.7713037729263306,0.6697741150856018,0.44859737157821655,,,,
173,85299,,,,,0.4319879412651062,0.7611849308013916,0.6990856528282166,0.48872071504592896,,,,
173,85349,,,,,0.4304036796092987,0.827653169631958,0.630121111869812,0.3970526456832886,,,,
173,85399,,,,,0.43992406129837036,0.7756054401397705,0.6849544644355774,0.46916264295578003,,,,
173,85433,,,,,,,,,0.44131436944007874,0.7588023543357849,0.7338092923164368,0.5422250628471375
174,85449,,,,,0.46656978130340576,0.7110017538070679,0.782189667224884,0.6118206977844238,,,,
174,85499,,,,,0.40021008253097534,0.8610438108444214,0.5725016593933105,0.32775813341140747,,,,
174,85549,,,,,0.4448930621147156,0.8292815685272217,0.660992443561554,0.43691104650497437,,,,
174,85599,,,,,0.42357367277145386,0.7136881351470947,0.6814809441566467,0.4644162654876709,,,,
174,85649,,,,,0.40650832653045654,0.8008302450180054,0.6699556112289429,0.44884055852890015,,,,
174,85699,,,,,0.412824809551239,0.8411985039710999,0.6067371964454651,0.36813005805015564,,,,
174,85749,,,,,0.4387876093387604,0.786175012588501,0.6803367733955383,0.462858110666275,,,,
174,85799,,,,,0.4148200750350952,0.797964334487915,0.6292252540588379,0.3959243893623352,,,,
174,85849,,,,,0.45251697301864624,0.7689611315727234,0.736765444278717,0.542823314666748,,,,
174,85899,,,,,0.4777355492115021,0.7409384846687317,0.7767173051834106,0.603289783000946,,,,
174,85924,,,,,,,,,0.434950590133667,0.7620877623558044,0.7288118600845337,0.5348683595657349
175,85949,,,,,0.4093005657196045,0.8549346923828125,0.5943845510482788,0.3532930016517639,,,,
175,85999,,,,,0.4552820920944214,0.8249691724777222,0.6767730712890625,0.4580218195915222,,,,
175,86049,,,,,0.4228873550891876,0.7326961755752563,0.7135778069496155,0.5091933012008667,,,,
175,86099,,,,,0.47562065720558167,0.7801746129989624,0.7475969195365906,0.5589011907577515,,,,
175,86149,,,,,0.4234795570373535,0.8029367327690125,0.6430121064186096,0.41346460580825806,,,,
175,86199,,,,,0.41299402713775635,0.8076509833335876,0.6266225576400757,0.3926558494567871,,,,
175,86249,,,,,0.4271155595779419,0.7817486524581909,0.6919370889663696,0.4787769019603729,,,,
175,86299,,,,,0.44496750831604004,0.7604253888130188,0.6768289804458618,0.4580974876880646,,,,
175,86349,,,,,0.43136292695999146,0.7914408445358276,0.650895357131958,0.42366474866867065,,,,
175,86399,,,,,0.3902919292449951,0.8303170800209045,0.6223750114440918,0.3873506486415863,,,,
175,86415,,,,,,,,,0.4371495544910431,0.7600944638252258,0.7315118908882141,0.5389226675033569
176,86449,,,,,0.47655588388442993,0.7723935842514038,0.7420547604560852,0.5506452322006226,,,,
176,86499,,,,,0.4347802996635437,0.7823678255081177,0.6847255229949951,0.4688490629196167,,,,
176,86549,,,,,0.45216670632362366,0.7930243015289307,0.7045302987098694,0.49636292457580566,,,,
176,86599,,,,,0.41698968410491943,0.8193502426147461,0.6352576613426208,0.4035523235797882,,,,
176,86649,,,,,0.4567638039588928,0.7874835133552551,0.7023943662643433,0.4933578372001648,,,,
176,86699,,,,,0.4348580241203308,0.8181830644607544,0.6605858206748962,0.43637359142303467,,,,
176,86749,,,,,0.44187188148498535,0.7444396018981934,0.7007734775543213,0.4910835027694702,,,,
176,86799,,,,,0.4364561140537262,0.8116081953048706,0.6483933925628662,0.4204139709472656,,,,
176,86849,,,,,0.4946700930595398,0.7780134081840515,0.7148914337158203,0.5110697746276855,,,,
176,86899,,,,,0.4119359254837036,0.8221120238304138,0.6215065121650696,0.3862703740596771,,,,
176,86906,,,,,,,,,0.44234272837638855,0.7632040977478027,0.7275285720825195,0.5326724648475647
177,86949,,,,,0.4855605363845825,0.7880824208259583,0.707409143447876,0.5004277229309082,,,,
177,86999,,,,,0.43751201033592224,0.7689533233642578,0.6963112950325012,0.48484939336776733,,,,
177,87049,,,,,0.45634469389915466,0.804416298866272,0.6922115087509155,0.4791567921638489,,,,
177,87099,,,,,0.42450815439224243,0.7813737988471985,0.6530230045318604,0.4264390468597412,,,,
177,87149,,,,,0.43718910217285156,0.7899826169013977,0.6560006737709045,0.4303368926048279,,,,
177,87199,,,,,0.45190197229385376,0.7364070415496826,0.7056372165679932,0.4979238510131836,,,,
177,87249,,,,,0.39809924364089966,0.8725907206535339,0.573255717754364,0.32862210273742676,,,,
177,87299,,,,,0.41438478231430054,0.8120418787002563,0.6337117552757263,0.40159061551094055,,,,
177,87349,,,,,0.42839571833610535,0.7836065888404846,0.67601078748703,0.4569905996322632,,,,
177,87397,,,,,,,,,0.4420410394668579,0.7641797661781311,0.7263846397399902,0.5305842757225037
178,87399,,,,,0.4832359850406647,0.8163027167320251,0.7034010291099548,0.4947730302810669,,,,
178,87449,,,,,0.44593197107315063,0.8228487968444824,0.6646934151649475,0.44181734323501587,,,,
178,87499,,,,,0.4400290846824646,0.8375678062438965,0.6620687246322632,0.43833497166633606,,,,
178,87549,,,,,0.4160202741622925,0.796826958656311,0.59402996301651,0.3528715670108795,,,,
178,87599,,,,,0.4377051591873169,0.8510564565658569,0.6681941747665405,0.4464834928512573,,,,
178,87649,,,,,0.42080962657928467,0.7685583829879761,0.7150412797927856,0.5112840533256531,,,,
178,87699,,,,,0.4320600628852844,0.7996260523796082,0.6466971039772034,0.41821718215942383,,,,
178,87749,,,,,0.43129122257232666,0.8257550001144409,0.6441925168037415,0.41498398780822754,,,,
178,87799,,,,,0.4832569360733032,0.7371314167976379,0.7745567560195923,0.5999382138252258,,,,
178,87849,,,,,0.444706529378891,0.7589311599731445,0.6874188184738159,0.4725446105003357,,,,
178,87888,,,,,,,,,0.4379200041294098,0.7636578679084778,0.7269831895828247,0.5317888855934143
179,87899,,,,,0.4389922618865967,0.8066689372062683,0.6328754425048828,0.4005313515663147,,,,
179,87949,,,,,0.4790799617767334,0.7839264869689941,0.7262508869171143,0.5274403095245361,,,,
179,87999,,,,,0.4462791979312897,0.8161001205444336,0.6575102806091309,0.4323197603225708,,,,
179,88049,,,,,0.4947271943092346,0.773785412311554,0.7459318041801453,0.5564142465591431,,,,
179,88099,,,,,0.41705644130706787,0.8117882013320923,0.6121494174003601,0.37472692131996155,,,,
179,88149,,,,,0.39406728744506836,0.8433701992034912,0.6047005653381348,0.36566275358200073,,,,
179,88199,,,,,0.4394853115081787,0.7171319723129272,0.8309839367866516,0.6905342936515808,,,,
179,88249,,,,,0.4204535484313965,0.7911766171455383,0.6868029236793518,0.4716982841491699,,,,
179,88299,,,,,0.46519261598587036,0.7331696152687073,0.7523800134658813,0.5660756826400757,,,,
179,88349,,,,,0.37507882714271545,0.8560732007026672,0.5501856803894043,0.3027043044567108,,,,
179,88379,,,,,,,,,0.44074714183807373,0.7590910792350769,0.7331804037094116,0.5412998199462891
180,88399,,,,,0.49748873710632324,0.7958006858825684,0.7407492995262146,0.548709511756897,,,,
180,88449,,,,,0.42544934153556824,0.7912313938140869,0.6863313913345337,0.47105076909065247,,,,
180,88499,,,,,0.47937923669815063,0.7854225039482117,0.7201993465423584,0.5186871290206909,,,,
180,88549,,,,,0.4073362946510315,0.826323390007019,0.6157755255699158,0.3791794776916504,,,,
180,88599,,,,,0.4934872090816498,0.7856380939483643,0.7591634392738342,0.5763291120529175,,,,
180,88649,,,,,0.3957769274711609,0.8377484083175659,0.5929340720176697,0.35157084465026855,,,,
180,88699,,,,,0.41112393140792847,0.7683197855949402,0.6942707300186157,0.4820118546485901,,,,
180,88749,,,,,0.44297319650650024,0.810787558555603,0.6959787011146545,0.4843863844871521,,,,
180,88799,,,,,0.39828044176101685,0.8248807787895203,0.6183021664619446,0.3822975754737854,,,,
180,88849,,,,,0.430938184261322,0.8161810040473938,0.6341655850410461,0.4021660089492798,,,,
180,88870,,,,,,,,,0.4381144940853119,0.7627082467079163,0.7278478741645813,0.5333633422851562
181,88899,,,,,0.4558131694793701,0.8416215181350708,0.6920419335365295,0.4789220690727234,,,,
181,88949,,,,,0.4317106306552887,0.7937359809875488,0.658952534198761,0.4342184364795685,,,,
181,88999,,,,,0.4600260853767395,0.8291316628456116,0.7020941972732544,0.49293622374534607,,,,
181,89049,,,,,0.4729471206665039,0.8055955767631531,0.7058457136154175,0.4982181787490845,,,,
181,89099,,,,,0.4554232954978943,0.7886738777160645,0.6913241147994995,0.4779290556907654,,,,
181,89149,,,,,0.40888530015945435,0.8302630186080933,0.6140274405479431,0.377029687166214,,,,
181,89199,,,,,0.38600221276283264,0.8648668527603149,0.5681942701339722,0.3228447437286377,,,,
181,89249,,,,,0.4765896201133728,0.7370298504829407,0.7401981353759766,0.5478932857513428,,,,
181,89299,,,,,0.4089663028717041,0.8466484546661377,0.6106281280517578,0.3728667199611664,,,,
181,89349,,,,,0.43389278650283813,0.8094872832298279,0.6458278894424438,0.4170936942100525,,,,
181,89361,,,,,,,,,0.44080737233161926,0.7545981407165527,0.7395557761192322,0.5509164333343506
182,89399,,,,,0.4674110412597656,0.8003169894218445,0.7242317199707031,0.5245115756988525,,,,
182,89449,,,,,0.4064154028892517,0.804276168346405,0.6397407650947571,0.40926826000213623,,,,
182,89499,,,,,0.45541369915008545,0.8216116428375244,0.6385704278945923,0.4077721834182739,,,,
182,89549,,,,,0.41436201333999634,0.8527202606201172,0.6167297959327698,0.3803556263446808,,,,
182,89599,,,,,0.4398672580718994,0.7752368450164795,0.6797834038734436,0.4621054530143738,,,,
182,89649,,,,,0.4144730567932129,0.8354251384735107,0.6308601498603821,0.3979845643043518,,,,
182,89699,,,,,0.4373812675476074,0.7666207551956177,0.7244988679885864,0.5248986482620239,,,,
182,89749,,,,,0.4041781425476074,0.8258623480796814,0.6248564720153809,0.3904455900192261,,,,
182,89799,,,,,0.4630330801010132,0.7493383884429932,0.7184655666351318,0.5161927342414856,,,,
182,89849,,,,,0.45108646154403687,0.808413565158844,0.6658231019973755,0.4433204233646393,,,,
182,89852,,,,,,,,,0.43887996673583984,0.758411169052124,0.7337759733200073,0.5423834919929504
183,89899,,,,,0.45143401622772217,0.7504988312721252,0.7027856111526489,0.493907630443573,,,,
183,89949,,,,,0.489692360162735,0.7196776866912842,0.768929123878479,0.5912520289421082,,,,
183,89999,,,,,0.3929995894432068,0.8270096778869629,0.5989421606063843,0.3587316870689392,,,,
183,90049,,,,,0.393987238407135,0.8489492535591125,0.5863854289054871,0.3438479006290436,,,,
183,90099,,,,,0.38089847564697266,0.8326694965362549,0.5919259786605835,0.35037633776664734,,,,
183,90149,,,,,0.3978221118450165,0.8313378095626831,0.6192421317100525,0.3834608495235443,,,,
183,90199,,,,,0.4449962377548218,0.7382477521896362,0.7107101678848267,0.5051089525222778,,,,
183,90249,,,,,0.45543017983436584,0.7371736764907837,0.7306957840919495,0.5339162945747375,,,,
183,90299,,,,,0.4663403630256653,0.7369899749755859,0.7675002217292786,0.5890565514564514,,,,
183,90343,,,,,,,,,0.43707361817359924,0.7643483877182007,0.7256779670715332,0.5299779772758484
184,90349,,,,,0.39505839347839355,0.8194502592086792,0.5812978148460388,0.3379071354866028,,,,
184,90399,,,,,0.42145389318466187,0.8115521669387817,0.6731513738632202,0.4531328082084656,,,,
184,90449,,,,,0.41927504539489746,0.7825485467910767,0.6444476246833801,0.4153127670288086,,,,
184,90499,,,,,0.3908572494983673,0.8588271141052246,0.5665376782417297,0.3209649622440338,,,,
184,90549,,,,,0.4778944253921509,0.7519910335540771,0.7469502091407776,0.557934582233429,,,,
184,90599,,,,,0.44899559020996094,0.7282022833824158,0.709942638874054,0.5040185451507568,,,,
184,90649,,,,,0.4288501739501953,0.8418095707893372,0.63681960105896,0.40553921461105347,,,,
184,90699,,,,,0.39711374044418335,0.7920695543289185,0.6349280476570129,0.4031336009502411,,,,
184,90749,,,,,0.42304331064224243,0.8051761388778687,0.655367374420166,0.42950639128685,,,,
184,90799,,,,,0.48063015937805176,0.7314419746398926,0.7664662003517151,0.5874704122543335,,,,
184,90834,,,,,,,,,0.4362615644931793,0.7619101405143738,0.7292472720146179,0.5352606177330017
185,90849,,,,,0.5025488138198853,0.7479214668273926,0.7754577398300171,0.6013346910476685,,,,
185,90899,,,,,0.508813738822937,0.7972803115844727,0.751665472984314,0.5650009512901306,,,,
185,90949,,,,,0.3882431387901306,0.8111931085586548,0.6379199028015137,0.40694180130958557,,,,
185,90999,,,,,0.3950241208076477,0.8378068804740906,0.6145024299621582,0.37761321663856506,,,,
185,91049,,,,,0.4047757685184479,0.8569638729095459,0.6034168601036072,0.36411190032958984,,,,
185,91099,,,,,0.3984167277812958,0.8079361319541931,0.6092239022254944,0.37115374207496643,,,,
185,91149,,,,,0.4383556842803955,0.7275357842445374,0.6819888949394226,0.46510884165763855,,,,
185,91199,,,,,0.45065152645111084,0.7947306632995605,0.678508460521698,0.46037372946739197,,,,
185,91249,,,,,0.418520450592041,0.8263542652130127,0.6203768253326416,0.3848673701286316,,,,
185,91299,,,,,0.5038121342658997,0.7640013694763184,0.7552778720855713,0.5704447031021118,,,,
185,91325,,,,,,,,,0.43866148591041565,0.7634084224700928,0.7270153164863586,0.5318687558174133
186,91349,,,,,0.4304906725883484,0.7855567932128906,0.6533617973327637,0.4268816113471985,,,,
186,91399,,,,,0.43078428506851196,0.8096526265144348,0.636584997177124,0.4052404463291168,,,,
186,91449,,,,,0.41434040665626526,0.781663715839386,0.6351525187492371,0.40341871976852417,,,,
186,91499,,,,,0.4655207693576813,0.8213906288146973,0.6838437914848328,0.46764233708381653,,,,
186,91549,,,,,0.4259621500968933,0.7971509695053101,0.6470231413841248,0.4186389446258545,,,,
186,91599,,,,,0.40227827429771423,0.8596932888031006,0.5922904014587402,0.35080790519714355,,,,
186,91649,,,,,0.4804181754589081,0.6324456334114075,0.7718966603279114,0.5958244800567627,,,,
186,91699,,,,,0.401645302772522,0.7490711212158203,0.6885166764259338,0.4740552306175232,,,,
186,91749,,,,,0.47908931970596313,0.6365400552749634,0.8461766242980957,0.7160148620605469,,,,
186,91799,,,,,0.4106600880622864,0.7930346131324768,0.6252740025520325,0.39096754789352417,,,,
186,91816,,,,,,,,,0.4448321461677551,0.7612462043762207,0.7309967875480652,0.5374716520309448
187,91849,,,,,0.43859636783599854,0.7726645469665527,0.6743841171264648,0.45479390025138855,,,,
187,91899,,,,,0.4693211317062378,0.7454437017440796,0.755092203617096,0.5701642036437988,,,,
187,91949,,,,,0.408779114484787,0.7798753380775452,0.6557109355926514,0.42995685338974,,,,
187,91999,,,,,0.4742385447025299,0.8264793753623962,0.6939934492111206,0.48162686824798584,,,,
187,92049,,,,,0.38948073983192444,0.8478793501853943,0.6155910491943359,0.3789523243904114,,,,
187,92099,,,,,0.4565134644508362,0.8245667219161987,0.6450162529945374,0.4160459637641907,,,,
187,92149,,,,,0.46186989545822144,0.8102493286132812,0.6843233108520508,0.46829840540885925,,,,
187,92199,,,,,0.4143678545951843,0.8306930661201477,0.6587530970573425,0.43395566940307617,,,,
187,92249,,,,,0.41076019406318665,0.8045069575309753,0.6242038607597351,0.38963043689727783,,,,
187,92299,,,,,0.417716383934021,0.7382361888885498,0.66478031873703,0.4419328570365906,,,,
187,92307,,,,,,,,,0.43995895981788635,0.7621365189552307,0.7286770343780518,0.5344889163970947
188,92349,,,,,0.496690958738327,0.6782326698303223,0.8298348188400269,0.6886258721351624,,,,
188,92399,,,,,0.3960177004337311,0.800525426864624,0.6137276291847229,0.37666159868240356,,,,
188,92449,,,,,0.4622018337249756,0.7048531770706177,0.7533038854598999,0.5674667358398438,,,,
188,92499,,,,,0.4397265613079071,0.785672664642334,0.7220135927200317,0.5213035941123962,,,,
188,92549,,,,,0.4985515773296356,0.8107194900512695,0.7392796874046326,0.5465344190597534,,,,
188,92599,,,,,0.4162307381629944,0.787966251373291,0.6696881055831909,0.4484821557998657,,,,
188,92649,,,,,0.4164150059223175,0.8238100409507751,0.6409743428230286,0.41084811091423035,,,,
188,92699,,,,,0.4688686430454254,0.7862932682037354,0.7536289095878601,0.5679565072059631,,,,
188,92749,,,,,0.4323027431964874,0.8126803636550903,0.6613100171089172,0.437330961227417,,,,
188,92798,,,,,,,,,0.4359701871871948,0.7591857314109802,0.7327689528465271,0.5408489108085632
189,92799,,,,,0.41959771513938904,0.7598466873168945,0.6948248744010925,0.4827815890312195,,,,
189,92849,,,,,0.4274667501449585,0.7722851634025574,0.6965691447257996,0.48520857095718384,,,,
189,92899,,,,,0.4277906119823456,0.7861238121986389,0.6853442788124084,0.4696968197822571,,,,
189,92949,,,,,0.39195579290390015,0.8258205652236938,0.5991774797439575,0.3590136170387268,,,,
189,92999,,,,,0.4576416015625,0.7860001921653748,0.6816216707229614,0.4646080732345581,,,,
189,93049,,,,,0.42112642526626587,0.8148930072784424,0.6348074674606323,0.4029805362224579,,,,
189,93099,,,,,0.42358464002609253,0.820986270904541,0.6538811326026917,0.42756056785583496,,,,
189,93149,,,,,0.38472849130630493,0.8503571152687073,0.5601081848144531,0.3137211799621582,,,,
189,93199,,,,,0.43087708950042725,0.7741459608078003,0.7235722541809082,0.5235568284988403,,,,
189,93249,,,,,0.46098536252975464,0.7371463775634766,0.7338886857032776,0.5385926365852356,,,,
189,93289,,,,,,,,,0.4387946128845215,0.7594852447509766,0.7325670123100281,0.5403199791908264
190,93299,,,,,0.42291826009750366,0.7958533763885498,0.6602897644042969,0.4359825849533081,,,,
190,93349,,,,,0.4796477258205414,0.7230676412582397,0.7856022119522095,0.6171708703041077,,,,
190,93399,,,,,0.41869547963142395,0.8065309524536133,0.6489418745040894,0.4211255609989166,,,,
190,93449,,,,,0.3708775043487549,0.889187753200531,0.5538167357444763,0.3067129850387573,,,,
190,93499,,,,,0.4771479368209839,0.7958803176879883,0.717881441116333,0.5153537392616272,,,,
190,93549,,,,,0.450775682926178,0.7745605707168579,0.7033514976501465,0.4947032928466797,,,,
190,93599,,,,,0.46423739194869995,0.6667101383209229,0.7368201613426208,0.5429039597511292,,,,
190,93649,,,,,0.37964293360710144,0.859589695930481,0.5691997408866882,0.3239883780479431,,,,
190,93699,,,,,0.48756542801856995,0.6922203898429871,0.731623113155365,0.5352724194526672,,,,
190,93749,,,,,0.4696853756904602,0.7777127027511597,0.690442681312561,0.47671109437942505,,,,
190,93780,,,,,,,,,0.4405648112297058,0.7538596391677856,0.7406005859375,0.5526936054229736
191,93799,,,,,0.4691702425479889,0.7320817708969116,0.7357719540596008,0.5413603782653809,,,,
191,93849,,,,,0.4852086901664734,0.7908799648284912,0.7200227379798889,0.5184327363967896,,,,
191,93899,,,,,0.39549386501312256,0.8521707057952881,0.604656994342804,0.3656100630760193,,,,
191,93949,,,,,0.4366486370563507,0.8089693784713745,0.6623547673225403,0.43871384859085083,,,,
191,93999,,,,,0.4610246419906616,0.7115099430084229,0.7513275146484375,0.5644930601119995,,,,
191,94049,,,,,0.40630847215652466,0.7849212884902954,0.6214710474014282,0.38622623682022095,,,,
191,94099,,,,,0.46252021193504333,0.8139634728431702,0.7103287577629089,0.5045669078826904,,,,
191,94149,,,,,0.42603057622909546,0.7760671973228455,0.6898970007896423,0.4759579002857208,,,,
191,94199,,,,,0.5168297290802002,0.7883903384208679,0.7781877517700195,0.60557621717453,,,,
191,94249,,,,,0.3952469825744629,0.7998716831207275,0.6487205028533936,0.420838326215744,,,,
191,94271,,,,,,,,,0.43778863549232483,0.7616098523139954,0.7295472621917725,0.5357151031494141
192,94299,,,,,0.4220159649848938,0.7905644178390503,0.6857727766036987,0.47028428316116333,,,,
192,94349,,,,,0.4123455286026001,0.7930556535720825,0.6301971673965454,0.397148460149765,,,,
192,94399,,,,,0.44067996740341187,0.7747266292572021,0.7290305495262146,0.5314855575561523,,,,
192,94449,,,,,0.4635789394378662,0.750458300113678,0.7443986535072327,0.5541293621063232,,,,
192,94499,,,,,0.5212644338607788,0.7520451545715332,0.8056502938270569,0.6490724086761475,,,,
192,94549,,,,,0.37386268377304077,0.817259669303894,0.5971881151199341,0.35663363337516785,,,,
192,94599,,,,,0.5166369676589966,0.7480502128601074,0.7822145223617554,0.6118595600128174,,,,
192,94649,,,,,0.5097188949584961,0.7964430451393127,0.7450781464576721,0.5551414489746094,,,,
192,94699,,,,,0.37878847122192383,0.8493537902832031,0.5569376349449158,0.3101795017719269,,,,
192,94749,,,,,0.442752867937088,0.7932128310203552,0.6782518625259399,0.4600255787372589,,,,
192,94762,,,,,,,,,0.4381621479988098,0.7590072751045227,0.7334057092666626,0.5415552854537964
193,94799,,,,,0.4079977571964264,0.8143361806869507,0.63551265001297,0.4038763642311096,,,,
193,94849,,,,,0.4355419874191284,0.7889982461929321,0.6342652440071106,0.4022923707962036,,,,
193,94899,,,,,0.42325034737586975,0.8263572454452515,0.653681218624115,0.4272991120815277,,,,
193,94949,,,,,0.42409926652908325,0.8547027111053467,0.614663302898407,0.3778109550476074,,,,
193,94999,,,,,0.4538460969924927,0.7865639925003052,0.7044580578804016,0.4962611198425293,,,,
193,95049,,,,,0.4436955153942108,0.7595075368881226,0.6719033718109131,0.45145416259765625,,,,
193,95099,,,,,0.3616294860839844,0.8652776479721069,0.5418350100517273,0.2935851812362671,,,,
193,95149,,,,,0.4003295302391052,0.8201442360877991,0.5910969972610474,0.3493956923484802,,,,
193,95199,,,,,0.44431254267692566,0.7920337319374084,0.7103217840194702,0.5045570135116577,,,,
193,95249,,,,,0.49399709701538086,0.7696235179901123,0.7286790609359741,0.5309731960296631,,,,
193,95253,,,,,,,,,0.4367068111896515,0.7613700032234192,0.7299487590789795,0.5362821221351624
194,95299,,,,,0.42385390400886536,0.7782275676727295,0.636125385761261,0.4046555161476135,,,,
194,95349,,,,,0.4081120193004608,0.821985125541687,0.6155629754066467,0.3789178133010864,,,,
194,95399,,,,,0.5109595060348511,0.7944966554641724,0.7532991170883179,0.5674595832824707,,,,
194,95449,,,,,0.4284772276878357,0.8010902404785156,0.6530654430389404,0.4264944791793823,,,,
194,95499,,,,,0.3933662474155426,0.8637620806694031,0.5612103939056396,0.3149570822715759,,,,
194,95549,,,,,0.4080553650856018,0.8483718633651733,0.5927707552909851,0.3513771891593933,,,,
194,95599,,,,,0.4765773415565491,0.7472813129425049,0.7249880433082581,0.525607705116272,,,,
194,95649,,,,,0.4133645296096802,0.8114649057388306,0.6461219787597656,0.4174736440181732,,,,
194,95699,,,,,0.4230135679244995,0.8155379891395569,0.6502938270568848,0.4228820502758026,,,,
194,95744,,,,,,,,,0.4387892484664917,0.7567803859710693,0.7363329529762268,0.5460292100906372
195,95749,,,,,0.43197181820869446,0.804658055305481,0.6516209244728088,0.42460983991622925,,,,
195,95799,,,,,0.4705919623374939,0.7973676323890686,0.70806884765625,0.5013614892959595,,,,
195,95849,,,,,0.49112963676452637,0.623863697052002,0.801598072052002,0.6425594687461853,,,,
195,95899,,,,,0.46949124336242676,0.8089368343353271,0.7029188275337219,0.4940948784351349,,,,
195,95949,,,,,0.47001218795776367,0.7259723544120789,0.7483730316162109,0.5600622296333313,,,,
195,95999,,,,,0.4014950096607208,0.8390271663665771,0.604275643825531,0.3651490807533264,,,,
195,96049,,,,,0.43219414353370667,0.8118020296096802,0.6349787712097168,0.4031980335712433,,,,
195,96099,,,,,0.3228352963924408,0.8823012113571167,0.4831222891807556,0.2334071397781372,,,,
195,96149,,,,,0.4115599989891052,0.8040461540222168,0.6167489886283875,0.3803793489933014,,,,
195,96199,,,,,0.4684784412384033,0.7601622939109802,0.7414674758911133,0.5497740507125854,,,,
195,96235,,,,,,,,,0.43956947326660156,0.7634009718894958,0.7272371053695679,0.5320124626159668
196,96249,,,,,0.45699596405029297,0.8272495865821838,0.6661447882652283,0.4437488913536072,,,,
196,96299,,,,,0.4410412907600403,0.8386633992195129,0.6555657982826233,0.4297665059566498,,,,
196,96349,,,,,0.46633630990982056,0.7956209182739258,0.6897669434547424,0.47577840089797974,,,,
196,96399,,,,,0.40863099694252014,0.8237141370773315,0.6374269127845764,0.40631303191185,,,,
196,96449,,,,,0.4197564721107483,0.8167321681976318,0.6550273895263672,0.4290609061717987,,,,
196,96499,,,,,0.4511292576789856,0.7525009512901306,0.66716468334198,0.44510868191719055,,,,
196,96549,,,,,0.4511982202529907,0.797989010810852,0.6531522870063782,0.4266079068183899,,,,
196,96599,,,,,0.45800983905792236,0.7869524359703064,0.7044909596443176,0.49630752205848694,,,,
196,96649,,,,,0.4536120891571045,0.7343961000442505,0.7098497152328491,0.5038866400718689,,,,
196,96699,,,,,0.3614042401313782,0.8506125211715698,0.5823953747749329,0.33918440341949463,,,,
196,96726,,,,,,,,,0.43622887134552,0.763241171836853,0.7271382212638855,0.5321195721626282
197,96749,,,,,0.4029087424278259,0.8365540504455566,0.596346914768219,0.3556296229362488,,,,
197,96799,,,,,0.4504625201225281,0.8136507868766785,0.693403959274292,0.4808090329170227,,,,
197,96849,,,,,0.4606786370277405,0.8267687559127808,0.6831188201904297,0.4666512906551361,,,,
197,96899,,,,,0.42342424392700195,0.7859151363372803,0.6328187584877014,0.40045955777168274,,,,
197,96949,,,,,0.4287540018558502,0.8119522333145142,0.6392980813980103,0.40870201587677,,,,
197,96999,,,,,0.471146821975708,0.7321305871009827,0.7167680859565735,0.513756513595581,,,,
197,97049,,,,,0.4276818037033081,0.8333062529563904,0.6047329902648926,0.36570197343826294,,,,
197,97099,,,,,0.4299417734146118,0.826561689376831,0.6209863424301147,0.3856240212917328,,,,
197,97149,,,,,0.40549811720848083,0.796747088432312,0.6446376442909241,0.4155576825141907,,,,
197,97199,,,,,0.3829335570335388,0.8207083940505981,0.584411084651947,0.34153634309768677,,,,
197,97217,,,,,,,,,0.43743038177490234,0.761263906955719,0.7298621535301208,0.5364543795585632
198,97249,,,,,0.39236563444137573,0.818903923034668,0.6112684607505798,0.37364915013313293,,,,
198,97299,,,,,0.4948207139968872,0.7490067481994629,0.7498584985733032,0.5622878074645996,,,,
198,97349,,,,,0.4600738286972046,0.7639602422714233,0.7034717798233032,0.494872510433197,,,,
198,97399,,,,,0.4262270927429199,0.8375536799430847,0.652995228767395,0.426402747631073,,,,
198,97449,,,,,0.4887373447418213,0.7403497695922852,0.7695692777633667,0.5922368764877319,,,,
198,97499,,,,,0.4381282329559326,0.8276094198226929,0.6665258407592773,0.4442567229270935,,,,
198,97549,,,,,0.41959089040756226,0.7820915579795837,0.6655550003051758,0.44296348094940186,,,,
198,97599,,,,,0.402675986289978,0.8400732278823853,0.6068702936172485,0.36829155683517456,,,,
198,97649,,,,,0.42733025550842285,0.8183798789978027,0.6447551846504211,0.4157092273235321,,,,
198,97699,,,,,0.433941513299942,0.7994977235794067,0.6604986786842346,0.4362584948539734,,,,
198,97708,,,,,,,,,0.4387061595916748,0.7594172358512878,0.7324746251106262,0.5404003262519836
199,97749,,,,,0.4082137942314148,0.8458527326583862,0.6194025278091431,0.3836595118045807,,,,
199,97799,,,,,0.3917481303215027,0.8394989967346191,0.5873802900314331,0.34501558542251587,,,,
199,97849,,,,,0.41807684302330017,0.8323560357093811,0.6882816553115845,0.4737316370010376,,,,
199,97899,,,,,0.45391449332237244,0.7390885353088379,0.6838006377220154,0.4675833284854889,,,,
199,97949,,,,,0.50014328956604,0.7739066481590271,0.7515883445739746,0.5648850202560425,,,,
199,97999,,,,,0.37965112924575806,0.8651927709579468,0.5803776383399963,0.3368381857872009,,,,
199,98049,,,,,0.4569716453552246,0.7323816418647766,0.723407506942749,0.5233184099197388,,,,
199,98099,,,,,0.37746602296829224,0.8340696096420288,0.5864487290382385,0.34392207860946655,,,,
199,98149,,,,,0.4583345949649811,0.8358175754547119,0.7061731219291687,0.4986804723739624,,,,
199,98199,,,,,0.48820361495018005,0.7647795677185059,0.6970959901809692,0.4859428405761719,,,,
199,98199,,,,,,,,,0.43939894437789917,0.7544528841972351,0.7399033904075623,0.5514739751815796
200,98200,0.4358868896961212,0.7679810523986816,0.722430408000946,0.5269448757171631,,,,,,,,
